Id,Date,Home_or_Away,Team,Opponent,Win_Loss,Rest_Days,Points,FG_Made,FG_Attempted,3PT_FG_Made,3PT_FG_Attempted,Rebounds,Assists,Steals,Blocks,Turnovers,Season
1,2023-10-24,Home,GSW,PHX,L,,104,36,101,10,43,49,19,11,6,11,2023-24
2,2023-10-24,Away,LAL,DEN,L,,107,41,90,10,29,44,23,5,4,12,2023-24
3,2023-10-24,Away,PHX,GSW,W,,108,42,95,11,33,60,23,5,7,19,2023-24
4,2023-10-24,Home,DEN,LAL,W,,119,48,91,14,34,42,29,9,6,12,2023-24
5,2023-10-25,Away,BOS,NYK,W,,108,37,77,12,39,46,18,6,11,13,2023-24
6,2023-10-25,Home,CHA,ATL,W,,116,43,86,11,37,51,34,5,3,19,2023-24
7,2023-10-25,Home,UTA,SAC,L,,114,41,91,9,28,54,22,6,2,14,2023-24
8,2023-10-25,Home,CHI,OKC,L,,104,39,94,12,42,42,26,10,3,13,2023-24
9,2023-10-25,Away,CLE,BKN,W,,114,44,94,17,43,38,25,10,6,10,2023-24
10,2023-10-25,Home,TOR,MIN,W,,97,36,90,14,35,47,27,9,11,14,2023-24
11,2023-10-25,Away,DAL,SAS,W,,126,47,99,15,47,48,24,6,3,12,2023-24
12,2023-10-25,Home,SAS,DAL,L,,119,46,89,11,35,45,33,8,5,19,2023-24
13,2023-10-25,Away,DET,MIA,L,,102,41,92,11,32,56,28,3,13,17,2023-24
14,2023-10-25,Away,SAC,UTA,W,,130,47,102,19,51,45,29,6,8,12,2023-24
15,2023-10-25,Away,ATL,CHA,L,,110,39,93,5,29,42,24,12,1,12,2023-24
16,2023-10-25,Away,HOU,ORL,L,,86,32,79,12,34,31,19,6,3,19,2023-24
17,2023-10-25,Away,POR,LAC,L,,111,44,93,10,32,40,20,10,4,18,2023-24
18,2023-10-25,Home,IND,WAS,W,,143,56,107,20,43,51,38,10,8,12,2023-24
19,2023-10-25,Home,LAC,POR,W,,123,47,90,16,34,45,36,11,7,18,2023-24
20,2023-10-25,Home,MEM,NOP,L,,104,38,91,12,43,37,23,8,7,13,2023-24
21,2023-10-25,Home,MIA,DET,W,,103,37,92,8,22,48,22,11,3,7,2023-24
22,2023-10-25,Home,ORL,HOU,W,,116,42,87,9,34,57,19,8,6,16,2023-24
23,2023-10-25,Away,MIN,TOR,L,,94,34,100,8,31,62,20,8,9,14,2023-24
24,2023-10-25,Away,OKC,CHI,W,,124,45,82,19,39,43,30,6,4,16,2023-24
25,2023-10-25,Away,NOP,MEM,W,,111,40,85,14,32,52,22,8,5,21,2023-24
26,2023-10-25,Away,WAS,IND,L,,120,44,96,9,24,45,28,6,9,14,2023-24
27,2023-10-25,Home,BKN,CLE,L,,113,42,84,9,27,50,30,6,6,18,2023-24
28,2023-10-25,Home,NYK,BOS,L,,104,36,97,18,41,47,24,9,0,11,2023-24
29,2023-10-26,Home,LAL,PHX,W,2.0,100,36,84,5,29,42,24,14,7,16,2023-24
30,2023-10-26,Home,MIL,PHI,W,,118,41,81,11,30,43,20,9,4,14,2023-24
31,2023-10-26,Away,PHI,MIL,L,,117,41,80,16,35,39,25,8,4,15,2023-24
32,2023-10-26,Away,PHX,LAL,L,2.0,95,34,81,9,31,49,16,7,3,24,2023-24
33,2023-10-27,Away,LAC,UTA,L,2.0,118,41,77,14,35,36,17,8,6,16,2023-24
34,2023-10-27,Home,SAC,GSW,L,2.0,114,41,94,12,40,41,24,10,3,14,2023-24
35,2023-10-27,Home,CHI,TOR,W,2.0,104,37,99,8,39,52,18,10,5,17,2023-24
36,2023-10-27,Home,CLE,OKC,L,2.0,105,38,92,12,45,48,20,10,8,14,2023-24
37,2023-10-27,Home,DAL,BKN,W,2.0,125,44,91,15,36,40,20,5,2,9,2023-24
38,2023-10-27,Away,DEN,MEM,W,3.0,108,41,88,14,37,40,27,11,10,19,2023-24
39,2023-10-27,Home,CHA,DET,L,2.0,99,33,88,7,28,41,20,13,7,18,2023-24
40,2023-10-27,Away,NYK,ATL,W,2.0,126,43,90,20,44,45,30,9,6,16,2023-24
41,2023-10-27,Away,TOR,CHI,L,2.0,103,39,84,9,36,53,25,5,2,23,2023-24
42,2023-10-27,Home,ATL,NYK,L,2.0,120,42,87,12,32,44,28,7,6,14,2023-24
43,2023-10-27,Home,BOS,MIA,W,2.0,119,45,95,16,39,55,20,7,6,15,2023-24
44,2023-10-27,Away,DET,CHA,W,2.0,111,40,88,10,30,53,28,7,6,24,2023-24
45,2023-10-27,Away,BKN,DAL,L,2.0,120,45,92,21,43,47,30,5,4,16,2023-24
46,2023-10-27,Home,SAS,HOU,W,2.0,126,46,94,13,42,43,32,11,4,18,2023-24
47,2023-10-27,Away,MIA,BOS,L,2.0,111,38,89,16,33,45,24,8,6,12,2023-24
48,2023-10-27,Away,GSW,SAC,W,3.0,122,48,87,14,32,39,32,14,3,19,2023-24
49,2023-10-27,Home,UTA,LAC,W,2.0,120,42,96,16,41,45,27,7,4,14,2023-24
50,2023-10-27,Home,MEM,DEN,L,2.0,104,37,85,10,33,48,22,13,7,21,2023-24
51,2023-10-27,Away,ORL,POR,W,2.0,102,36,79,9,28,45,22,10,5,14,2023-24
52,2023-10-27,Away,OKC,CLE,W,2.0,108,40,87,13,26,47,22,8,10,18,2023-24
53,2023-10-27,Home,POR,ORL,L,2.0,97,35,88,9,32,47,15,6,1,16,2023-24
54,2023-10-27,Away,HOU,SAS,L,2.0,122,52,100,8,32,43,30,7,2,18,2023-24
55,2023-10-28,Home,TOR,PHI,L,1.0,107,38,87,17,32,41,28,5,5,13,2023-24
56,2023-10-28,Home,CLE,IND,L,1.0,113,43,99,12,31,51,29,2,6,7,2023-24
57,2023-10-28,Away,MEM,WAS,L,1.0,106,39,91,19,47,45,27,7,8,18,2023-24
58,2023-10-28,Home,PHX,UTA,W,2.0,126,45,85,10,37,39,31,10,7,11,2023-24
59,2023-10-28,Home,WAS,MEM,W,3.0,113,40,93,16,46,45,24,9,5,12,2023-24
60,2023-10-28,Away,MIA,MIN,L,1.0,90,35,87,12,38,42,24,6,1,15,2023-24
61,2023-10-28,Home,NOP,NYK,W,3.0,96,40,87,9,33,43,20,8,5,13,2023-24
62,2023-10-28,Away,NYK,NOP,L,1.0,87,33,90,7,37,59,19,7,3,19,2023-24
63,2023-10-28,Home,DET,CHI,W,1.0,118,45,86,12,28,53,29,4,4,17,2023-24
64,2023-10-28,Away,IND,CLE,W,3.0,125,48,98,15,38,48,36,3,4,8,2023-24
65,2023-10-28,Home,MIN,MIA,W,3.0,106,44,86,12,34,47,30,9,3,16,2023-24
66,2023-10-28,Away,UTA,PHX,L,1.0,104,40,91,12,37,45,26,6,5,19,2023-24
67,2023-10-28,Away,CHI,DET,L,1.0,102,39,93,11,28,33,16,10,5,8,2023-24
68,2023-10-28,Away,PHI,TOR,W,2.0,114,43,86,10,28,42,25,8,7,11,2023-24
69,2023-10-29,Home,MIL,ATL,L,3.0,110,39,86,16,44,39,22,10,3,23,2023-24
70,2023-10-29,Away,POR,PHI,L,2.0,98,36,94,7,31,42,19,10,9,16,2023-24
71,2023-10-29,Home,HOU,GSW,L,2.0,95,34,90,9,33,42,22,7,4,7,2023-24
72,2023-10-29,Home,PHI,POR,W,1.0,126,40,82,11,28,51,28,10,17,16,2023-24
73,2023-10-29,Home,OKC,DEN,L,2.0,95,37,90,6,32,29,22,8,4,10,2023-24
74,2023-10-29,Away,ATL,MIL,W,2.0,127,47,93,15,37,46,32,15,2,17,2023-24
75,2023-10-29,Away,DEN,OKC,W,2.0,128,53,88,11,27,48,34,8,5,13,2023-24
76,2023-10-29,Away,SAS,LAC,L,2.0,83,30,80,11,33,37,21,9,6,25,2023-24
77,2023-10-29,Home,LAC,SAS,W,2.0,123,47,91,16,42,48,23,15,5,16,2023-24
78,2023-10-29,Home,SAC,LAL,W,2.0,132,49,104,17,48,47,30,6,7,10,2023-24
79,2023-10-29,Away,LAL,SAC,L,3.0,127,43,98,15,45,53,27,4,4,12,2023-24
80,2023-10-29,Away,GSW,HOU,W,2.0,106,35,81,18,45,49,27,6,6,14,2023-24
81,2023-10-30,Away,DET,OKC,L,2.0,112,39,91,15,28,41,31,6,5,17,2023-24
82,2023-10-30,Home,ATL,MIN,W,1.0,127,48,86,14,30,36,28,6,7,11,2023-24
83,2023-10-30,Home,DEN,UTA,W,1.0,110,47,84,9,28,43,32,4,8,13,2023-24
84,2023-10-30,Home,NOP,GSW,L,2.0,102,38,93,10,39,39,23,8,3,11,2023-24
85,2023-10-30,Away,UTA,DEN,L,2.0,102,42,98,11,37,51,30,6,2,13,2023-24
86,2023-10-30,Away,DAL,MEM,W,3.0,125,42,84,23,47,48,24,4,7,15,2023-24
87,2023-10-30,Away,BOS,WAS,W,3.0,126,51,102,19,53,51,31,11,6,18,2023-24
88,2023-10-30,Home,WAS,BOS,L,2.0,107,39,87,11,36,40,26,12,4,15,2023-24
89,2023-10-30,Away,POR,TOR,W,1.0,99,38,85,11,35,51,20,6,7,16,2023-24
90,2023-10-30,Home,MEM,DAL,L,2.0,110,42,92,14,37,44,22,9,4,12,2023-24
91,2023-10-30,Away,BKN,CHA,W,3.0,133,49,87,12,33,46,25,4,8,14,2023-24
92,2023-10-30,Home,MIL,MIA,W,1.0,122,44,87,12,37,43,24,8,5,15,2023-24
93,2023-10-30,Away,MIN,ATL,L,2.0,113,44,90,16,33,38,24,5,5,14,2023-24
94,2023-10-30,Away,MIA,MIL,L,2.0,114,41,86,13,34,40,27,7,2,15,2023-24
95,2023-10-30,Home,OKC,DET,W,1.0,124,44,83,13,29,44,21,9,10,15,2023-24
96,2023-10-30,Home,TOR,POR,L,2.0,91,38,94,4,29,47,19,10,4,12,2023-24
97,2023-10-30,Away,GSW,NOP,W,1.0,130,51,98,15,41,64,28,6,7,15,2023-24
98,2023-10-30,Away,CHI,IND,W,2.0,112,40,87,6,17,44,19,8,6,13,2023-24
99,2023-10-30,Home,LAL,ORL,W,1.0,106,42,79,8,27,40,28,7,10,16,2023-24
100,2023-10-30,Away,ORL,LAL,L,3.0,103,38,95,14,35,44,28,10,3,11,2023-24
101,2023-10-30,Home,IND,CHI,L,2.0,105,36,88,12,46,47,26,7,5,17,2023-24
102,2023-10-30,Home,CHA,BKN,L,3.0,121,47,96,8,31,39,33,8,5,10,2023-24
103,2023-10-31,Away,NYK,CLE,W,3.0,109,38,86,13,34,48,18,9,1,14,2023-24
104,2023-10-31,Away,ORL,LAC,L,1.0,102,38,81,7,30,40,23,9,3,16,2023-24
105,2023-10-31,Away,SAS,PHX,W,2.0,115,43,92,14,37,37,25,10,9,12,2023-24
106,2023-10-31,Home,LAC,ORL,W,2.0,118,44,89,14,31,44,29,10,4,16,2023-24
107,2023-10-31,Home,PHX,SAS,L,3.0,114,42,83,18,39,43,29,8,7,19,2023-24
108,2023-10-31,Home,CLE,NYK,L,3.0,91,36,92,10,38,46,19,6,6,15,2023-24
109,2023-11-01,Away,POR,DET,W,2.0,110,38,81,7,20,44,23,10,7,17,2023-24
110,2023-11-01,Home,MIN,DEN,W,2.0,110,38,83,8,21,47,20,9,5,14,2023-24
111,2023-11-01,Home,OKC,NOP,L,2.0,106,38,88,7,34,49,23,6,5,15,2023-24
112,2023-11-01,Away,NOP,OKC,W,2.0,110,40,102,13,42,58,23,8,5,11,2023-24
113,2023-11-01,Home,TOR,MIL,W,2.0,130,51,91,15,38,50,35,7,6,18,2023-24
114,2023-11-01,Away,DEN,MIN,L,2.0,89,38,96,6,33,43,23,6,10,16,2023-24
115,2023-11-01,Home,BOS,IND,W,2.0,155,54,95,20,35,57,27,5,2,13,2023-24
116,2023-11-01,Home,LAL,LAC,W,2.0,130,46,90,11,32,51,28,10,9,14,2023-24
117,2023-11-01,Away,WAS,ATL,L,2.0,121,51,101,10,40,35,32,14,3,11,2023-24
118,2023-11-01,Away,CLE,NYK,W,1.0,95,32,74,12,32,46,22,7,5,18,2023-24
119,2023-11-01,Home,HOU,CHA,W,3.0,128,44,84,21,37,38,35,10,2,17,2023-24
120,2023-11-01,Home,DAL,CHI,W,2.0,114,37,81,20,48,45,23,7,2,15,2023-24
121,2023-11-01,Away,IND,BOS,L,2.0,104,46,101,5,37,31,26,6,6,9,2023-24
122,2023-11-01,Away,SAC,GSW,L,3.0,101,36,88,11,35,48,24,8,4,15,2023-24
123,2023-11-01,Home,GSW,SAC,W,2.0,102,39,81,11,31,36,32,5,6,18,2023-24
124,2023-11-01,Away,CHA,HOU,L,2.0,119,45,90,11,27,44,21,9,8,16,2023-24
125,2023-11-01,Away,MIL,TOR,L,2.0,111,35,76,13,34,29,19,9,2,12,2023-24
126,2023-11-01,Away,MEM,UTA,L,2.0,109,35,96,14,54,42,25,12,7,16,2023-24
127,2023-11-01,Home,NYK,CLE,L,1.0,89,32,92,5,30,50,18,10,3,14,2023-24
128,2023-11-01,Home,DET,POR,L,2.0,101,40,90,11,29,38,24,12,4,18,2023-24
129,2023-11-01,Home,UTA,MEM,W,2.0,133,47,87,22,43,50,35,7,3,21,2023-24
130,2023-11-01,Home,ATL,WAS,W,2.0,130,46,92,9,32,57,26,8,3,21,2023-24
131,2023-11-01,Away,LAC,LAL,L,1.0,125,47,99,14,34,46,22,12,1,13,2023-24
132,2023-11-01,Away,BKN,MIA,W,2.0,109,37,82,16,36,47,27,11,4,18,2023-24
133,2023-11-01,Away,CHI,DAL,L,2.0,105,42,89,11,33,43,19,10,3,13,2023-24
134,2023-11-01,Home,MIA,BKN,L,2.0,105,39,91,13,38,46,22,10,5,18,2023-24
135,2023-11-02,Home,PHX,SAS,L,2.0,121,43,80,16,32,34,26,5,4,14,2023-24
136,2023-11-02,Away,DET,NOP,L,1.0,116,41,94,13,38,48,30,4,5,16,2023-24
137,2023-11-02,Away,ORL,UTA,W,2.0,115,39,85,10,29,43,27,17,9,17,2023-24
138,2023-11-02,Home,PHI,TOR,W,4.0,114,42,92,9,25,46,21,12,3,14,2023-24
139,2023-11-02,Away,SAS,PHX,W,2.0,132,51,98,18,37,41,37,7,5,8,2023-24
140,2023-11-02,Home,NOP,DET,W,1.0,125,39,80,14,32,36,27,5,7,12,2023-24
141,2023-11-02,Away,TOR,PHI,L,1.0,99,38,79,10,28,41,30,4,3,19,2023-24
142,2023-11-02,Home,UTA,ORL,L,1.0,113,41,89,12,33,48,27,9,7,20,2023-24
143,2023-11-03,Home,MIL,NYK,W,2.0,110,35,82,20,39,41,24,6,11,14,2023-24
144,2023-11-03,Away,CLE,IND,L,2.0,116,44,84,8,28,35,27,10,9,13,2023-24
145,2023-11-03,Away,MEM,POR,L,2.0,113,47,96,10,35,48,29,8,10,17,2023-24
146,2023-11-03,Away,WAS,MIA,L,2.0,114,46,81,13,28,30,33,7,4,20,2023-24
147,2023-11-03,Home,POR,MEM,W,2.0,115,39,96,9,32,50,19,12,7,14,2023-24
148,2023-11-03,Away,BKN,CHI,W,2.0,109,44,96,18,45,39,32,4,4,11,2023-24
149,2023-11-03,Away,DAL,DEN,L,2.0,114,41,86,17,42,34,27,12,6,15,2023-24
150,2023-11-03,Home,IND,CLE,W,2.0,121,45,86,15,31,40,28,7,5,19,2023-24
151,2023-11-03,Home,MIA,WAS,W,2.0,121,48,80,13,27,37,35,9,1,21,2023-24
152,2023-11-03,Away,GSW,OKC,W,2.0,141,49,92,18,40,38,36,9,2,15,2023-24
153,2023-11-03,Home,DEN,DAL,W,2.0,125,49,93,13,30,51,33,11,6,20,2023-24
154,2023-11-03,Home,CHI,BKN,L,2.0,107,43,89,11,28,42,21,4,4,10,2023-24
155,2023-11-03,Away,NYK,MIL,L,2.0,105,38,96,10,39,56,18,6,1,11,2023-24
156,2023-11-03,Home,OKC,GSW,L,2.0,139,50,83,15,29,32,26,3,1,19,2023-24
157,2023-11-04,Home,BKN,BOS,L,1.0,114,43,100,17,52,42,22,4,5,6,2023-24
158,2023-11-04,Home,DEN,CHI,W,1.0,123,42,81,16,36,49,31,10,4,12,2023-24
159,2023-11-04,Away,PHX,PHI,L,2.0,100,32,89,9,35,42,22,11,12,11,2023-24
160,2023-11-04,Away,CHA,IND,W,3.0,125,47,88,8,20,41,23,5,10,13,2023-24
161,2023-11-04,Away,ATL,NOP,W,3.0,123,45,93,14,41,52,28,4,6,13,2023-24
162,2023-11-04,Home,ORL,LAL,W,2.0,120,46,101,12,33,51,29,6,9,16,2023-24
163,2023-11-04,Away,LAL,ORL,L,3.0,101,37,84,8,30,40,17,6,10,17,2023-24
164,2023-11-04,Away,CHI,DEN,L,1.0,101,39,86,7,26,37,28,7,3,11,2023-24
165,2023-11-04,Home,MIN,UTA,W,3.0,123,45,81,9,24,43,25,10,11,11,2023-24
166,2023-11-04,Away,BOS,BKN,W,3.0,124,43,90,15,45,50,22,4,6,11,2023-24
167,2023-11-04,Away,UTA,MIN,L,2.0,95,35,91,12,43,39,20,3,7,18,2023-24
168,2023-11-04,Home,HOU,SAC,W,3.0,107,40,87,13,36,53,28,4,3,11,2023-24
169,2023-11-04,Away,SAC,HOU,L,3.0,89,32,84,11,41,43,20,5,6,11,2023-24
170,2023-11-04,Home,NOP,ATL,L,2.0,105,40,84,8,31,35,24,9,7,11,2023-24
171,2023-11-04,Home,PHI,PHX,W,2.0,112,43,90,11,30,51,24,5,6,18,2023-24
172,2023-11-04,Home,IND,CHA,L,1.0,124,45,93,22,45,36,31,7,5,15,2023-24
173,2023-11-05,Home,POR,MEM,L,2.0,100,37,95,14,45,47,23,11,5,14,2023-24
174,2023-11-05,Away,CHA,DAL,L,1.0,118,49,99,8,30,43,30,5,2,9,2023-24
175,2023-11-05,Away,GSW,CLE,L,2.0,104,34,94,16,41,44,26,10,4,13,2023-24
176,2023-11-05,Away,PHX,DET,W,1.0,120,43,86,8,21,43,29,8,10,18,2023-24
177,2023-11-05,Home,DAL,CHA,W,2.0,124,43,91,14,42,47,31,3,6,11,2023-24
178,2023-11-05,Home,SAS,TOR,L,3.0,116,48,96,10,32,46,30,7,7,17,2023-24
179,2023-11-05,Home,DET,PHX,L,3.0,106,43,87,8,23,33,25,7,6,16,2023-24
180,2023-11-05,Away,TOR,SAS,W,3.0,123,44,97,19,48,47,29,12,6,15,2023-24
181,2023-11-05,Home,CLE,GSW,W,2.0,115,41,83,11,37,54,26,8,2,18,2023-24
182,2023-11-05,Away,MEM,POR,W,2.0,112,45,89,13,32,49,27,6,7,17,2023-24
183,2023-11-06,Home,CHI,UTA,W,2.0,130,48,93,18,34,36,26,12,3,8,2023-24
184,2023-11-06,Away,LAL,MIA,L,2.0,107,44,81,8,26,38,28,6,5,17,2023-24
185,2023-11-06,Away,GSW,DET,W,1.0,120,46,97,12,41,44,26,8,4,11,2023-24
186,2023-11-06,Home,ORL,DAL,L,2.0,102,40,85,8,27,38,27,6,4,21,2023-24
187,2023-11-06,Home,HOU,SAC,W,2.0,122,43,75,15,31,39,28,8,4,11,2023-24
188,2023-11-06,Home,OKC,ATL,W,3.0,126,45,94,14,35,49,27,7,7,13,2023-24
189,2023-11-06,Away,ATL,OKC,L,2.0,117,38,102,14,42,59,27,8,3,15,2023-24
190,2023-11-06,Away,UTA,CHI,L,2.0,113,41,86,16,43,52,32,1,7,23,2023-24
191,2023-11-06,Home,NYK,LAC,W,3.0,111,41,88,12,31,48,28,13,1,20,2023-24
192,2023-11-06,Home,BKN,MIL,L,2.0,125,49,101,16,45,46,22,2,4,8,2023-24
193,2023-11-06,Home,DET,GSW,L,1.0,109,38,80,13,30,39,23,8,2,16,2023-24
194,2023-11-06,Away,MIL,BKN,W,3.0,129,46,96,16,48,48,26,6,2,10,2023-24
195,2023-11-06,Home,PHI,WAS,W,2.0,146,51,91,12,31,45,37,12,7,16,2023-24
196,2023-11-06,Home,DEN,NOP,W,2.0,134,51,95,15,39,45,37,6,5,10,2023-24
197,2023-11-06,Away,BOS,MIN,L,2.0,109,36,92,11,39,45,20,13,2,18,2023-24
198,2023-11-06,Away,LAC,NYK,L,5.0,97,36,73,11,32,31,21,8,3,22,2023-24
199,2023-11-06,Away,WAS,PHI,L,3.0,128,49,96,14,34,38,31,6,10,19,2023-24
200,2023-11-06,Away,DAL,ORL,W,1.0,117,41,82,15,40,31,21,9,6,15,2023-24
201,2023-11-06,Home,MIA,LAL,W,3.0,108,41,88,12,37,44,30,11,4,18,2023-24
202,2023-11-06,Home,IND,SAS,W,2.0,152,55,95,20,38,49,38,7,4,15,2023-24
203,2023-11-06,Away,SAS,IND,L,1.0,111,40,94,8,26,36,26,7,5,11,2023-24
204,2023-11-06,Home,MIN,BOS,W,2.0,114,44,85,13,37,45,26,7,5,24,2023-24
205,2023-11-06,Away,NOP,DEN,L,2.0,116,45,90,13,30,38,24,6,2,13,2023-24
206,2023-11-06,Away,SAC,HOU,L,2.0,97,36,81,14,40,34,22,5,2,15,2023-24
207,2023-11-08,Away,SAS,NYK,L,2.0,105,44,90,9,34,46,31,2,7,13,2023-24
208,2023-11-08,Home,HOU,LAL,W,2.0,128,51,93,14,33,57,26,4,4,13,2023-24
209,2023-11-08,Away,TOR,DAL,W,3.0,127,49,99,11,36,50,27,10,4,12,2023-24
210,2023-11-08,Home,SAC,POR,W,2.0,121,41,89,11,37,50,32,11,6,21,2023-24
211,2023-11-08,Away,GSW,DEN,L,2.0,105,37,86,11,35,49,21,5,0,9,2023-24
212,2023-11-08,Home,CHA,WAS,L,3.0,116,41,79,8,25,47,17,8,5,22,2023-24
213,2023-11-08,Away,WAS,CHA,W,2.0,132,47,97,18,43,40,26,10,6,11,2023-24
214,2023-11-08,Home,MEM,MIA,L,3.0,102,35,90,11,37,38,20,10,4,14,2023-24
215,2023-11-08,Home,DEN,GSW,W,2.0,108,41,92,11,35,45,24,7,4,6,2023-24
216,2023-11-08,Away,UTA,IND,L,2.0,118,45,96,11,27,47,26,3,5,22,2023-24
217,2023-11-08,Away,LAC,BKN,L,2.0,93,36,91,8,36,51,22,10,8,16,2023-24
218,2023-11-08,Home,MIL,DET,W,2.0,120,41,90,11,37,36,19,8,7,10,2023-24
219,2023-11-08,Home,BKN,LAC,W,2.0,100,37,92,15,41,49,22,10,10,14,2023-24
220,2023-11-08,Home,DAL,TOR,L,2.0,116,40,84,17,41,38,25,4,6,16,2023-24
221,2023-11-08,Home,OKC,CLE,W,2.0,128,44,86,12,28,41,23,10,8,14,2023-24
222,2023-11-08,Home,NYK,SAS,W,2.0,126,46,100,19,42,47,28,7,0,4,2023-24
223,2023-11-08,Away,PHX,CHI,W,3.0,116,38,90,19,48,54,32,7,10,22,2023-24
224,2023-11-08,Away,CLE,OKC,L,3.0,120,42,83,9,29,41,26,9,5,20,2023-24
225,2023-11-08,Away,NOP,MIN,L,2.0,101,36,93,8,28,40,23,6,1,17,2023-24
226,2023-11-08,Home,IND,UTA,W,2.0,134,52,101,13,41,46,26,14,7,12,2023-24
227,2023-11-08,Away,BOS,PHI,L,2.0,103,36,91,15,47,43,28,8,6,13,2023-24
228,2023-11-08,Away,POR,SAC,L,3.0,118,44,87,8,22,36,26,10,5,18,2023-24
229,2023-11-08,Home,MIN,NOP,W,2.0,122,45,82,15,37,48,30,9,7,18,2023-24
230,2023-11-08,Home,CHI,PHX,L,2.0,115,42,96,14,33,39,30,12,7,14,2023-24
231,2023-11-08,Away,MIA,MEM,W,2.0,108,35,77,11,28,44,22,9,8,19,2023-24
232,2023-11-08,Home,PHI,BOS,W,2.0,106,42,95,9,34,56,20,7,7,14,2023-24
233,2023-11-08,Away,LAL,HOU,L,2.0,94,36,85,7,25,34,20,7,6,9,2023-24
234,2023-11-08,Away,DET,MIL,L,2.0,118,48,98,7,29,53,28,2,5,19,2023-24
235,2023-11-09,Away,MIL,IND,L,1.0,124,46,87,9,27,41,23,6,5,14,2023-24
236,2023-11-09,Home,ORL,ATL,L,3.0,119,42,90,10,27,47,19,12,6,19,2023-24
237,2023-11-09,Home,IND,MIL,W,1.0,126,44,92,20,48,40,27,6,6,13,2023-24
238,2023-11-09,Away,ATL,ORL,W,3.0,120,41,85,15,39,36,22,13,7,18,2023-24
239,2023-11-10,Away,LAC,DAL,L,2.0,126,43,88,8,27,47,21,7,2,14,2023-24
240,2023-11-10,Home,PHX,LAL,L,2.0,119,42,94,15,37,52,22,9,1,13,2023-24
241,2023-11-10,Away,CHA,WAS,W,2.0,124,50,110,6,28,67,31,10,4,10,2023-24
242,2023-11-10,Home,DAL,LAC,W,2.0,144,51,98,19,42,41,30,7,1,9,2023-24
243,2023-11-10,Away,BKN,BOS,L,2.0,107,38,85,15,37,46,26,0,3,12,2023-24
244,2023-11-10,Away,LAL,PHX,W,2.0,122,42,84,12,27,43,27,9,7,11,2023-24
245,2023-11-10,Away,PHI,DET,W,2.0,114,35,83,9,28,46,23,13,5,9,2023-24
246,2023-11-10,Home,DET,PHI,L,2.0,106,40,86,8,28,48,28,3,5,17,2023-24
247,2023-11-10,Home,HOU,NOP,W,2.0,104,36,88,10,35,42,20,9,5,9,2023-24
248,2023-11-10,Home,MEM,UTA,L,2.0,121,46,101,19,48,37,23,5,5,11,2023-24
249,2023-11-10,Away,UTA,MEM,W,2.0,127,41,76,18,37,38,28,10,12,21,2023-24
250,2023-11-10,Away,NOP,HOU,L,2.0,101,34,75,8,25,49,12,6,6,18,2023-24
251,2023-11-10,Home,SAS,MIN,L,2.0,110,43,92,12,34,38,29,9,8,14,2023-24
252,2023-11-10,Home,WAS,CHA,L,2.0,117,43,88,14,38,36,28,4,6,15,2023-24
253,2023-11-10,Home,BOS,BKN,W,2.0,121,41,94,19,52,52,29,5,3,8,2023-24
254,2023-11-10,Away,MIN,SAS,W,2.0,117,43,87,10,27,51,23,6,4,18,2023-24
255,2023-11-10,Home,SAC,OKC,W,2.0,105,38,91,13,47,52,28,10,9,18,2023-24
256,2023-11-10,Away,OKC,SAC,L,2.0,98,39,87,7,30,38,22,9,5,16,2023-24
257,2023-11-11,Home,GSW,CLE,L,3.0,110,37,90,13,38,55,26,5,3,20,2023-24
258,2023-11-11,Away,MIA,ATL,W,3.0,117,41,84,12,38,39,23,10,4,15,2023-24
259,2023-11-11,Home,BOS,TOR,W,1.0,117,47,86,15,44,46,30,1,4,13,2023-24
260,2023-11-11,Away,MIL,ORL,L,2.0,97,38,77,9,29,36,25,9,6,19,2023-24
261,2023-11-11,Home,ORL,MIL,W,2.0,112,36,84,10,26,43,24,9,2,16,2023-24
262,2023-11-11,Away,TOR,BOS,L,3.0,94,35,91,10,37,37,25,8,1,9,2023-24
263,2023-11-11,Away,CLE,GSW,W,3.0,118,37,86,11,30,45,23,13,3,11,2023-24
264,2023-11-11,Home,ATL,MIA,L,2.0,109,38,87,18,46,48,23,6,6,22,2023-24
265,2023-11-12,Away,POR,LAL,L,4.0,110,45,90,13,37,38,29,2,8,16,2023-24
266,2023-11-12,Home,BKN,WAS,W,2.0,102,37,98,12,49,66,22,6,6,19,2023-24
267,2023-11-12,Away,MIN,GSW,W,2.0,116,43,82,9,27,47,27,8,6,14,2023-24
268,2023-11-12,Home,PHI,IND,W,2.0,137,53,105,14,33,54,28,5,7,12,2023-24
269,2023-11-12,Away,CHA,NYK,L,2.0,107,44,94,12,35,36,21,5,4,12,2023-24
270,2023-11-12,Away,WAS,BKN,L,2.0,94,33,88,10,41,42,20,14,3,12,2023-24
271,2023-11-12,Away,OKC,PHX,W,2.0,111,40,82,10,27,33,23,9,8,9,2023-24
272,2023-11-12,Away,DET,CHI,L,2.0,108,38,88,11,32,49,26,4,6,16,2023-24
273,2023-11-12,Away,MEM,LAC,W,2.0,105,37,88,13,41,41,25,7,6,16,2023-24
274,2023-11-12,Home,NOP,DAL,L,2.0,124,47,92,17,36,54,31,2,3,18,2023-24
275,2023-11-12,Away,DEN,HOU,L,4.0,104,42,91,9,32,49,24,3,5,11,2023-24
276,2023-11-12,Away,MIA,SAS,W,1.0,118,39,89,12,31,41,26,7,3,7,2023-24
277,2023-11-12,Home,PHX,OKC,L,2.0,99,32,83,9,29,51,20,4,7,17,2023-24
278,2023-11-12,Away,IND,PHI,L,3.0,126,47,90,16,39,32,31,8,9,10,2023-24
279,2023-11-12,Home,LAC,MEM,L,2.0,101,37,85,12,34,41,26,9,3,16,2023-24
280,2023-11-12,Home,CHI,DET,W,4.0,119,44,91,11,30,40,22,12,6,7,2023-24
281,2023-11-12,Away,DAL,NOP,W,2.0,136,50,102,20,53,42,29,7,6,6,2023-24
282,2023-11-12,Home,SAS,MIA,L,2.0,113,42,91,19,44,50,35,3,6,17,2023-24
283,2023-11-12,Home,GSW,MIN,L,1.0,110,37,96,12,43,51,24,9,0,14,2023-24
284,2023-11-12,Home,NYK,CHA,W,4.0,129,47,87,15,36,40,25,8,4,9,2023-24
285,2023-11-12,Home,HOU,DEN,W,2.0,107,37,87,10,32,45,20,7,4,9,2023-24
286,2023-11-12,Home,LAL,POR,W,2.0,116,41,84,4,19,41,27,8,4,9,2023-24
287,2023-11-13,Home,MIL,CHI,W,2.0,118,42,89,15,47,53,23,3,5,17,2023-24
288,2023-11-13,Home,SAC,CLE,W,3.0,132,49,83,20,42,37,32,3,4,10,2023-24
289,2023-11-13,Away,WAS,TOR,L,1.0,107,43,84,12,26,38,32,11,5,22,2023-24
290,2023-11-13,Away,NYK,BOS,L,1.0,98,33,79,15,35,37,17,5,2,12,2023-24
291,2023-11-13,Away,CHI,MIL,L,1.0,109,38,100,14,42,47,24,9,7,8,2023-24
292,2023-11-13,Away,CLE,SAC,L,2.0,120,45,91,16,35,39,24,3,1,11,2023-24
293,2023-11-13,Home,TOR,WAS,W,2.0,111,45,90,4,20,48,28,11,4,19,2023-24
294,2023-11-13,Home,BOS,NYK,W,2.0,114,40,79,19,43,37,27,3,3,11,2023-24
295,2023-11-14,Home,PHI,IND,L,2.0,126,43,86,6,22,38,22,5,3,16,2023-24
296,2023-11-14,Away,MEM,LAL,L,2.0,107,39,106,20,53,33,28,8,9,9,2023-24
297,2023-11-14,Home,BKN,ORL,W,2.0,124,46,85,19,39,44,22,13,3,16,2023-24
298,2023-11-14,Away,LAC,DEN,L,2.0,108,37,86,13,29,42,21,10,1,11,2023-24
299,2023-11-14,Home,DET,ATL,L,2.0,120,47,90,10,29,42,36,9,6,17,2023-24
300,2023-11-14,Away,ORL,BKN,L,3.0,104,36,82,16,46,37,23,9,4,16,2023-24
301,2023-11-14,Away,DAL,NOP,L,2.0,110,38,90,14,42,45,25,4,3,20,2023-24
302,2023-11-14,Away,IND,PHI,W,2.0,132,48,93,13,37,41,32,7,5,11,2023-24
303,2023-11-14,Away,POR,UTA,L,2.0,99,37,88,11,35,43,23,5,6,17,2023-24
304,2023-11-14,Away,ATL,DET,W,3.0,126,45,87,12,33,41,28,9,7,14,2023-24
305,2023-11-14,Home,UTA,POR,W,4.0,115,44,95,13,43,52,26,11,6,13,2023-24
306,2023-11-14,Away,MIA,CHA,W,2.0,111,40,83,8,31,42,26,12,5,8,2023-24
307,2023-11-14,Home,NOP,DAL,W,2.0,131,49,94,14,38,42,33,17,6,13,2023-24
308,2023-11-14,Home,CHA,MIA,L,2.0,105,36,81,15,32,45,21,6,0,18,2023-24
309,2023-11-14,Home,GSW,MIN,L,2.0,101,37,88,13,39,46,28,11,2,20,2023-24
310,2023-11-14,Home,OKC,SAS,W,2.0,123,46,89,15,39,40,34,19,6,16,2023-24
311,2023-11-14,Away,SAS,OKC,L,2.0,87,36,93,9,30,43,24,7,6,25,2023-24
312,2023-11-14,Away,MIN,GSW,W,2.0,104,36,81,14,34,42,24,9,5,20,2023-24
313,2023-11-14,Home,LAL,MEM,W,2.0,134,47,81,22,35,54,30,4,10,19,2023-24
314,2023-11-14,Home,DEN,LAC,W,2.0,111,39,73,8,23,36,26,4,2,14,2023-24
315,2023-11-15,Away,ORL,CHI,W,1.0,96,32,82,8,28,46,20,12,3,15,2023-24
316,2023-11-15,Away,SAC,LAL,W,2.0,125,48,96,16,44,45,31,20,1,16,2023-24
317,2023-11-15,Away,NYK,ATL,W,2.0,116,45,94,16,34,42,29,9,2,17,2023-24
318,2023-11-15,Home,TOR,MIL,L,2.0,112,38,96,9,33,55,28,10,8,14,2023-24
319,2023-11-15,Away,DAL,WAS,W,1.0,130,48,92,17,42,46,32,6,4,10,2023-24
320,2023-11-15,Home,LAL,SAC,L,1.0,110,42,83,11,29,43,25,12,6,23,2023-24
321,2023-11-15,Home,POR,CLE,L,1.0,95,34,91,13,38,30,24,9,3,14,2023-24
322,2023-11-15,Home,CHI,ORL,L,2.0,94,33,83,9,33,53,16,7,4,19,2023-24
323,2023-11-15,Away,MIN,PHX,L,1.0,115,42,92,5,27,40,18,8,5,6,2023-24
324,2023-11-15,Away,MIL,TOR,W,2.0,128,44,85,20,39,41,25,8,9,13,2023-24
325,2023-11-15,Home,PHX,MIN,W,3.0,133,51,85,17,31,32,31,1,4,9,2023-24
326,2023-11-15,Away,CLE,POR,W,2.0,109,42,75,9,30,47,23,5,9,18,2023-24
327,2023-11-15,Home,PHI,BOS,L,1.0,107,39,85,11,30,41,18,5,1,9,2023-24
328,2023-11-15,Away,BOS,PHI,W,2.0,117,42,88,18,50,45,23,7,8,10,2023-24
329,2023-11-15,Home,ATL,NYK,L,1.0,114,41,75,12,31,30,28,11,6,15,2023-24
330,2023-11-15,Home,WAS,DAL,L,2.0,117,43,89,12,36,46,23,6,1,12,2023-24
331,2023-11-16,Home,MIA,BKN,W,2.0,122,42,81,15,35,32,26,8,3,9,2023-24
332,2023-11-16,Away,OKC,GSW,W,2.0,128,44,87,19,32,42,31,10,3,13,2023-24
333,2023-11-16,Home,GSW,OKC,L,2.0,109,40,98,14,41,49,27,5,4,16,2023-24
334,2023-11-16,Away,BKN,MIA,L,2.0,115,40,85,14,36,40,29,5,3,15,2023-24
335,2023-11-17,Home,TOR,BOS,L,2.0,105,42,87,12,33,41,29,4,1,13,2023-24
336,2023-11-17,Home,CHI,ORL,L,2.0,97,35,79,10,29,34,19,10,3,16,2023-24
337,2023-11-17,Home,CLE,DET,W,2.0,108,42,82,9,21,39,21,9,6,12,2023-24
338,2023-11-17,Away,PHI,ATL,W,2.0,126,43,88,13,30,43,32,9,4,17,2023-24
339,2023-11-17,Away,SAC,SAS,W,2.0,129,46,85,18,42,42,31,10,2,14,2023-24
340,2023-11-17,Away,MIL,CHA,W,2.0,130,49,89,22,45,49,32,4,7,13,2023-24
341,2023-11-17,Away,ORL,CHI,W,2.0,103,38,79,11,34,46,24,7,7,19,2023-24
342,2023-11-17,Away,BOS,TOR,W,2.0,108,42,92,16,46,44,29,5,4,11,2023-24
343,2023-11-17,Home,SAS,SAC,L,3.0,120,43,92,15,36,42,33,7,3,15,2023-24
344,2023-11-17,Away,LAL,POR,W,2.0,107,40,81,12,29,44,27,11,6,18,2023-24
345,2023-11-17,Home,ATL,PHI,L,2.0,116,40,89,12,33,39,24,8,4,13,2023-24
346,2023-11-17,Home,UTA,PHX,L,3.0,128,43,85,16,36,39,27,3,10,8,2023-24
347,2023-11-17,Home,WAS,NYK,L,2.0,99,37,82,10,32,32,25,4,4,14,2023-24
348,2023-11-17,Home,NOP,DEN,W,3.0,115,46,88,12,23,39,33,8,5,11,2023-24
349,2023-11-17,Away,HOU,LAC,L,5.0,100,38,88,10,31,47,24,6,5,17,2023-24
350,2023-11-17,Home,POR,LAL,L,2.0,95,36,89,10,37,48,17,11,2,19,2023-24
351,2023-11-17,Away,DET,CLE,L,3.0,100,39,91,9,35,51,20,8,6,17,2023-24
352,2023-11-17,Away,PHX,UTA,W,2.0,131,45,86,18,33,36,35,5,4,9,2023-24
353,2023-11-17,Away,NYK,WAS,W,2.0,120,45,91,16,38,48,26,5,6,11,2023-24
354,2023-11-17,Home,LAC,HOU,W,3.0,106,36,83,13,34,47,22,10,7,14,2023-24
355,2023-11-17,Away,DEN,NOP,L,3.0,110,47,96,10,40,51,37,4,3,13,2023-24
356,2023-11-17,Home,CHA,MIL,L,3.0,99,37,91,6,26,43,18,5,2,12,2023-24
357,2023-11-18,Home,GSW,OKC,L,2.0,123,44,97,18,46,49,33,6,4,16,2023-24
358,2023-11-18,Away,MIN,NOP,W,3.0,121,43,80,13,31,33,29,6,7,14,2023-24
359,2023-11-18,Home,CHI,MIA,W,1.0,102,36,81,16,45,44,24,9,6,13,2023-24
360,2023-11-18,Away,MIA,CHI,L,2.0,97,33,77,12,36,34,23,9,0,15,2023-24
361,2023-11-18,Home,NOP,MIN,L,1.0,120,44,86,12,29,40,27,9,5,17,2023-24
362,2023-11-18,Home,MIL,DAL,W,1.0,132,49,94,17,45,41,29,8,3,7,2023-24
363,2023-11-18,Away,NYK,CHA,W,1.0,122,46,91,16,37,47,27,7,4,12,2023-24
364,2023-11-18,Home,CHA,NYK,L,1.0,108,40,82,17,35,36,29,5,5,13,2023-24
365,2023-11-18,Away,OKC,GSW,W,2.0,130,52,100,8,23,47,26,8,7,12,2023-24
366,2023-11-18,Home,SAS,MEM,L,1.0,108,36,83,15,40,40,26,5,9,15,2023-24
367,2023-11-18,Away,DAL,MIL,L,3.0,125,51,103,16,47,49,27,1,2,12,2023-24
368,2023-11-18,Away,MEM,SAS,W,4.0,120,40,86,11,33,45,23,7,3,14,2023-24
369,2023-11-19,Away,OKC,POR,W,1.0,134,49,81,22,36,43,28,8,3,18,2023-24
370,2023-11-19,Away,SAC,DAL,W,2.0,129,48,90,17,40,48,34,9,3,13,2023-24
371,2023-11-19,Away,ORL,IND,W,2.0,128,43,87,7,20,42,21,10,10,15,2023-24
372,2023-11-19,Away,PHX,UTA,W,2.0,140,50,102,18,45,44,36,11,13,18,2023-24
373,2023-11-19,Home,BKN,PHI,L,3.0,99,38,81,11,28,45,24,2,8,15,2023-24
374,2023-11-19,Away,DEN,CLE,L,2.0,109,39,82,14,29,33,23,7,5,13,2023-24
375,2023-11-19,Home,IND,ORL,L,5.0,116,42,95,8,31,40,24,10,7,16,2023-24
376,2023-11-19,Home,DAL,SAC,L,1.0,113,41,88,12,34,40,23,8,2,10,2023-24
377,2023-11-19,Home,CLE,DEN,W,2.0,121,45,82,11,27,47,30,6,5,14,2023-24
378,2023-11-19,Home,LAL,HOU,W,2.0,105,39,83,6,29,42,26,13,1,18,2023-24
379,2023-11-19,Away,DET,TOR,L,2.0,113,39,83,9,26,41,25,3,3,17,2023-24
380,2023-11-19,Home,TOR,DET,W,2.0,142,55,102,14,36,47,44,10,5,8,2023-24
381,2023-11-19,Home,UTA,PHX,L,2.0,137,48,115,15,46,59,27,11,5,19,2023-24
382,2023-11-19,Away,PHI,BKN,W,2.0,121,44,94,16,35,44,32,8,4,5,2023-24
383,2023-11-19,Away,BOS,MEM,W,2.0,102,35,77,12,31,45,20,6,10,17,2023-24
384,2023-11-19,Home,MEM,BOS,L,1.0,100,37,95,17,44,42,28,7,5,11,2023-24
385,2023-11-19,Away,HOU,LAL,L,2.0,104,41,84,14,37,34,35,7,3,18,2023-24
386,2023-11-19,Home,POR,OKC,L,2.0,91,34,85,9,34,31,21,10,2,19,2023-24
387,2023-11-20,Home,GSW,HOU,W,2.0,121,36,77,21,43,43,26,3,1,8,2023-24
388,2023-11-20,Home,CHI,MIA,L,2.0,100,37,81,11,37,36,21,2,7,11,2023-24
389,2023-11-20,Home,DET,DEN,L,1.0,103,36,81,7,21,43,21,7,5,18,2023-24
390,2023-11-20,Away,HOU,GSW,L,1.0,116,44,95,13,41,48,28,6,3,8,2023-24
391,2023-11-20,Away,BOS,CHA,L,1.0,118,42,97,16,50,48,19,6,8,15,2023-24
392,2023-11-20,Away,NYK,MIN,L,2.0,100,32,92,9,38,50,16,8,3,10,2023-24
393,2023-11-20,Away,SAC,NOP,L,1.0,93,33,87,11,45,36,27,4,5,13,2023-24
394,2023-11-20,Away,LAC,SAS,W,3.0,124,45,95,12,36,51,30,15,3,7,2023-24
395,2023-11-20,Away,MIA,CHI,W,2.0,118,42,84,17,35,43,31,7,1,10,2023-24
396,2023-11-20,Home,NOP,SAC,W,2.0,129,50,92,12,28,55,38,8,6,12,2023-24
397,2023-11-20,Away,MIL,WAS,W,2.0,142,55,94,11,29,55,33,3,6,15,2023-24
398,2023-11-20,Home,CHA,BOS,W,2.0,121,46,104,13,39,57,29,9,7,13,2023-24
399,2023-11-20,Away,DEN,DET,W,1.0,107,40,87,11,28,43,30,7,8,14,2023-24
400,2023-11-20,Home,MIN,NYK,W,2.0,117,41,80,11,34,44,30,7,7,14,2023-24
401,2023-11-20,Home,WAS,MIL,L,3.0,129,55,99,10,29,26,29,6,4,4,2023-24
402,2023-11-20,Home,SAS,LAC,L,2.0,99,39,90,10,38,49,23,4,7,16,2023-24
403,2023-11-21,Home,ATL,IND,L,4.0,152,57,95,15,31,39,28,8,4,15,2023-24
404,2023-11-21,Away,CLE,PHI,W,2.0,122,46,94,9,25,56,33,9,4,16,2023-24
405,2023-11-21,Away,IND,ATL,W,2.0,157,57,94,22,45,29,35,7,11,14,2023-24
406,2023-11-21,Away,POR,PHX,L,2.0,107,38,87,14,31,30,20,8,3,13,2023-24
407,2023-11-21,Home,ORL,TOR,W,2.0,126,50,100,12,31,40,31,12,8,13,2023-24
408,2023-11-21,Home,LAL,UTA,W,2.0,131,49,86,11,29,52,35,6,5,15,2023-24
409,2023-11-21,Home,PHX,POR,W,2.0,120,43,76,7,17,38,26,8,8,15,2023-24
410,2023-11-21,Away,UTA,LAL,L,2.0,99,38,98,11,44,42,25,6,3,14,2023-24
411,2023-11-21,Away,TOR,ORL,L,2.0,107,38,75,14,28,38,29,6,6,24,2023-24
412,2023-11-21,Home,PHI,CLE,L,2.0,119,40,96,11,35,44,19,12,8,14,2023-24
413,2023-11-22,Home,SAS,LAC,L,2.0,102,35,91,11,38,44,26,8,6,14,2023-24
414,2023-11-22,Home,NOP,SAC,W,2.0,117,41,87,7,30,48,23,10,2,10,2023-24
415,2023-11-22,Home,ORL,DEN,W,1.0,124,44,81,10,29,41,27,9,7,12,2023-24
416,2023-11-22,Away,DAL,LAL,W,3.0,104,38,96,16,50,48,21,5,4,4,2023-24
417,2023-11-22,Home,HOU,MEM,W,2.0,111,40,92,14,43,49,22,6,6,7,2023-24
418,2023-11-22,Home,IND,TOR,L,1.0,131,50,91,18,39,31,33,10,6,15,2023-24
419,2023-11-22,Away,MIL,BOS,L,2.0,116,45,101,13,34,47,23,9,2,9,2023-24
420,2023-11-22,Home,MIN,PHI,W,2.0,112,43,89,10,26,48,28,10,8,13,2023-24
421,2023-11-22,Home,CHA,WAS,W,2.0,117,43,91,16,37,49,27,6,4,13,2023-24
422,2023-11-22,Away,DEN,ORL,L,2.0,119,44,93,15,35,42,29,6,2,12,2023-24
423,2023-11-22,Away,LAC,SAS,W,2.0,109,39,85,9,28,50,29,10,3,16,2023-24
424,2023-11-22,Away,MEM,HOU,L,3.0,91,27,82,7,32,46,17,3,7,9,2023-24
425,2023-11-22,Away,BKN,ATL,L,3.0,145,55,113,15,35,59,28,8,6,16,2023-24
426,2023-11-22,Away,MIA,CLE,W,2.0,129,46,88,20,35,41,30,11,7,12,2023-24
427,2023-11-22,Away,GSW,PHX,L,2.0,115,43,90,10,32,43,29,10,3,16,2023-24
428,2023-11-22,Away,WAS,CHA,L,2.0,114,44,97,11,32,47,26,7,3,10,2023-24
429,2023-11-22,Away,CHI,OKC,L,2.0,102,34,88,17,44,38,22,7,2,12,2023-24
430,2023-11-22,Home,LAL,DAL,L,1.0,101,39,84,11,29,51,26,1,2,13,2023-24
431,2023-11-22,Home,BOS,MIL,W,2.0,119,44,84,17,42,43,27,3,5,15,2023-24
432,2023-11-22,Away,TOR,IND,W,1.0,132,48,90,11,27,46,26,7,3,19,2023-24
433,2023-11-22,Home,OKC,CHI,W,3.0,116,37,75,11,29,45,24,4,12,14,2023-24
434,2023-11-22,Home,PHX,GSW,W,1.0,123,34,76,11,28,43,22,9,8,15,2023-24
435,2023-11-22,Away,UTA,POR,L,1.0,105,37,79,10,31,44,25,7,3,24,2023-24
436,2023-11-22,Home,CLE,MIA,L,1.0,96,36,77,14,30,34,25,5,6,19,2023-24
437,2023-11-22,Home,POR,UTA,W,1.0,121,47,92,17,39,37,31,9,6,14,2023-24
438,2023-11-22,Home,ATL,BKN,W,1.0,147,51,116,18,49,58,24,10,8,14,2023-24
439,2023-11-22,Away,SAC,NOP,L,2.0,112,34,76,15,44,38,22,3,1,16,2023-24
440,2023-11-22,Away,PHI,MIN,L,1.0,99,34,87,7,32,48,21,9,12,15,2023-24
441,2023-11-24,Away,CHI,TOR,L,2.0,108,42,82,12,27,37,20,5,2,13,2023-24
442,2023-11-24,Home,MIN,SAC,L,2.0,111,36,82,12,33,44,25,6,9,18,2023-24
443,2023-11-24,Away,MIA,NYK,L,2.0,98,34,87,10,37,41,20,11,0,11,2023-24
444,2023-11-24,Away,DEN,HOU,L,2.0,86,32,94,7,30,46,17,8,4,15,2023-24
445,2023-11-24,Away,SAS,GSW,L,2.0,112,45,100,12,47,46,28,10,3,20,2023-24
446,2023-11-24,Away,PHX,MEM,W,2.0,110,39,76,11,31,41,22,10,6,13,2023-24
447,2023-11-24,Home,NYK,MIA,W,4.0,100,39,81,10,29,46,21,7,2,19,2023-24
448,2023-11-24,Home,MIL,WAS,W,2.0,131,48,92,9,31,50,28,6,6,9,2023-24
449,2023-11-24,Away,BOS,ORL,L,2.0,96,31,76,7,29,31,17,10,4,15,2023-24
450,2023-11-24,Home,IND,DET,W,2.0,136,49,102,16,38,40,24,7,8,9,2023-24
451,2023-11-24,Home,TOR,CHI,W,2.0,121,44,83,13,39,40,32,8,6,14,2023-24
452,2023-11-24,Home,HOU,DEN,W,2.0,105,40,82,12,29,49,25,9,9,14,2023-24
453,2023-11-24,Away,DET,IND,L,4.0,113,43,90,7,18,43,22,6,11,14,2023-24
454,2023-11-24,Away,NOP,LAC,W,2.0,116,43,88,10,24,50,26,6,5,15,2023-24
455,2023-11-24,Home,GSW,SAS,W,2.0,118,40,81,19,42,41,35,7,2,24,2023-24
456,2023-11-24,Away,SAC,MIN,W,2.0,124,49,100,17,35,46,25,7,4,13,2023-24
457,2023-11-24,Home,ORL,BOS,W,2.0,113,43,85,11,28,48,23,5,3,18,2023-24
458,2023-11-24,Away,WAS,MIL,L,2.0,128,48,100,15,37,46,29,3,4,9,2023-24
459,2023-11-24,Home,MEM,PHX,L,2.0,89,37,80,9,33,35,22,6,2,15,2023-24
460,2023-11-24,Home,LAC,NOP,L,2.0,106,42,92,11,37,39,27,11,8,11,2023-24
461,2023-11-25,Home,LAC,DAL,W,1.0,107,38,88,8,29,57,25,2,6,13,2023-24
462,2023-11-25,Home,OKC,PHI,L,3.0,123,43,98,16,43,38,29,3,3,4,2023-24
463,2023-11-25,Away,MIA,BKN,L,1.0,97,38,87,11,34,44,24,6,3,18,2023-24
464,2023-11-25,Home,BKN,MIA,W,3.0,112,39,78,14,36,42,27,11,9,13,2023-24
465,2023-11-25,Away,DAL,LAC,L,3.0,88,34,91,9,38,37,17,6,5,9,2023-24
466,2023-11-25,Away,NOP,UTA,L,1.0,100,39,93,11,36,42,31,15,4,13,2023-24
467,2023-11-25,Home,WAS,ATL,L,1.0,108,43,88,10,38,41,33,5,6,20,2023-24
468,2023-11-25,Home,CLE,LAL,L,3.0,115,43,91,9,28,37,30,13,4,14,2023-24
469,2023-11-25,Away,LAL,CLE,W,3.0,121,47,90,9,27,44,34,9,8,18,2023-24
470,2023-11-25,Away,PHI,OKC,W,3.0,127,38,83,14,41,49,30,2,9,13,2023-24
471,2023-11-25,Home,UTA,NOP,W,3.0,105,38,87,15,43,52,23,8,6,24,2023-24
472,2023-11-25,Away,ATL,WAS,W,3.0,136,52,102,18,37,49,29,13,2,10,2023-24
473,2023-11-26,Home,DEN,SAS,W,2.0,132,50,89,12,28,45,38,8,3,20,2023-24
474,2023-11-26,Home,ORL,CHA,W,2.0,130,47,87,10,27,44,33,10,3,15,2023-24
475,2023-11-26,Home,MEM,MIN,L,2.0,97,34,88,10,37,35,24,4,4,14,2023-24
476,2023-11-26,Away,SAS,DEN,L,2.0,120,42,93,14,37,35,34,10,6,15,2023-24
477,2023-11-26,Away,ATL,BOS,L,1.0,103,36,88,19,53,43,15,5,4,16,2023-24
478,2023-11-26,Away,POR,MIL,L,4.0,102,37,91,13,32,40,21,15,4,20,2023-24
479,2023-11-26,Home,MIL,POR,W,2.0,108,35,89,14,42,52,19,13,11,17,2023-24
480,2023-11-26,Home,BKN,CHI,W,1.0,118,41,83,25,53,39,29,7,2,11,2023-24
481,2023-11-26,Away,PHX,NYK,W,2.0,116,42,91,16,38,47,27,4,11,13,2023-24
482,2023-11-26,Home,BOS,ATL,W,2.0,113,42,95,13,47,58,24,9,3,13,2023-24
483,2023-11-26,Away,CHI,BKN,L,2.0,109,40,83,12,32,40,21,3,2,11,2023-24
484,2023-11-26,Away,TOR,CLE,L,2.0,102,37,89,8,32,50,17,9,3,12,2023-24
485,2023-11-26,Away,MIN,MEM,W,2.0,119,43,81,15,34,42,30,5,5,16,2023-24
486,2023-11-26,Home,NYK,PHX,L,2.0,113,39,86,12,29,38,18,7,5,7,2023-24
487,2023-11-26,Away,CHA,ORL,L,4.0,117,44,83,13,30,36,27,6,7,18,2023-24
488,2023-11-26,Home,CLE,TOR,W,1.0,105,45,97,10,31,49,29,2,5,14,2023-24
489,2023-11-27,Away,LAL,PHI,L,2.0,94,39,83,7,28,32,23,3,4,17,2023-24
490,2023-11-27,Home,PHI,LAL,W,2.0,138,47,93,22,46,48,33,11,2,7,2023-24
491,2023-11-27,Away,POR,IND,W,1.0,114,40,85,9,18,38,20,6,4,16,2023-24
492,2023-11-27,Home,DET,WAS,L,3.0,107,43,102,8,38,49,29,7,11,17,2023-24
493,2023-11-27,Home,UTA,NOP,W,2.0,114,37,88,17,48,43,31,6,4,10,2023-24
494,2023-11-27,Away,NOP,UTA,L,2.0,112,44,88,7,22,48,27,5,1,8,2023-24
495,2023-11-27,Home,IND,POR,L,3.0,110,42,88,8,33,42,26,10,6,20,2023-24
496,2023-11-27,Away,DEN,LAC,W,1.0,113,44,92,10,22,52,28,8,6,11,2023-24
497,2023-11-27,Away,WAS,DET,W,2.0,126,45,89,10,29,46,29,8,6,16,2023-24
498,2023-11-27,Home,LAC,DEN,L,2.0,104,35,85,6,20,49,18,6,9,13,2023-24
499,2023-11-28,Home,MIA,MIL,L,3.0,124,48,94,14,30,35,32,3,5,6,2023-24
500,2023-11-28,Away,OKC,MIN,L,3.0,103,37,90,11,30,36,22,8,4,10,2023-24
501,2023-11-28,Home,CLE,ATL,W,2.0,128,50,93,13,36,55,27,8,12,17,2023-24
502,2023-11-28,Away,TOR,BKN,L,2.0,103,39,101,13,36,46,27,11,3,7,2023-24
503,2023-11-28,Home,MIN,OKC,W,2.0,106,33,78,14,33,51,18,3,9,20,2023-24
504,2023-11-28,Home,SAC,GSW,W,4.0,124,41,91,15,44,46,25,8,7,10,2023-24
505,2023-11-28,Away,HOU,DAL,L,4.0,115,42,85,8,29,40,33,2,6,12,2023-24
506,2023-11-28,Home,BOS,CHI,W,2.0,124,47,90,21,49,52,36,6,9,16,2023-24
507,2023-11-28,Away,ATL,CLE,L,2.0,105,35,101,13,44,44,21,9,3,11,2023-24
508,2023-11-28,Home,DAL,HOU,W,3.0,121,42,89,12,34,38,25,5,4,7,2023-24
509,2023-11-28,Away,CHI,BOS,L,2.0,97,39,90,9,28,37,25,11,7,8,2023-24
510,2023-11-28,Home,NYK,CHA,W,2.0,115,41,88,15,38,54,21,10,7,16,2023-24
511,2023-11-28,Home,BKN,TOR,W,2.0,115,40,89,13,38,59,26,7,8,15,2023-24
512,2023-11-28,Away,GSW,SAC,L,4.0,123,40,83,17,41,52,25,6,6,20,2023-24
513,2023-11-28,Away,MIL,MIA,W,2.0,131,47,88,13,35,45,26,3,4,9,2023-24
514,2023-11-28,Away,CHA,NYK,L,2.0,91,37,89,13,31,41,21,8,2,17,2023-24
515,2023-11-29,Away,HOU,DEN,L,1.0,124,47,86,16,41,35,27,3,5,9,2023-24
516,2023-11-29,Home,MEM,UTA,W,3.0,105,43,87,13,39,51,26,9,10,17,2023-24
517,2023-11-29,Home,DET,LAL,L,2.0,107,40,97,15,36,39,28,8,3,14,2023-24
518,2023-11-29,Away,LAL,DET,W,2.0,133,45,88,12,34,49,28,7,10,12,2023-24
519,2023-11-29,Home,DEN,HOU,W,2.0,134,48,95,19,43,41,37,4,2,4,2023-24
520,2023-11-29,Away,WAS,ORL,L,2.0,120,41,87,11,29,29,28,14,3,10,2023-24
521,2023-11-29,Home,ORL,WAS,W,3.0,139,51,84,17,27,44,34,5,6,19,2023-24
522,2023-11-29,Away,LAC,SAC,W,2.0,131,50,93,14,28,37,28,8,5,7,2023-24
523,2023-11-29,Home,TOR,PHX,W,1.0,112,42,93,10,27,49,25,7,5,10,2023-24
524,2023-11-29,Away,UTA,MEM,L,2.0,91,34,90,16,39,39,26,8,8,18,2023-24
525,2023-11-29,Home,NOP,PHI,W,2.0,124,42,78,10,30,40,33,11,4,21,2023-24
526,2023-11-29,Away,PHX,TOR,L,3.0,105,38,94,7,26,47,25,3,5,10,2023-24
527,2023-11-29,Away,PHI,NOP,L,2.0,114,42,81,14,34,30,28,8,7,21,2023-24
528,2023-11-29,Home,SAC,LAC,L,1.0,117,40,86,13,41,47,22,1,1,14,2023-24
529,2023-11-30,Away,UTA,MIN,L,1.0,90,33,87,11,34,51,22,6,4,21,2023-24
530,2023-11-30,Away,LAC,GSW,L,1.0,114,42,95,12,32,43,26,5,1,6,2023-24
531,2023-11-30,Away,ATL,SAS,W,2.0,137,49,96,14,33,37,24,14,2,10,2023-24
532,2023-11-30,Home,NYK,DET,W,2.0,118,41,88,16,41,41,25,8,3,11,2023-24
533,2023-11-30,Away,CHA,BKN,W,2.0,129,46,91,21,36,41,30,6,7,9,2023-24
534,2023-11-30,Away,IND,MIA,L,3.0,132,50,98,11,43,34,30,11,5,10,2023-24
535,2023-11-30,Home,BKN,CHA,L,2.0,128,52,105,14,36,52,21,6,4,9,2023-24
536,2023-11-30,Away,LAL,OKC,L,1.0,110,36,81,11,33,41,24,6,2,14,2023-24
537,2023-11-30,Home,MIN,UTA,W,2.0,101,39,89,13,35,42,29,13,7,12,2023-24
538,2023-11-30,Home,SAS,ATL,L,4.0,135,48,89,18,41,47,34,4,7,21,2023-24
539,2023-11-30,Home,GSW,LAC,W,2.0,120,41,82,15,39,47,30,3,4,9,2023-24
540,2023-11-30,Away,DET,NYK,L,1.0,112,43,81,15,35,42,22,4,3,20,2023-24
541,2023-11-30,Home,CHI,MIL,W,2.0,120,45,98,13,37,51,32,14,4,21,2023-24
542,2023-11-30,Away,POR,CLE,W,3.0,103,39,77,14,35,40,29,10,4,23,2023-24
543,2023-11-30,Home,CLE,POR,L,2.0,95,38,89,7,32,35,25,12,2,19,2023-24
544,2023-11-30,Home,MIA,IND,W,2.0,142,48,86,8,21,48,25,4,1,14,2023-24
545,2023-11-30,Away,MIL,CHI,L,2.0,113,44,98,16,48,43,28,12,6,21,2023-24
546,2023-11-30,Home,OKC,LAL,W,2.0,133,50,94,14,42,48,29,9,6,9,2023-24
547,2023-12-01,Home,DAL,MEM,L,3.0,94,34,92,12,39,42,27,9,5,12,2023-24
548,2023-12-01,Away,PHI,BOS,L,2.0,119,43,94,16,35,42,16,16,5,16,2023-24
549,2023-12-01,Away,WAS,ORL,L,2.0,125,45,89,13,28,40,25,8,5,14,2023-24
550,2023-12-01,Home,NOP,SAS,W,2.0,121,42,85,10,31,42,26,8,6,12,2023-24
551,2023-12-01,Away,DEN,PHX,W,2.0,119,50,88,12,32,32,38,8,4,9,2023-24
552,2023-12-01,Away,MEM,DAL,W,2.0,108,44,90,11,34,52,27,8,12,15,2023-24
553,2023-12-01,Home,BOS,PHI,W,3.0,125,39,77,16,33,46,25,10,8,20,2023-24
554,2023-12-01,Home,ORL,WAS,W,2.0,130,46,89,12,31,44,35,6,8,15,2023-24
555,2023-12-01,Away,SAS,NOP,L,1.0,106,38,83,16,39,39,28,5,5,20,2023-24
556,2023-12-01,Home,TOR,NYK,L,2.0,106,44,100,6,32,48,32,7,6,12,2023-24
557,2023-12-01,Home,PHX,DEN,L,2.0,111,39,84,9,27,43,22,4,9,12,2023-24
558,2023-12-01,Away,NYK,TOR,W,1.0,119,45,90,16,36,43,30,6,3,13,2023-24
559,2023-12-02,Away,ATL,MIL,L,2.0,121,45,101,15,38,40,23,11,4,11,2023-24
560,2023-12-02,Home,SAC,DEN,W,3.0,123,48,99,16,34,47,33,7,5,11,2023-24
561,2023-12-02,Away,ORL,BKN,L,1.0,101,35,88,9,29,37,24,3,5,11,2023-24
562,2023-12-02,Away,CLE,DET,W,2.0,110,44,89,10,30,43,25,11,1,11,2023-24
563,2023-12-02,Home,CHI,NOP,W,2.0,124,48,88,17,40,41,32,6,8,13,2023-24
564,2023-12-02,Away,NOP,CHI,L,1.0,118,41,82,8,25,39,20,10,1,12,2023-24
565,2023-12-02,Home,PHX,MEM,W,1.0,116,36,83,9,26,44,24,10,5,17,2023-24
566,2023-12-02,Away,IND,MIA,W,2.0,144,56,85,16,32,32,35,4,8,10,2023-24
567,2023-12-02,Away,DEN,SAC,L,1.0,117,49,99,6,25,46,35,9,7,11,2023-24
568,2023-12-02,Home,LAC,GSW,W,2.0,113,44,90,13,39,40,31,5,6,11,2023-24
569,2023-12-02,Away,GSW,LAC,L,2.0,112,38,86,17,43,42,31,5,4,15,2023-24
570,2023-12-02,Home,DAL,OKC,L,1.0,120,39,87,19,52,47,26,5,12,16,2023-24
571,2023-12-02,Home,BKN,ORL,W,2.0,129,46,91,14,34,57,31,4,8,11,2023-24
572,2023-12-02,Home,MIL,ATL,W,2.0,132,53,89,14,33,44,33,5,6,16,2023-24
573,2023-12-02,Home,MIA,IND,L,2.0,129,48,89,12,25,28,27,3,1,12,2023-24
574,2023-12-02,Away,POR,UTA,L,2.0,113,38,95,13,40,40,17,11,5,11,2023-24
575,2023-12-02,Home,LAL,HOU,W,2.0,107,40,89,8,27,48,24,11,7,12,2023-24
576,2023-12-02,Home,CHA,MIN,L,2.0,117,44,91,12,25,36,29,6,4,8,2023-24
577,2023-12-02,Away,MEM,PHX,L,1.0,109,39,86,9,31,40,14,9,8,17,2023-24
578,2023-12-02,Away,MIN,CHA,W,2.0,123,43,84,11,31,41,26,5,3,11,2023-24
579,2023-12-02,Home,UTA,POR,W,2.0,118,46,94,7,34,56,27,5,11,18,2023-24
580,2023-12-02,Away,HOU,LAL,L,3.0,97,36,89,11,31,54,24,5,7,17,2023-24
581,2023-12-02,Away,OKC,DAL,W,2.0,126,44,100,20,44,50,24,8,5,13,2023-24
582,2023-12-02,Home,DET,CLE,L,2.0,101,39,83,8,30,49,24,9,3,16,2023-24
583,2023-12-04,Away,BOS,IND,L,3.0,112,46,97,12,41,56,27,5,9,18,2023-24
584,2023-12-04,Home,SAC,NOP,L,2.0,117,38,85,14,41,38,29,8,2,14,2023-24
585,2023-12-04,Home,IND,BOS,W,2.0,122,43,94,19,40,41,28,8,4,6,2023-24
586,2023-12-04,Away,NOP,SAC,W,2.0,127,47,87,14,31,42,29,12,7,14,2023-24
587,2023-12-05,Away,NYK,MIL,L,4.0,122,43,87,7,23,36,27,8,4,17,2023-24
588,2023-12-05,Home,LAL,PHX,W,3.0,106,38,102,9,30,45,24,11,2,10,2023-24
589,2023-12-05,Home,MIL,NYK,W,3.0,146,55,91,23,38,37,32,12,6,12,2023-24
590,2023-12-05,Away,PHX,LAL,L,3.0,103,37,75,12,25,44,25,8,5,22,2023-24
591,2023-12-06,Away,BKN,ATL,W,4.0,114,43,94,11,27,45,24,7,6,12,2023-24
592,2023-12-06,Home,TOR,MIA,L,5.0,103,37,86,14,37,46,29,3,8,14,2023-24
593,2023-12-06,Home,DAL,UTA,W,4.0,147,56,101,22,49,47,37,11,5,8,2023-24
594,2023-12-06,Home,ATL,BKN,L,4.0,113,42,94,12,35,49,25,5,4,13,2023-24
595,2023-12-06,Away,SAS,MIN,L,5.0,94,38,101,8,36,49,23,7,4,12,2023-24
596,2023-12-06,Home,HOU,OKC,W,4.0,110,40,83,15,33,53,28,6,5,21,2023-24
597,2023-12-06,Home,LAC,DEN,W,4.0,111,40,87,12,27,51,21,7,9,11,2023-24
598,2023-12-06,Home,GSW,POR,W,4.0,110,36,86,10,34,50,20,4,3,17,2023-24
599,2023-12-06,Away,DEN,LAC,L,4.0,102,41,98,12,31,46,29,7,5,11,2023-24
600,2023-12-06,Home,CLE,ORL,W,4.0,121,46,86,14,34,45,29,5,2,17,2023-24
601,2023-12-06,Home,DET,MEM,L,4.0,102,41,91,11,35,42,30,9,6,17,2023-24
602,2023-12-06,Away,CHA,CHI,L,4.0,100,39,90,10,37,42,25,9,9,17,2023-24
603,2023-12-06,Away,POR,GSW,L,4.0,106,39,95,16,46,40,22,8,3,10,2023-24
604,2023-12-06,Away,ORL,CLE,L,4.0,111,41,84,2,23,36,22,10,6,11,2023-24
605,2023-12-06,Away,OKC,HOU,L,4.0,101,37,87,8,29,30,22,14,10,9,2023-24
606,2023-12-06,Home,CHI,CHA,W,4.0,111,38,90,12,25,57,23,6,6,16,2023-24
607,2023-12-06,Home,WAS,PHI,L,5.0,126,52,92,14,35,32,39,8,6,11,2023-24
608,2023-12-06,Home,MIN,SAS,W,4.0,102,36,87,12,40,55,20,4,10,14,2023-24
609,2023-12-06,Away,PHI,WAS,W,5.0,131,47,92,8,27,43,29,7,2,11,2023-24
610,2023-12-06,Away,MIA,TOR,W,4.0,112,41,89,14,38,44,33,5,4,7,2023-24
611,2023-12-06,Away,MEM,DET,W,4.0,116,47,91,11,26,46,26,10,8,14,2023-24
612,2023-12-06,Away,UTA,DAL,L,4.0,97,35,87,12,33,43,22,6,3,19,2023-24
613,2023-12-07,Home,LAL,NOP,W,2.0,133,47,86,17,35,59,31,6,4,15,2023-24
614,2023-12-07,Home,MIL,IND,L,2.0,119,43,96,12,33,46,19,3,9,12,2023-24
615,2023-12-07,Away,IND,MIL,W,3.0,128,50,102,7,33,51,30,9,8,10,2023-24
616,2023-12-07,Away,NOP,LAL,L,3.0,89,34,95,7,31,42,22,7,5,12,2023-24
617,2023-12-08,Away,HOU,DEN,W,2.0,114,35,82,13,39,47,21,3,3,10,2023-24
618,2023-12-08,Away,LAC,UTA,W,2.0,117,43,88,15,34,40,23,8,9,14,2023-24
619,2023-12-08,Home,MEM,MIN,L,2.0,103,37,86,15,35,28,24,7,4,10,2023-24
620,2023-12-08,Away,DET,ORL,L,2.0,91,34,81,6,30,38,17,3,2,16,2023-24
621,2023-12-08,Away,GSW,OKC,L,2.0,136,49,104,19,48,60,29,3,2,29,2023-24
622,2023-12-08,Home,POR,DAL,L,2.0,112,39,105,18,53,48,20,9,1,15,2023-24
623,2023-12-08,Home,PHI,ATL,W,2.0,125,42,87,11,30,48,24,6,8,11,2023-24
624,2023-12-08,Home,PHX,SAC,L,3.0,106,40,83,11,32,40,26,8,5,11,2023-24
625,2023-12-08,Away,SAC,PHX,W,4.0,114,42,92,14,39,50,25,7,0,13,2023-24
626,2023-12-08,Away,DAL,POR,W,2.0,125,47,91,12,39,42,26,8,5,15,2023-24
627,2023-12-08,Home,BKN,WAS,W,2.0,124,50,104,10,33,55,27,8,8,11,2023-24
628,2023-12-08,Home,DEN,HOU,L,2.0,106,38,90,10,28,47,22,4,5,10,2023-24
629,2023-12-08,Home,ORL,DET,W,2.0,123,49,89,10,26,45,26,5,4,10,2023-24
630,2023-12-08,Home,SAS,CHI,L,2.0,112,39,83,17,42,44,35,4,9,13,2023-24
631,2023-12-08,Home,MIA,CLE,L,2.0,99,37,86,15,42,37,23,5,5,18,2023-24
632,2023-12-08,Home,OKC,GSW,W,2.0,138,51,98,5,29,39,15,17,7,11,2023-24
633,2023-12-08,Away,CHI,SAS,W,2.0,121,47,102,13,28,56,27,9,2,8,2023-24
634,2023-12-08,Home,CHA,TOR,W,2.0,119,44,79,13,25,31,30,7,4,16,2023-24
635,2023-12-08,Away,MIN,MEM,W,2.0,127,44,88,15,38,54,30,4,8,13,2023-24
636,2023-12-08,Home,UTA,LAC,L,2.0,103,38,84,9,31,40,23,10,10,16,2023-24
637,2023-12-08,Away,WAS,BKN,L,2.0,97,38,91,6,33,41,19,4,7,16,2023-24
638,2023-12-08,Away,CLE,MIA,W,2.0,111,40,87,14,38,51,21,13,2,13,2023-24
639,2023-12-08,Home,BOS,NYK,W,4.0,133,48,91,19,47,34,24,8,5,8,2023-24
640,2023-12-08,Away,NYK,BOS,L,3.0,123,44,88,15,37,44,28,4,3,14,2023-24
641,2023-12-08,Away,TOR,CHA,L,2.0,116,47,93,6,32,42,32,7,2,14,2023-24
642,2023-12-08,Away,ATL,PHI,L,2.0,114,41,104,13,39,55,20,3,4,14,2023-24
643,2023-12-11,Away,TOR,NYK,L,3.0,130,47,96,14,39,38,32,12,0,10,2023-24
644,2023-12-11,Away,SAS,HOU,L,3.0,82,31,87,5,41,51,20,9,5,17,2023-24
645,2023-12-11,Away,MIA,CHA,W,3.0,116,37,77,15,35,43,31,7,3,11,2023-24
646,2023-12-11,Home,DET,IND,L,3.0,123,45,81,10,29,30,26,11,4,15,2023-24
647,2023-12-11,Home,ATL,DEN,L,3.0,122,44,96,17,44,35,25,9,2,10,2023-24
648,2023-12-11,Away,MIN,NOP,L,3.0,107,40,91,13,36,47,26,5,3,14,2023-24
649,2023-12-11,Home,NOP,MIN,W,4.0,121,40,82,10,27,47,27,7,7,14,2023-24
650,2023-12-11,Away,BKN,SAC,L,3.0,118,42,88,14,29,41,24,4,6,13,2023-24
651,2023-12-11,Away,CHI,MIL,L,3.0,129,47,114,15,34,51,25,3,4,6,2023-24
652,2023-12-11,Away,POR,LAC,L,3.0,127,43,90,19,40,36,25,5,4,12,2023-24
653,2023-12-11,Away,DEN,ATL,W,3.0,129,47,88,12,29,49,29,9,8,16,2023-24
654,2023-12-11,Away,CLE,ORL,L,3.0,94,30,85,9,40,48,15,10,3,14,2023-24
655,2023-12-11,Home,LAC,POR,W,3.0,132,49,89,13,34,35,33,7,9,9,2023-24
656,2023-12-11,Away,IND,DET,W,4.0,131,52,92,13,31,43,33,8,5,18,2023-24
657,2023-12-11,Home,PHI,WAS,W,3.0,146,52,95,20,46,47,37,14,6,14,2023-24
658,2023-12-11,Away,DAL,MEM,W,3.0,120,43,86,17,40,43,27,8,9,17,2023-24
659,2023-12-11,Home,MEM,DAL,L,3.0,113,41,89,18,44,38,26,9,5,18,2023-24
660,2023-12-11,Home,MIL,CHI,W,4.0,133,44,86,15,37,48,34,5,4,11,2023-24
661,2023-12-11,Home,OKC,UTA,W,3.0,134,50,96,18,38,39,35,9,7,12,2023-24
662,2023-12-11,Away,UTA,OKC,L,3.0,120,44,92,12,38,41,32,9,9,17,2023-24
663,2023-12-11,Home,CHA,MIA,L,3.0,114,40,84,17,41,31,31,3,2,11,2023-24
664,2023-12-11,Home,NYK,TOR,W,3.0,136,52,86,17,29,42,36,5,3,15,2023-24
665,2023-12-11,Away,WAS,PHI,L,3.0,101,36,85,9,31,44,21,5,2,22,2023-24
666,2023-12-11,Home,ORL,CLE,W,3.0,104,39,84,7,26,43,22,7,8,14,2023-24
667,2023-12-11,Home,HOU,SAS,W,3.0,93,32,93,12,39,60,20,7,2,16,2023-24
668,2023-12-11,Home,SAC,BKN,W,3.0,131,48,94,25,45,43,38,4,3,13,2023-24
669,2023-12-12,Home,PHX,GSW,W,4.0,119,38,84,14,39,41,27,8,7,15,2023-24
670,2023-12-12,Home,DAL,LAL,W,1.0,127,44,89,21,43,36,28,7,5,10,2023-24
671,2023-12-12,Home,CHI,DEN,L,1.0,106,36,86,13,40,41,26,6,9,14,2023-24
672,2023-12-12,Away,LAL,DAL,L,5.0,125,49,91,15,29,40,34,4,4,15,2023-24
673,2023-12-12,Away,GSW,PHX,L,4.0,116,41,92,16,46,51,26,9,1,15,2023-24
674,2023-12-12,Home,BOS,CLE,W,4.0,120,38,84,18,44,45,23,9,9,15,2023-24
675,2023-12-12,Away,SAC,LAC,L,1.0,99,36,86,10,37,38,27,8,2,14,2023-24
676,2023-12-12,Home,LAC,SAC,W,1.0,119,44,84,11,29,49,21,7,2,17,2023-24
677,2023-12-12,Away,DEN,CHI,W,1.0,114,39,83,14,30,46,28,4,4,11,2023-24
678,2023-12-12,Away,CLE,BOS,L,1.0,113,44,92,19,45,35,27,6,4,13,2023-24
679,2023-12-13,Home,MIA,CHA,W,2.0,115,41,86,15,30,47,29,10,3,23,2023-24
680,2023-12-13,Away,MEM,HOU,L,2.0,104,35,82,10,38,39,25,7,4,11,2023-24
681,2023-12-13,Home,TOR,ATL,W,2.0,135,50,87,18,34,47,39,3,9,15,2023-24
682,2023-12-13,Away,CHA,MIA,L,2.0,104,41,77,12,31,31,27,11,5,21,2023-24
683,2023-12-13,Home,UTA,NYK,W,2.0,117,43,98,16,42,53,31,5,4,16,2023-24
684,2023-12-13,Home,MIL,IND,W,2.0,140,48,89,7,27,43,27,8,8,16,2023-24
685,2023-12-13,Away,ATL,TOR,L,2.0,128,48,100,18,41,42,32,9,8,7,2023-24
686,2023-12-13,Home,HOU,MEM,W,2.0,117,39,86,12,32,58,23,6,3,19,2023-24
687,2023-12-13,Away,PHI,DET,W,2.0,129,45,87,11,30,53,28,6,4,11,2023-24
688,2023-12-13,Home,PHX,BKN,L,1.0,112,40,84,9,28,49,28,5,4,12,2023-24
689,2023-12-13,Home,WAS,NOP,L,2.0,122,42,82,19,44,33,28,7,6,15,2023-24
690,2023-12-13,Away,LAL,SAS,W,1.0,122,49,91,14,35,46,31,14,4,16,2023-24
691,2023-12-13,Away,IND,MIL,L,2.0,126,45,100,11,36,45,30,7,6,18,2023-24
692,2023-12-13,Away,BKN,PHX,W,2.0,116,41,89,15,41,36,24,9,4,7,2023-24
693,2023-12-13,Home,DET,PHI,L,2.0,111,39,88,10,33,35,24,6,3,10,2023-24
694,2023-12-13,Away,NYK,UTA,L,2.0,113,41,94,9,39,46,21,10,4,11,2023-24
695,2023-12-13,Home,SAS,LAL,L,2.0,119,45,96,16,37,46,28,8,6,17,2023-24
696,2023-12-13,Away,NOP,WAS,W,2.0,142,50,96,16,34,46,30,11,3,10,2023-24
697,2023-12-14,Away,MIN,DAL,W,3.0,119,44,88,14,31,45,30,9,4,17,2023-24
698,2023-12-14,Away,UTA,POR,W,1.0,122,49,92,11,33,45,27,9,9,11,2023-24
699,2023-12-14,Away,CHI,MIA,W,2.0,124,45,93,14,36,43,32,8,2,5,2023-24
700,2023-12-14,Home,BOS,CLE,W,2.0,116,43,85,13,36,44,22,7,8,13,2023-24
701,2023-12-14,Home,DAL,MIN,L,2.0,101,39,83,7,32,34,21,6,2,16,2023-24
702,2023-12-14,Away,GSW,LAC,L,2.0,113,40,92,16,45,43,22,8,2,13,2023-24
703,2023-12-14,Home,LAC,GSW,W,2.0,121,41,81,13,32,40,27,6,9,14,2023-24
704,2023-12-14,Away,CLE,BOS,L,2.0,107,40,83,11,33,39,21,7,1,16,2023-24
705,2023-12-14,Away,BKN,DEN,L,1.0,101,39,95,8,30,53,28,5,4,16,2023-24
706,2023-12-14,Away,OKC,SAC,L,3.0,123,44,102,11,36,44,26,8,7,14,2023-24
707,2023-12-14,Home,DEN,BKN,W,2.0,124,47,99,12,36,48,31,13,6,9,2023-24
708,2023-12-14,Home,POR,UTA,L,3.0,114,43,103,16,45,49,30,9,4,11,2023-24
709,2023-12-14,Home,SAC,OKC,W,2.0,128,47,95,18,45,47,32,6,4,17,2023-24
710,2023-12-14,Home,MIA,CHI,L,1.0,116,37,80,15,34,42,26,2,1,11,2023-24
711,2023-12-15,Away,IND,WAS,L,2.0,123,48,107,15,40,41,35,7,8,15,2023-24
712,2023-12-15,Away,DET,PHI,L,2.0,92,35,81,4,21,42,19,3,7,21,2023-24
713,2023-12-15,Away,HOU,MEM,W,2.0,103,32,88,11,29,51,18,10,10,11,2023-24
714,2023-12-15,Home,SAS,LAL,W,2.0,129,47,95,18,42,45,35,5,5,9,2023-24
715,2023-12-15,Home,PHX,NYK,L,2.0,122,47,90,11,28,33,30,4,3,12,2023-24
716,2023-12-15,Away,NYK,PHX,W,2.0,139,49,82,17,29,38,28,9,5,11,2023-24
717,2023-12-15,Away,ORL,BOS,L,4.0,111,42,87,14,35,45,25,5,2,21,2023-24
718,2023-12-15,Home,TOR,ATL,L,2.0,104,40,77,10,31,32,30,8,6,14,2023-24
719,2023-12-15,Away,LAL,SAS,L,2.0,115,43,89,11,36,43,32,5,5,6,2023-24
720,2023-12-15,Home,BOS,ORL,W,1.0,128,48,92,18,42,34,31,14,7,11,2023-24
721,2023-12-15,Away,NOP,CHA,W,2.0,112,38,80,9,27,49,24,4,5,16,2023-24
722,2023-12-15,Home,CHA,NOP,L,2.0,107,41,92,9,31,39,18,7,4,8,2023-24
723,2023-12-15,Away,ATL,TOR,W,2.0,125,52,101,16,41,55,34,4,4,14,2023-24
724,2023-12-15,Home,MEM,HOU,L,2.0,96,37,92,11,40,48,19,4,8,18,2023-24
725,2023-12-15,Home,WAS,IND,W,2.0,137,52,92,13,27,47,36,7,8,19,2023-24
726,2023-12-15,Home,PHI,DET,W,2.0,124,41,98,14,37,54,24,17,8,12,2023-24
727,2023-12-16,Away,OKC,DEN,W,2.0,118,43,84,7,21,40,22,4,9,11,2023-24
728,2023-12-16,Home,MIL,DET,W,3.0,146,50,88,19,42,49,24,5,8,15,2023-24
729,2023-12-16,Away,ATL,CLE,L,1.0,119,41,85,15,36,34,21,5,4,11,2023-24
730,2023-12-16,Home,DEN,OKC,L,2.0,117,42,93,12,32,46,30,5,0,9,2023-24
731,2023-12-16,Home,POR,DAL,L,2.0,120,47,94,7,32,44,17,8,2,11,2023-24
732,2023-12-16,Away,DAL,POR,W,2.0,131,48,97,16,47,47,27,7,2,13,2023-24
733,2023-12-16,Home,MIA,CHI,W,2.0,118,43,83,13,35,31,26,7,2,10,2023-24
734,2023-12-16,Away,NYK,LAC,L,1.0,122,44,94,11,35,39,20,7,4,10,2023-24
735,2023-12-16,Away,PHI,CHA,W,1.0,135,53,88,14,31,45,30,10,6,10,2023-24
736,2023-12-16,Home,CLE,ATL,W,2.0,127,49,101,16,42,49,32,8,3,11,2023-24
737,2023-12-16,Home,LAC,NYK,W,2.0,144,50,88,16,33,42,36,8,6,9,2023-24
738,2023-12-16,Away,CHI,MIA,L,2.0,116,37,77,16,38,40,25,8,4,15,2023-24
739,2023-12-16,Home,GSW,BKN,W,2.0,124,44,91,17,32,42,29,7,5,14,2023-24
740,2023-12-16,Away,UTA,SAC,L,2.0,104,38,86,12,37,37,28,8,3,13,2023-24
741,2023-12-16,Away,BKN,GSW,L,2.0,120,45,93,17,43,42,31,6,8,16,2023-24
742,2023-12-16,Away,IND,MIN,L,1.0,109,45,90,6,21,40,25,10,6,15,2023-24
743,2023-12-16,Home,CHA,PHI,L,1.0,82,33,91,7,35,36,15,3,4,13,2023-24
744,2023-12-16,Home,SAC,UTA,W,2.0,125,46,85,22,45,45,36,6,2,18,2023-24
745,2023-12-16,Home,MIN,IND,W,2.0,127,48,86,18,30,36,33,10,4,15,2023-24
746,2023-12-16,Away,DET,MIL,L,1.0,114,43,96,6,28,36,25,10,4,8,2023-24
747,2023-12-17,Away,GSW,POR,W,1.0,118,46,87,13,38,43,31,10,4,14,2023-24
748,2023-12-17,Home,BOS,ORL,W,2.0,114,45,95,17,36,55,18,4,10,14,2023-24
749,2023-12-17,Away,ORL,BOS,L,2.0,97,34,89,11,36,43,18,7,4,9,2023-24
750,2023-12-17,Home,MIL,HOU,W,1.0,128,45,90,13,36,46,25,4,1,17,2023-24
751,2023-12-17,Home,POR,GSW,L,1.0,114,40,85,13,35,37,23,10,4,14,2023-24
752,2023-12-17,Away,HOU,MIL,L,2.0,119,45,85,11,27,31,26,8,4,10,2023-24
753,2023-12-17,Home,PHX,WAS,W,2.0,112,41,90,7,31,54,29,8,6,17,2023-24
754,2023-12-17,Away,NOP,SAS,W,2.0,146,55,98,22,42,51,38,11,3,15,2023-24
755,2023-12-17,Home,SAS,NOP,L,2.0,110,40,94,15,42,39,29,6,6,13,2023-24
756,2023-12-17,Away,WAS,PHX,L,2.0,108,39,95,14,46,44,24,8,6,10,2023-24
757,2023-12-18,Home,UTA,BKN,W,2.0,125,45,91,14,34,51,30,6,8,14,2023-24
758,2023-12-18,Away,LAC,IND,W,2.0,151,56,98,19,38,46,26,4,9,11,2023-24
759,2023-12-18,Away,CHI,PHI,W,2.0,108,42,89,12,29,45,24,7,9,10,2023-24
760,2023-12-18,Away,DET,ATL,L,2.0,124,48,94,9,22,36,23,7,3,13,2023-24
761,2023-12-18,Home,DEN,DAL,W,2.0,130,49,87,14,26,46,29,7,4,9,2023-24
762,2023-12-18,Home,LAL,NYK,L,3.0,109,42,99,13,41,41,29,9,3,10,2023-24
763,2023-12-18,Home,OKC,MEM,W,2.0,116,42,92,11,36,53,31,11,10,12,2023-24
764,2023-12-18,Home,MIA,MIN,L,2.0,108,41,87,11,30,40,27,10,4,15,2023-24
765,2023-12-18,Home,ATL,DET,W,2.0,130,46,85,16,36,40,25,6,10,18,2023-24
766,2023-12-18,Home,SAC,WAS,W,2.0,143,53,100,17,43,42,35,8,5,7,2023-24
767,2023-12-18,Home,PHI,CHI,L,2.0,104,38,88,11,32,44,23,8,8,12,2023-24
768,2023-12-18,Away,MIN,MIA,W,2.0,112,42,85,11,29,45,27,10,9,14,2023-24
769,2023-12-18,Away,MEM,OKC,L,3.0,97,30,85,19,54,45,25,6,3,22,2023-24
770,2023-12-18,Away,HOU,CLE,L,1.0,130,47,102,12,33,47,34,9,5,14,2023-24
771,2023-12-18,Home,IND,LAC,L,2.0,127,49,95,12,33,34,38,6,7,11,2023-24
772,2023-12-18,Away,NYK,LAL,W,2.0,114,42,88,10,30,52,21,5,6,16,2023-24
773,2023-12-18,Away,BKN,UTA,L,2.0,108,39,90,16,39,36,25,4,9,14,2023-24
774,2023-12-18,Away,CHA,TOR,L,2.0,99,39,89,8,32,36,18,8,6,13,2023-24
775,2023-12-18,Away,WAS,SAC,L,1.0,131,44,85,18,38,39,26,3,6,12,2023-24
776,2023-12-18,Away,DAL,DEN,L,2.0,104,41,92,13,38,43,19,2,0,11,2023-24
777,2023-12-18,Home,CLE,HOU,W,2.0,135,47,97,19,48,38,29,7,8,12,2023-24
778,2023-12-18,Home,TOR,CHA,W,3.0,114,44,86,8,29,51,30,4,4,19,2023-24
779,2023-12-19,Away,MEM,NOP,W,1.0,115,41,82,10,31,42,19,5,7,18,2023-24
780,2023-12-19,Home,POR,PHX,W,2.0,109,39,87,14,28,42,23,8,4,17,2023-24
781,2023-12-19,Away,PHX,POR,L,2.0,104,42,94,5,23,47,23,10,6,15,2023-24
782,2023-12-19,Away,BOS,GSW,L,2.0,126,47,114,17,58,55,28,6,5,8,2023-24
783,2023-12-19,Home,NOP,MEM,L,2.0,113,40,85,11,25,39,23,4,3,11,2023-24
784,2023-12-19,Home,GSW,BOS,W,2.0,132,50,109,20,50,59,29,4,5,10,2023-24
785,2023-12-19,Home,MIL,SAS,W,2.0,132,50,106,18,49,47,34,11,7,7,2023-24
786,2023-12-19,Away,SAS,MIL,L,2.0,119,46,96,9,30,52,27,4,4,16,2023-24
787,2023-12-20,Away,MIA,ORL,W,2.0,115,40,83,15,29,39,25,6,2,11,2023-24
788,2023-12-20,Away,ATL,HOU,W,2.0,134,47,91,17,40,44,31,4,3,12,2023-24
789,2023-12-20,Home,SAC,BOS,L,2.0,119,43,91,21,44,37,29,4,8,7,2023-24
790,2023-12-20,Away,LAL,CHI,L,2.0,108,42,94,12,37,40,27,7,7,14,2023-24
791,2023-12-20,Home,HOU,ATL,L,2.0,127,44,89,16,34,37,25,4,6,9,2023-24
792,2023-12-20,Away,CHA,IND,L,2.0,113,45,95,8,31,37,23,6,0,12,2023-24
793,2023-12-20,Away,NYK,BKN,W,2.0,121,44,95,13,33,54,24,8,7,11,2023-24
794,2023-12-20,Away,DEN,TOR,W,2.0,113,49,98,12,33,46,29,9,9,9,2023-24
795,2023-12-20,Away,UTA,CLE,L,2.0,116,40,78,13,30,38,24,5,6,16,2023-24
796,2023-12-20,Home,ORL,MIA,L,3.0,106,41,89,9,36,49,29,8,5,12,2023-24
797,2023-12-20,Home,PHI,MIN,W,2.0,127,45,84,8,22,36,20,9,3,12,2023-24
798,2023-12-20,Home,CHI,LAL,W,2.0,124,48,88,18,34,48,25,7,6,16,2023-24
799,2023-12-20,Away,BOS,SAC,W,1.0,144,51,92,22,42,50,35,6,10,9,2023-24
800,2023-12-20,Home,BKN,NYK,L,2.0,102,37,101,15,47,49,25,6,9,11,2023-24
801,2023-12-20,Away,MIN,PHI,L,2.0,113,42,82,9,25,39,22,4,2,19,2023-24
802,2023-12-20,Home,IND,CHA,W,2.0,144,49,80,18,39,38,37,6,8,13,2023-24
803,2023-12-20,Home,CLE,UTA,W,2.0,124,45,96,23,51,44,34,8,3,12,2023-24
804,2023-12-20,Home,TOR,DEN,L,2.0,104,43,90,9,27,41,26,3,5,11,2023-24
805,2023-12-20,Home,DAL,LAC,L,2.0,111,39,91,14,43,36,23,8,3,8,2023-24
806,2023-12-20,Away,LAC,DAL,W,2.0,120,43,77,11,31,44,27,6,4,14,2023-24
807,2023-12-21,Home,CLE,NOP,L,1.0,104,41,87,17,44,35,34,4,3,12,2023-24
808,2023-12-21,Away,WAS,POR,W,3.0,118,42,84,12,30,37,26,9,6,12,2023-24
809,2023-12-21,Away,LAL,MIN,L,1.0,111,41,83,10,24,38,21,6,6,18,2023-24
810,2023-12-21,Away,UTA,DET,W,1.0,119,43,94,11,30,44,26,15,7,13,2023-24
811,2023-12-21,Away,IND,MEM,L,1.0,103,38,90,18,52,39,28,12,9,17,2023-24
812,2023-12-21,Home,MIL,ORL,W,2.0,118,38,90,11,37,51,26,3,6,13,2023-24
813,2023-12-21,Away,LAC,OKC,L,1.0,115,44,93,17,43,40,23,9,5,16,2023-24
814,2023-12-21,Away,NOP,CLE,W,2.0,123,47,86,15,35,40,32,7,4,9,2023-24
815,2023-12-21,Away,ORL,MIL,L,1.0,114,45,99,8,33,45,26,6,9,7,2023-24
816,2023-12-21,Home,DET,UTA,L,3.0,111,43,86,9,31,41,24,6,9,21,2023-24
817,2023-12-21,Home,CHI,SAS,W,1.0,114,49,90,7,28,36,24,11,5,12,2023-24
818,2023-12-21,Home,POR,WAS,L,2.0,117,43,95,14,30,51,24,7,6,16,2023-24
819,2023-12-21,Home,MEM,IND,W,2.0,116,43,84,16,35,41,27,8,7,20,2023-24
820,2023-12-21,Home,OKC,LAC,W,3.0,134,51,87,16,34,38,35,9,5,12,2023-24
821,2023-12-21,Away,SAS,CHI,L,2.0,95,37,81,10,30,41,24,6,7,19,2023-24
822,2023-12-21,Home,MIN,LAL,W,1.0,118,42,87,14,36,40,32,13,7,14,2023-24
823,2023-12-22,Home,BKN,DEN,L,2.0,117,43,89,13,33,45,32,4,7,11,2023-24
824,2023-12-22,Away,DAL,HOU,L,2.0,96,35,101,7,40,47,18,10,1,12,2023-24
825,2023-12-22,Away,WAS,GSW,L,1.0,118,44,97,11,35,39,25,7,4,9,2023-24
826,2023-12-22,Away,ATL,MIA,L,2.0,113,42,96,19,54,43,29,9,2,14,2023-24
827,2023-12-22,Home,MIA,ATL,W,2.0,122,40,86,17,39,48,21,7,2,17,2023-24
828,2023-12-22,Home,SAC,PHX,W,2.0,120,44,83,12,38,37,32,7,7,14,2023-24
829,2023-12-22,Away,PHX,SAC,L,3.0,105,39,88,5,25,45,19,8,4,15,2023-24
830,2023-12-22,Home,HOU,DAL,W,2.0,122,46,95,11,38,63,21,7,3,17,2023-24
831,2023-12-22,Home,PHI,TOR,W,2.0,121,44,83,14,31,38,34,6,6,14,2023-24
832,2023-12-22,Away,DEN,BKN,W,2.0,122,45,87,11,26,41,29,6,5,6,2023-24
833,2023-12-22,Home,GSW,WAS,W,3.0,129,47,97,18,45,57,33,5,2,12,2023-24
834,2023-12-22,Away,TOR,PHI,L,2.0,111,39,87,9,33,46,30,9,6,12,2023-24
835,2023-12-23,Home,NOP,HOU,L,2.0,104,38,82,8,31,46,21,9,7,16,2023-24
836,2023-12-23,Home,NYK,MIL,L,3.0,111,41,93,9,29,41,17,5,2,11,2023-24
837,2023-12-23,Away,UTA,TOR,W,2.0,126,48,91,17,38,41,35,7,5,12,2023-24
838,2023-12-23,Home,IND,ORL,L,2.0,110,43,82,15,34,33,27,7,6,15,2023-24
839,2023-12-23,Home,LAC,BOS,L,2.0,108,41,89,11,34,34,25,4,4,11,2023-24
840,2023-12-23,Away,BOS,LAC,W,3.0,145,49,94,25,53,51,33,4,5,10,2023-24
841,2023-12-23,Away,MIN,SAC,W,2.0,110,44,87,10,33,43,31,9,5,12,2023-24
842,2023-12-23,Away,HOU,NOP,W,1.0,106,35,82,9,29,44,21,9,2,12,2023-24
843,2023-12-23,Home,BKN,DET,W,1.0,126,45,86,10,24,38,32,10,3,12,2023-24
844,2023-12-23,Home,ATL,MEM,L,1.0,119,45,96,13,43,41,28,8,5,11,2023-24
845,2023-12-23,Away,CLE,CHI,W,2.0,109,39,88,12,45,48,28,7,4,13,2023-24
846,2023-12-23,Home,GSW,POR,W,1.0,126,48,83,10,33,49,38,8,2,18,2023-24
847,2023-12-23,Away,MIL,NYK,W,2.0,130,48,91,16,32,53,25,4,2,14,2023-24
848,2023-12-23,Home,CHI,CLE,L,2.0,95,35,80,8,35,37,23,6,5,12,2023-24
849,2023-12-23,Home,TOR,UTA,L,1.0,119,45,94,13,32,39,35,7,5,11,2023-24
850,2023-12-23,Home,CHA,DEN,L,3.0,95,34,88,8,28,47,23,8,11,18,2023-24
851,2023-12-23,Away,LAL,OKC,W,2.0,129,47,90,16,32,44,37,7,7,9,2023-24
852,2023-12-23,Away,SAS,DAL,L,2.0,119,44,98,14,45,42,32,9,3,10,2023-24
853,2023-12-23,Away,MEM,ATL,W,2.0,125,50,97,11,33,51,29,6,7,12,2023-24
854,2023-12-23,Away,DET,BKN,L,2.0,115,39,79,15,35,36,26,5,3,14,2023-24
855,2023-12-23,Away,POR,GSW,L,2.0,106,38,84,13,35,30,26,13,3,12,2023-24
856,2023-12-23,Away,DEN,CHA,W,1.0,102,39,90,12,30,48,25,11,13,17,2023-24
857,2023-12-23,Home,DAL,SAS,W,1.0,144,52,100,23,45,52,26,7,6,13,2023-24
858,2023-12-23,Home,SAC,MIN,L,1.0,98,37,85,8,33,40,23,10,2,11,2023-24
859,2023-12-23,Home,OKC,LAL,L,2.0,120,46,95,13,41,42,24,6,7,9,2023-24
860,2023-12-23,Away,ORL,IND,W,2.0,117,39,73,6,18,39,22,9,5,15,2023-24
861,2023-12-25,Away,PHI,MIA,L,3.0,113,40,94,17,45,36,23,11,4,8,2023-24
862,2023-12-25,Home,PHX,DAL,L,3.0,114,40,90,14,41,47,28,5,2,16,2023-24
863,2023-12-25,Away,GSW,DEN,L,2.0,114,40,87,14,40,39,23,7,3,13,2023-24
864,2023-12-25,Away,MIL,NYK,L,2.0,122,45,95,13,42,44,26,7,4,11,2023-24
865,2023-12-25,Home,NYK,MIL,W,2.0,129,50,92,8,26,41,27,7,4,12,2023-24
866,2023-12-25,Home,DEN,GSW,W,2.0,120,40,82,14,34,43,25,6,4,14,2023-24
867,2023-12-25,Home,LAL,BOS,L,2.0,115,43,90,13,32,43,24,4,1,12,2023-24
868,2023-12-25,Home,MIA,PHI,W,3.0,119,40,84,12,32,56,27,5,7,14,2023-24
869,2023-12-25,Away,DAL,PHX,W,2.0,128,45,84,16,44,38,28,7,6,11,2023-24
870,2023-12-25,Away,BOS,LAL,W,2.0,126,46,91,13,42,44,31,8,7,8,2023-24
871,2023-12-26,Away,IND,HOU,W,3.0,123,43,82,19,43,45,28,5,7,20,2023-24
872,2023-12-26,Home,LAC,CHA,W,3.0,113,40,85,14,34,45,24,7,3,13,2023-24
873,2023-12-26,Home,NOP,MEM,L,3.0,115,42,97,10,31,46,18,12,6,15,2023-24
874,2023-12-26,Home,SAS,UTA,L,3.0,118,44,98,16,35,43,36,8,8,9,2023-24
875,2023-12-26,Away,ORL,WAS,W,3.0,127,49,93,12,26,40,30,11,5,16,2023-24
876,2023-12-26,Away,BKN,DET,W,3.0,118,41,82,9,22,42,22,6,7,9,2023-24
877,2023-12-26,Home,WAS,ORL,L,4.0,119,43,87,16,42,47,27,10,8,20,2023-24
878,2023-12-26,Home,CHI,ATL,W,3.0,118,42,92,7,25,48,23,10,2,10,2023-24
879,2023-12-26,Away,ATL,CHI,L,3.0,113,41,89,13,45,40,24,6,3,16,2023-24
880,2023-12-26,Away,SAC,POR,L,3.0,113,45,93,10,42,40,25,5,7,12,2023-24
881,2023-12-26,Home,DET,BKN,L,3.0,112,40,90,9,25,52,20,6,4,14,2023-24
882,2023-12-26,Away,MEM,NOP,W,3.0,116,39,90,11,46,50,24,10,17,18,2023-24
883,2023-12-26,Away,CHA,LAC,L,3.0,104,43,93,6,29,42,31,8,6,11,2023-24
884,2023-12-26,Home,OKC,MIN,W,3.0,129,49,81,18,39,29,35,9,7,15,2023-24
885,2023-12-26,Away,UTA,SAS,W,3.0,130,47,95,16,43,53,34,4,7,14,2023-24
886,2023-12-26,Home,HOU,IND,L,3.0,117,47,97,5,24,44,19,15,2,11,2023-24
887,2023-12-26,Away,MIN,OKC,L,3.0,106,34,73,12,27,34,22,8,1,24,2023-24
888,2023-12-26,Home,POR,SAC,W,3.0,130,49,98,16,40,46,28,5,5,10,2023-24
889,2023-12-27,Away,MIL,BKN,W,2.0,144,52,89,23,51,41,41,6,8,10,2023-24
890,2023-12-27,Home,OKC,NYK,W,1.0,129,49,90,14,32,27,20,6,10,4,2023-24
891,2023-12-27,Home,DAL,CLE,L,2.0,110,39,88,10,37,37,21,12,7,10,2023-24
892,2023-12-27,Away,PHX,HOU,W,2.0,129,47,82,14,33,44,28,4,11,19,2023-24
893,2023-12-27,Home,WAS,TOR,L,1.0,102,42,90,8,33,34,25,11,3,17,2023-24
894,2023-12-27,Home,BKN,MIL,L,1.0,122,45,101,7,32,47,29,7,2,9,2023-24
895,2023-12-27,Away,CLE,DAL,W,4.0,113,40,92,17,43,57,33,7,4,16,2023-24
896,2023-12-27,Away,TOR,WAS,W,4.0,132,52,91,15,38,53,43,12,5,20,2023-24
897,2023-12-27,Away,NYK,OKC,L,2.0,120,41,82,14,34,40,24,2,2,18,2023-24
898,2023-12-27,Home,HOU,PHX,L,1.0,113,40,96,17,41,33,20,11,3,10,2023-24
899,2023-12-27,Home,ORL,PHI,L,1.0,92,31,79,9,33,43,17,5,11,16,2023-24
900,2023-12-27,Away,PHI,ORL,W,2.0,112,45,96,10,28,48,14,10,8,10,2023-24
901,2023-12-28,Home,BOS,DET,W,3.0,128,48,99,11,39,43,25,10,4,12,2023-24
902,2023-12-28,Away,IND,CHI,W,2.0,120,43,85,19,42,47,30,6,9,14,2023-24
903,2023-12-28,Away,SAS,POR,W,2.0,118,41,85,10,36,42,33,9,10,11,2023-24
904,2023-12-28,Away,DAL,MIN,L,1.0,110,40,90,14,33,39,29,9,3,18,2023-24
905,2023-12-28,Away,DET,BOS,L,2.0,122,48,101,14,43,57,27,7,4,19,2023-24
906,2023-12-28,Home,POR,SAS,L,2.0,105,35,101,11,36,57,16,6,4,13,2023-24
907,2023-12-28,Away,UTA,NOP,L,2.0,105,36,85,12,39,42,27,5,3,19,2023-24
908,2023-12-28,Home,DEN,MEM,W,3.0,142,55,96,20,41,53,43,6,7,12,2023-24
909,2023-12-28,Home,MIN,DAL,W,2.0,118,38,74,17,33,38,23,9,10,22,2023-24
910,2023-12-28,Away,CHA,LAL,L,2.0,112,40,85,15,33,43,29,5,5,19,2023-24
911,2023-12-28,Home,CHI,IND,L,2.0,104,40,97,7,27,47,19,7,4,8,2023-24
912,2023-12-28,Home,NOP,UTA,W,2.0,112,45,82,10,27,35,27,10,7,15,2023-24
913,2023-12-28,Away,MEM,DEN,L,2.0,105,37,89,13,35,36,23,8,5,11,2023-24
914,2023-12-28,Away,MIA,GSW,W,3.0,114,44,91,10,31,44,26,6,1,10,2023-24
915,2023-12-28,Home,GSW,MIA,L,3.0,102,37,88,8,33,43,27,4,7,13,2023-24
916,2023-12-28,Home,LAL,CHA,W,3.0,133,52,97,15,30,42,41,11,7,11,2023-24
917,2023-12-29,Home,WAS,BKN,W,2.0,110,46,91,15,38,43,28,5,5,7,2023-24
918,2023-12-29,Away,MEM,LAC,L,1.0,106,38,87,13,40,33,29,10,4,12,2023-24
919,2023-12-29,Away,OKC,DEN,W,2.0,119,46,91,12,35,51,29,10,8,12,2023-24
920,2023-12-29,Home,POR,SAS,W,1.0,134,48,95,16,27,43,28,8,6,14,2023-24
921,2023-12-29,Home,ORL,NYK,W,2.0,117,40,89,7,33,49,24,10,6,15,2023-24
922,2023-12-29,Away,SAS,POR,L,1.0,128,48,94,14,33,42,31,9,3,14,2023-24
923,2023-12-29,Away,CHA,PHX,L,1.0,119,44,92,23,46,26,32,5,3,6,2023-24
924,2023-12-29,Home,ATL,SAC,L,3.0,110,37,94,15,43,51,29,9,4,15,2023-24
925,2023-12-29,Away,PHI,HOU,W,2.0,131,45,86,12,33,30,22,10,5,10,2023-24
926,2023-12-29,Home,DEN,OKC,L,1.0,93,36,85,10,37,36,30,6,5,17,2023-24
927,2023-12-29,Away,SAC,ATL,W,3.0,117,46,89,17,45,38,35,9,3,12,2023-24
928,2023-12-29,Home,HOU,PHI,L,2.0,127,49,91,14,30,42,30,8,6,17,2023-24
929,2023-12-29,Home,BOS,TOR,W,1.0,120,43,88,17,39,52,29,3,6,16,2023-24
930,2023-12-29,Home,LAC,MEM,W,3.0,117,43,87,11,39,54,28,3,6,18,2023-24
931,2023-12-29,Away,NYK,ORL,L,2.0,108,38,86,6,30,40,22,8,4,16,2023-24
932,2023-12-29,Home,PHX,CHA,W,2.0,133,46,74,18,30,39,34,3,11,15,2023-24
933,2023-12-29,Away,TOR,BOS,L,2.0,118,44,95,17,44,38,29,10,6,5,2023-24
934,2023-12-29,Away,MIL,CLE,W,2.0,119,41,80,12,29,43,26,5,6,17,2023-24
935,2023-12-29,Away,BKN,WAS,L,2.0,104,39,91,9,28,54,24,5,4,10,2023-24
936,2023-12-29,Home,CLE,MIL,L,2.0,111,49,103,6,43,37,28,11,7,8,2023-24
937,2023-12-30,Home,MIN,LAL,W,2.0,108,38,76,12,34,45,24,8,8,19,2023-24
938,2023-12-30,Away,NYK,IND,L,1.0,126,45,95,17,37,42,24,12,2,14,2023-24
939,2023-12-30,Home,DET,TOR,W,2.0,129,41,82,12,28,41,29,4,4,12,2023-24
940,2023-12-30,Away,TOR,DET,L,1.0,127,46,91,12,24,33,26,9,5,8,2023-24
941,2023-12-30,Away,DAL,GSW,W,2.0,132,49,88,16,40,43,25,5,2,9,2023-24
942,2023-12-30,Home,UTA,MIA,W,2.0,117,43,93,11,41,43,29,8,6,10,2023-24
943,2023-12-30,Away,LAL,MIN,L,2.0,106,37,88,7,24,39,23,12,4,10,2023-24
944,2023-12-30,Away,MIA,UTA,L,2.0,109,34,78,9,31,46,20,8,8,16,2023-24
945,2023-12-30,Home,IND,NYK,W,2.0,140,50,85,23,43,34,40,6,7,16,2023-24
946,2023-12-30,Home,CHI,PHI,W,2.0,105,40,79,7,25,53,21,5,5,17,2023-24
947,2023-12-30,Away,PHI,CHI,L,1.0,92,36,92,9,38,36,24,12,5,8,2023-24
948,2023-12-30,Home,GSW,DAL,L,2.0,122,47,103,19,48,47,32,8,3,11,2023-24
949,2023-12-31,Home,OKC,BKN,W,2.0,124,45,83,18,33,46,31,1,6,15,2023-24
950,2023-12-31,Away,BOS,SAS,W,2.0,134,51,95,15,42,57,29,6,7,11,2023-24
951,2023-12-31,Away,ATL,WAS,W,2.0,130,47,95,12,32,58,27,5,3,12,2023-24
952,2023-12-31,Home,PHX,ORL,W,2.0,112,44,88,8,27,35,21,11,4,6,2023-24
953,2023-12-31,Away,ORL,PHX,L,2.0,107,42,90,12,37,45,22,2,4,15,2023-24
954,2023-12-31,Home,SAS,BOS,L,2.0,101,40,94,12,45,39,28,6,1,16,2023-24
955,2023-12-31,Away,BKN,OKC,L,2.0,108,38,100,12,46,47,26,9,2,7,2023-24
956,2023-12-31,Home,NOP,LAL,W,3.0,129,45,87,17,34,47,33,9,6,13,2023-24
957,2023-12-31,Away,SAC,MEM,W,2.0,123,47,92,16,33,59,28,2,4,13,2023-24
958,2023-12-31,Home,MEM,SAC,L,2.0,92,30,82,12,40,34,20,4,1,8,2023-24
959,2023-12-31,Away,LAL,NOP,L,1.0,109,39,82,10,32,35,26,8,10,13,2023-24
960,2023-12-31,Home,WAS,ATL,L,2.0,126,46,98,17,53,42,35,5,9,9,2023-24
961,2024-01-01,Home,HOU,DET,W,3.0,136,51,91,15,35,39,34,11,1,10,2023-24
962,2024-01-01,Home,PHX,POR,W,1.0,109,38,80,11,29,47,24,10,5,16,2023-24
963,2024-01-01,Away,CHA,DEN,L,3.0,93,36,86,10,26,45,24,4,5,14,2023-24
964,2024-01-01,Home,MIL,IND,L,3.0,113,41,93,10,40,46,27,4,8,11,2023-24
965,2024-01-01,Home,DEN,CHA,W,3.0,111,41,83,15,38,44,27,9,9,11,2023-24
966,2024-01-01,Away,MIA,LAC,L,2.0,104,35,83,11,34,35,24,7,3,14,2023-24
967,2024-01-01,Away,MIN,NYK,L,2.0,106,36,76,11,28,34,19,6,4,14,2023-24
968,2024-01-01,Away,IND,MIL,W,2.0,122,43,97,5,35,52,23,7,5,7,2023-24
969,2024-01-01,Home,NYK,MIN,W,2.0,112,39,89,12,34,49,23,7,4,15,2023-24
970,2024-01-01,Home,TOR,CLE,W,2.0,124,42,87,11,30,47,25,5,4,11,2023-24
971,2024-01-01,Away,DET,HOU,L,2.0,113,40,83,13,29,37,27,3,4,18,2023-24
972,2024-01-01,Away,DAL,UTA,L,2.0,90,37,93,11,40,41,28,6,5,16,2023-24
973,2024-01-01,Home,UTA,DAL,W,2.0,127,49,96,12,44,53,37,9,6,13,2023-24
974,2024-01-01,Away,CLE,TOR,L,3.0,121,43,89,12,36,43,25,9,2,9,2023-24
975,2024-01-01,Away,POR,PHX,L,3.0,88,33,80,8,30,36,21,6,10,19,2023-24
976,2024-01-01,Home,LAC,MIA,W,3.0,121,47,80,14,29,37,25,10,3,17,2023-24
977,2024-01-02,Away,CHA,SAC,W,1.0,111,42,82,12,34,35,23,8,10,15,2023-24
978,2024-01-02,Away,CHI,PHI,L,3.0,97,37,96,7,37,51,17,9,7,18,2023-24
979,2024-01-02,Home,OKC,BOS,W,2.0,127,48,91,18,40,38,34,7,10,12,2023-24
980,2024-01-02,Away,ORL,GSW,L,2.0,115,41,92,14,36,41,19,8,4,18,2023-24
981,2024-01-02,Home,PHI,CHI,W,3.0,110,38,80,12,30,43,28,9,6,19,2023-24
982,2024-01-02,Home,NOP,BKN,W,2.0,112,41,88,16,39,53,23,10,9,17,2023-24
983,2024-01-02,Home,GSW,ORL,W,3.0,121,42,78,13,35,36,23,9,6,12,2023-24
984,2024-01-02,Home,MEM,SAS,W,2.0,106,37,80,12,38,46,24,5,8,15,2023-24
985,2024-01-02,Away,BOS,OKC,L,2.0,123,42,92,15,40,47,33,7,10,14,2023-24
986,2024-01-02,Away,BKN,NOP,L,2.0,85,35,98,11,43,43,26,7,4,15,2023-24
987,2024-01-02,Home,SAC,CHA,L,2.0,104,40,92,14,36,48,23,8,2,21,2023-24
988,2024-01-02,Away,SAS,MEM,L,2.0,98,36,85,10,31,40,21,6,8,16,2023-24
989,2024-01-03,Away,NOP,MIN,W,1.0,117,45,81,12,26,41,30,7,5,14,2023-24
990,2024-01-03,Away,LAC,PHX,W,2.0,131,42,76,18,34,36,25,9,5,14,2023-24
991,2024-01-03,Home,MEM,TOR,L,1.0,111,40,94,15,42,43,25,7,5,10,2023-24
992,2024-01-03,Away,ORL,SAC,L,1.0,135,44,90,25,44,39,33,10,7,21,2023-24
993,2024-01-03,Home,LAL,MIA,L,3.0,96,35,83,4,30,50,29,3,6,22,2023-24
994,2024-01-03,Away,MIL,IND,L,2.0,130,46,92,14,37,42,30,6,4,13,2023-24
995,2024-01-03,Away,OKC,ATL,L,1.0,138,50,91,18,36,37,30,10,1,13,2023-24
996,2024-01-03,Away,MIA,LAL,W,2.0,110,41,93,16,42,39,30,14,3,10,2023-24
997,2024-01-03,Home,NYK,CHI,W,2.0,116,46,89,15,38,52,29,6,7,16,2023-24
998,2024-01-03,Home,MIN,NOP,L,2.0,106,37,82,10,31,28,26,7,6,13,2023-24
999,2024-01-03,Away,POR,DAL,L,2.0,97,34,87,13,40,46,23,4,3,22,2023-24
1000,2024-01-03,Home,ATL,OKC,W,3.0,141,48,95,14,39,49,30,8,5,13,2023-24
1001,2024-01-03,Away,DET,UTA,L,2.0,148,56,105,19,41,48,33,5,3,17,2023-24
1002,2024-01-03,Home,SAC,ORL,W,1.0,138,51,105,15,40,58,36,9,3,21,2023-24
1003,2024-01-03,Away,BKN,HOU,L,1.0,101,36,93,13,44,50,25,11,6,10,2023-24
1004,2024-01-03,Away,WAS,CLE,L,3.0,101,42,101,12,35,36,22,8,5,8,2023-24
1005,2024-01-03,Away,CHI,NYK,L,1.0,100,37,89,13,32,39,24,9,7,11,2023-24
1006,2024-01-03,Home,IND,MIL,W,2.0,142,50,90,14,35,44,34,7,5,11,2023-24
1007,2024-01-03,Home,PHX,LAC,L,2.0,122,42,79,15,35,32,23,9,2,17,2023-24
1008,2024-01-03,Home,HOU,BKN,W,2.0,112,37,76,19,39,48,27,5,4,16,2023-24
1009,2024-01-03,Away,TOR,MEM,W,2.0,116,41,85,12,26,46,25,5,6,12,2023-24
1010,2024-01-03,Home,UTA,DET,W,2.0,154,53,103,16,32,43,28,11,8,12,2023-24
1011,2024-01-03,Home,DAL,POR,W,2.0,126,42,84,13,30,43,25,12,7,12,2023-24
1012,2024-01-03,Home,CLE,WAS,W,2.0,140,54,101,20,42,62,37,5,8,11,2023-24
1013,2024-01-04,Away,DEN,GSW,W,3.0,130,48,85,9,26,36,28,7,4,9,2023-24
1014,2024-01-04,Away,MIL,SAS,W,1.0,125,49,92,12,34,42,27,5,5,14,2023-24
1015,2024-01-04,Home,SAS,MIL,L,2.0,121,46,95,14,40,42,31,10,8,12,2023-24
1016,2024-01-04,Home,GSW,DEN,L,2.0,127,49,90,15,36,33,35,4,3,10,2023-24
1017,2024-01-05,Home,DEN,ORL,L,1.0,120,48,95,9,33,38,28,8,1,13,2023-24
1018,2024-01-05,Away,TOR,SAC,L,2.0,130,47,87,13,37,37,31,5,10,14,2023-24
1019,2024-01-05,Home,LAL,MEM,L,2.0,113,42,85,10,28,35,26,13,3,14,2023-24
1020,2024-01-05,Home,NOP,LAC,L,2.0,95,33,92,12,29,43,22,9,5,9,2023-24
1021,2024-01-05,Home,PHI,NYK,L,3.0,92,33,81,6,23,38,22,8,9,14,2023-24
1022,2024-01-05,Home,IND,ATL,W,2.0,150,60,94,19,39,39,50,12,3,16,2023-24
1023,2024-01-05,Home,CHI,CHA,W,2.0,104,40,74,10,28,41,29,7,6,15,2023-24
1024,2024-01-05,Away,POR,DAL,L,2.0,103,39,95,13,40,42,27,9,3,19,2023-24
1025,2024-01-05,Home,CLE,WAS,W,2.0,114,41,77,16,33,52,31,9,1,24,2023-24
1026,2024-01-05,Home,BKN,OKC,W,2.0,124,41,91,14,39,51,25,9,3,15,2023-24
1027,2024-01-05,Home,HOU,MIN,L,2.0,95,36,90,12,32,38,18,7,2,15,2023-24
1028,2024-01-05,Away,OKC,BKN,L,2.0,115,45,84,9,31,36,29,8,5,13,2023-24
1029,2024-01-05,Home,BOS,UTA,W,3.0,126,39,90,17,49,56,24,9,8,14,2023-24
1030,2024-01-05,Away,UTA,BOS,L,2.0,97,34,94,6,34,57,23,11,2,18,2023-24
1031,2024-01-05,Home,GSW,DET,W,1.0,113,38,82,16,38,45,24,3,5,19,2023-24
1032,2024-01-05,Away,CHA,CHI,L,3.0,91,36,89,10,34,42,20,7,1,13,2023-24
1033,2024-01-05,Away,MIA,PHX,L,2.0,97,34,83,10,37,44,26,5,2,16,2023-24
1034,2024-01-05,Home,DAL,POR,W,2.0,139,56,96,17,38,52,35,11,8,17,2023-24
1035,2024-01-05,Away,ORL,DEN,W,2.0,122,41,82,17,36,40,25,9,3,15,2023-24
1036,2024-01-05,Away,NYK,PHI,W,2.0,128,43,89,18,41,49,27,7,7,13,2023-24
1037,2024-01-05,Home,PHX,MIA,W,2.0,113,44,87,14,35,44,30,13,5,11,2023-24
1038,2024-01-05,Away,LAC,NOP,W,2.0,111,40,82,15,36,50,28,6,7,15,2023-24
1039,2024-01-05,Away,WAS,CLE,L,2.0,90,35,84,9,30,31,19,12,8,17,2023-24
1040,2024-01-05,Away,MIN,HOU,W,2.0,122,46,88,14,33,52,31,12,7,14,2023-24
1041,2024-01-05,Home,SAC,TOR,W,2.0,135,52,100,21,38,42,35,4,1,15,2023-24
1042,2024-01-05,Away,DET,GSW,L,2.0,109,44,98,13,44,40,25,8,9,11,2023-24
1043,2024-01-05,Away,MEM,LAL,W,2.0,127,44,82,23,45,44,33,8,4,19,2023-24
1044,2024-01-05,Away,ATL,IND,L,2.0,116,40,93,10,42,39,21,6,3,14,2023-24
1045,2024-01-06,Home,HOU,MIL,W,1.0,112,36,83,13,34,46,22,7,2,10,2023-24
1046,2024-01-06,Away,UTA,PHI,W,1.0,120,46,80,8,30,48,30,4,4,24,2023-24
1047,2024-01-06,Home,WAS,NYK,L,1.0,105,40,85,13,37,45,33,5,3,20,2023-24
1048,2024-01-06,Away,MIL,HOU,L,2.0,108,35,76,9,34,41,20,7,4,11,2023-24
1049,2024-01-06,Away,NYK,WAS,W,1.0,121,43,87,14,36,45,27,9,2,14,2023-24
1050,2024-01-06,Home,IND,BOS,L,1.0,101,38,92,8,42,38,23,12,2,9,2023-24
1051,2024-01-06,Away,BOS,IND,W,1.0,118,46,90,16,41,56,26,6,6,18,2023-24
1052,2024-01-06,Home,PHI,UTA,L,1.0,109,42,104,7,38,34,30,12,6,6,2023-24
1053,2024-01-07,Away,MIN,DAL,L,2.0,108,41,94,13,41,51,22,6,4,13,2023-24
1054,2024-01-07,Away,DET,DEN,L,2.0,114,42,89,9,24,37,28,6,0,12,2023-24
1055,2024-01-07,Away,LAC,LAL,L,2.0,103,36,91,14,37,40,21,12,5,16,2023-24
1056,2024-01-07,Home,DAL,MIN,W,2.0,115,43,95,15,40,44,20,7,8,11,2023-24
1057,2024-01-07,Away,TOR,GSW,W,2.0,133,55,94,15,33,45,38,7,6,7,2023-24
1058,2024-01-07,Home,SAC,NOP,L,2.0,100,38,91,15,45,25,28,9,2,9,2023-24
1059,2024-01-07,Away,NOP,SAC,W,2.0,133,50,82,19,35,51,35,2,9,16,2023-24
1060,2024-01-07,Away,POR,BKN,W,2.0,134,45,95,20,38,38,21,5,5,10,2023-24
1061,2024-01-07,Home,GSW,TOR,L,2.0,118,45,100,14,46,43,30,5,4,11,2023-24
1062,2024-01-07,Home,ORL,ATL,W,2.0,117,43,98,17,41,57,25,8,3,13,2023-24
1063,2024-01-07,Away,ATL,ORL,L,2.0,110,42,91,9,30,50,21,9,10,13,2023-24
1064,2024-01-07,Home,PHX,MEM,L,2.0,115,46,102,8,28,50,29,5,6,12,2023-24
1065,2024-01-07,Home,LAL,LAC,W,2.0,106,42,82,11,29,40,23,9,6,19,2023-24
1066,2024-01-07,Away,MEM,PHX,W,2.0,121,43,97,17,49,54,29,7,8,18,2023-24
1067,2024-01-07,Away,SAS,CLE,L,3.0,115,41,86,14,37,40,22,10,6,11,2023-24
1068,2024-01-07,Home,CLE,SAS,W,2.0,117,43,88,16,43,44,27,6,3,16,2023-24
1069,2024-01-07,Home,BKN,POR,L,2.0,127,46,91,14,37,44,29,7,7,16,2023-24
1070,2024-01-07,Home,DEN,DET,W,2.0,131,47,80,10,27,38,35,6,10,14,2023-24
1071,2024-01-08,Away,HOU,MIA,L,2.0,113,37,88,14,41,42,20,8,4,12,2023-24
1072,2024-01-08,Home,WAS,OKC,L,2.0,128,44,89,15,32,38,32,7,5,15,2023-24
1073,2024-01-08,Away,OKC,WAS,W,3.0,136,52,88,14,28,40,37,11,7,15,2023-24
1074,2024-01-08,Away,CHI,CHA,W,3.0,119,45,92,9,26,51,27,7,7,14,2023-24
1075,2024-01-08,Away,BOS,IND,L,2.0,131,47,90,17,35,42,26,3,8,15,2023-24
1076,2024-01-08,Away,PHX,LAC,L,1.0,111,38,77,10,30,25,17,6,4,14,2023-24
1077,2024-01-08,Home,CHA,CHI,L,3.0,112,40,94,17,42,44,26,3,7,15,2023-24
1078,2024-01-08,Home,MIL,UTA,L,2.0,116,42,94,17,36,38,31,6,6,9,2023-24
1079,2024-01-08,Home,LAC,PHX,W,1.0,138,53,85,15,29,44,32,11,3,14,2023-24
1080,2024-01-08,Away,UTA,MIL,W,2.0,132,47,90,20,44,47,33,6,8,11,2023-24
1081,2024-01-08,Home,MIA,HOU,W,3.0,120,41,82,15,36,45,30,6,5,11,2023-24
1082,2024-01-08,Home,IND,BOS,W,2.0,133,48,91,19,40,39,29,6,7,13,2023-24
1083,2024-01-09,Home,NYK,POR,W,3.0,112,37,89,18,48,55,26,11,4,15,2023-24
1084,2024-01-09,Home,LAL,TOR,W,2.0,132,44,81,16,36,39,34,6,4,15,2023-24
1085,2024-01-09,Away,MIN,ORL,W,2.0,113,43,80,12,30,48,34,8,4,18,2023-24
1086,2024-01-09,Home,ORL,MIN,L,2.0,92,34,94,13,42,46,20,13,5,13,2023-24
1087,2024-01-09,Away,MEM,DAL,W,2.0,120,44,91,14,37,54,27,7,3,17,2023-24
1088,2024-01-09,Away,SAC,DET,W,2.0,131,54,94,13,33,44,39,8,6,18,2023-24
1089,2024-01-09,Home,DAL,MEM,L,2.0,103,36,82,9,27,33,20,9,4,13,2023-24
1090,2024-01-09,Away,POR,NYK,L,2.0,84,33,86,6,29,43,19,8,7,15,2023-24
1091,2024-01-09,Home,DET,SAC,L,2.0,110,40,85,14,37,40,27,12,2,21,2023-24
1092,2024-01-09,Away,TOR,LAL,L,2.0,131,53,94,17,35,37,34,8,4,12,2023-24
1093,2024-01-10,Home,CHA,SAC,L,2.0,98,35,87,16,38,36,17,2,3,10,2023-24
1094,2024-01-10,Away,PHI,ATL,L,4.0,132,46,102,12,34,51,26,8,9,11,2023-24
1095,2024-01-10,Home,MIA,OKC,L,2.0,120,41,89,15,36,38,25,8,3,10,2023-24
1096,2024-01-10,Away,WAS,IND,L,2.0,104,38,88,7,31,46,24,8,8,14,2023-24
1097,2024-01-10,Away,TOR,LAC,L,1.0,120,46,84,12,30,37,31,4,2,15,2023-24
1098,2024-01-10,Home,BOS,MIN,W,2.0,127,39,90,19,47,46,21,5,4,8,2023-24
1099,2024-01-10,Home,ATL,PHI,W,3.0,139,48,102,12,34,55,32,6,8,13,2023-24
1100,2024-01-10,Away,DEN,UTA,L,3.0,111,37,81,13,33,34,26,11,4,16,2023-24
1101,2024-01-10,Away,SAC,CHA,W,1.0,123,46,89,13,35,53,24,2,8,10,2023-24
1102,2024-01-10,Away,HOU,CHI,L,2.0,119,48,101,11,45,50,29,9,4,14,2023-24
1103,2024-01-10,Home,GSW,NOP,L,3.0,105,39,89,12,39,43,24,4,4,17,2023-24
1104,2024-01-10,Home,LAC,TOR,W,2.0,126,49,93,15,34,36,34,6,5,7,2023-24
1105,2024-01-10,Away,SAS,DET,W,3.0,130,49,94,9,27,46,36,7,4,5,2023-24
1106,2024-01-10,Home,UTA,DEN,W,2.0,124,46,83,13,33,40,34,12,8,17,2023-24
1107,2024-01-10,Away,NOP,GSW,W,3.0,141,54,94,19,40,47,37,11,7,11,2023-24
1108,2024-01-10,Away,OKC,MIA,W,2.0,128,51,86,14,33,42,36,4,4,13,2023-24
1109,2024-01-10,Home,CHI,HOU,W,2.0,124,42,95,19,47,46,31,9,4,14,2023-24
1110,2024-01-10,Home,IND,WAS,W,2.0,112,41,92,8,25,54,31,7,6,14,2023-24
1111,2024-01-10,Away,MIN,BOS,L,1.0,120,44,95,14,34,47,22,4,6,9,2023-24
1112,2024-01-10,Home,DET,SAS,L,1.0,108,44,96,10,32,43,33,4,3,10,2023-24
1113,2024-01-11,Away,BKN,CLE,L,4.0,102,37,82,8,27,41,18,5,4,17,2023-24
1114,2024-01-11,Home,MIL,BOS,W,3.0,135,52,92,18,42,54,34,3,6,11,2023-24
1115,2024-01-11,Away,BOS,MIL,L,1.0,102,34,91,9,35,31,22,5,5,6,2023-24
1116,2024-01-11,Home,CLE,BKN,W,4.0,111,32,82,13,44,47,16,11,6,11,2023-24
1117,2024-01-11,Home,OKC,POR,W,1.0,139,53,93,14,35,59,41,6,8,13,2023-24
1118,2024-01-11,Away,PHX,LAL,W,3.0,127,46,93,14,39,46,23,12,3,13,2023-24
1119,2024-01-11,Away,POR,OKC,L,2.0,77,28,101,11,49,42,16,8,8,10,2023-24
1120,2024-01-11,Home,LAL,PHX,L,2.0,109,40,80,13,34,37,33,8,4,18,2023-24
1121,2024-01-11,Home,DAL,NYK,W,2.0,128,44,88,17,41,38,27,6,2,10,2023-24
1122,2024-01-11,Away,NYK,DAL,L,2.0,124,44,89,14,42,45,27,7,2,16,2023-24
1123,2024-01-12,Home,SAS,CHA,W,2.0,135,45,87,18,38,45,31,9,7,15,2023-24
1124,2024-01-12,Away,CHA,SAS,L,2.0,99,32,89,10,34,44,22,11,3,20,2023-24
1125,2024-01-12,Away,TOR,UTA,L,2.0,113,35,81,17,34,31,25,5,8,13,2023-24
1126,2024-01-12,Home,PHI,SAC,W,2.0,112,40,93,15,35,46,23,11,9,14,2023-24
1127,2024-01-12,Away,SAC,PHI,L,2.0,93,32,95,8,38,54,20,6,4,17,2023-24
1128,2024-01-12,Away,NOP,DEN,L,2.0,113,42,89,13,33,35,30,9,3,9,2023-24
1129,2024-01-12,Home,UTA,TOR,W,2.0,145,52,93,21,43,56,34,7,8,14,2023-24
1130,2024-01-12,Away,ORL,MIA,L,3.0,96,36,82,12,40,38,26,10,8,13,2023-24
1131,2024-01-12,Home,DEN,NOP,W,2.0,125,50,90,14,33,48,30,5,4,17,2023-24
1132,2024-01-12,Home,MEM,LAC,L,3.0,119,41,95,18,44,46,30,5,4,9,2023-24
1133,2024-01-12,Away,LAC,MEM,W,2.0,128,49,89,15,31,43,22,9,7,12,2023-24
1134,2024-01-12,Home,MIN,POR,W,2.0,116,44,80,11,31,45,35,14,5,16,2023-24
1135,2024-01-12,Home,MIA,ORL,W,2.0,99,37,83,8,26,41,23,6,1,17,2023-24
1136,2024-01-12,Away,GSW,CHI,W,2.0,140,49,94,20,47,44,39,7,4,5,2023-24
1137,2024-01-12,Home,ATL,IND,L,2.0,108,40,89,11,30,28,25,14,2,15,2023-24
1138,2024-01-12,Home,CHI,GSW,L,2.0,131,50,86,18,40,36,31,1,3,12,2023-24
1139,2024-01-12,Away,HOU,DET,W,2.0,112,41,90,8,30,41,21,8,5,9,2023-24
1140,2024-01-12,Away,POR,MIN,L,1.0,93,30,77,10,28,38,18,8,5,20,2023-24
1141,2024-01-12,Home,DET,HOU,L,2.0,110,44,88,12,35,46,32,6,9,15,2023-24
1142,2024-01-12,Away,IND,ATL,W,2.0,126,53,79,11,18,45,41,12,9,27,2023-24
1143,2024-01-13,Away,NYK,MEM,W,2.0,106,40,83,13,38,56,25,11,11,23,2023-24
1144,2024-01-13,Home,UTA,LAL,W,1.0,132,42,93,12,37,52,28,7,5,10,2023-24
1145,2024-01-13,Home,MIL,GSW,W,2.0,129,51,94,13,31,50,33,6,5,12,2023-24
1146,2024-01-13,Away,WAS,ATL,W,3.0,127,47,97,12,32,54,32,10,9,12,2023-24
1147,2024-01-13,Home,OKC,ORL,W,2.0,112,43,94,8,36,46,23,9,4,9,2023-24
1148,2024-01-13,Home,ATL,WAS,L,1.0,99,32,93,11,40,50,21,9,7,16,2023-24
1149,2024-01-13,Home,MEM,NYK,L,1.0,94,36,87,9,38,35,27,14,6,12,2023-24
1150,2024-01-13,Away,LAL,UTA,L,2.0,125,46,92,13,29,40,30,6,8,12,2023-24
1151,2024-01-13,Away,CHI,SAS,W,1.0,122,46,90,15,34,47,31,5,8,9,2023-24
1152,2024-01-13,Away,ORL,OKC,L,1.0,100,39,84,7,35,50,21,5,8,16,2023-24
1153,2024-01-13,Away,GSW,MIL,L,1.0,118,47,98,15,36,41,23,5,4,8,2023-24
1154,2024-01-13,Away,HOU,BOS,L,1.0,113,40,99,7,30,50,20,10,3,13,2023-24
1155,2024-01-13,Home,BOS,HOU,W,2.0,145,51,95,24,47,50,26,7,8,12,2023-24
1156,2024-01-13,Away,NOP,DAL,W,1.0,118,39,79,12,30,44,29,7,4,11,2023-24
1157,2024-01-13,Home,SAS,CHI,L,1.0,116,39,95,18,46,47,26,7,4,9,2023-24
1158,2024-01-13,Home,DAL,NOP,L,2.0,108,37,82,15,41,34,23,6,1,12,2023-24
1159,2024-01-14,Home,MIA,CHA,W,2.0,104,40,81,11,25,44,27,6,6,14,2023-24
1160,2024-01-14,Away,SAC,MIL,L,2.0,142,55,105,17,41,47,34,6,2,9,2023-24
1161,2024-01-14,Away,IND,DEN,L,2.0,109,43,92,8,29,37,28,11,1,13,2023-24
1162,2024-01-14,Home,POR,PHX,L,2.0,116,40,89,20,42,36,23,8,1,14,2023-24
1163,2024-01-14,Home,DEN,IND,W,2.0,117,46,71,10,20,40,31,8,3,22,2023-24
1164,2024-01-14,Away,LAC,MIN,L,2.0,105,36,83,17,39,34,28,9,4,11,2023-24
1165,2024-01-14,Home,MIN,LAC,W,2.0,109,38,67,13,26,41,25,8,5,19,2023-24
1166,2024-01-14,Home,MIL,SAC,W,1.0,143,48,92,20,43,40,31,5,3,14,2023-24
1167,2024-01-14,Away,CHA,MIA,L,2.0,87,33,95,10,41,50,17,5,3,15,2023-24
1168,2024-01-14,Away,PHX,POR,W,3.0,127,46,76,13,28,41,27,7,5,14,2023-24
1169,2024-01-15,Away,OKC,LAL,L,2.0,105,40,96,15,49,40,23,11,6,11,2023-24
1170,2024-01-15,Away,SAS,ATL,L,2.0,99,38,95,11,42,44,27,10,8,18,2023-24
1171,2024-01-15,Home,ATL,SAS,W,2.0,109,40,93,13,38,57,24,8,6,20,2023-24
1172,2024-01-15,Away,IND,UTA,L,1.0,105,38,95,9,31,43,27,9,4,14,2023-24
1173,2024-01-15,Home,MEM,GSW,W,2.0,116,32,86,20,54,42,24,13,10,13,2023-24
1174,2024-01-15,Home,NYK,ORL,L,2.0,94,33,83,13,40,41,20,3,3,10,2023-24
1175,2024-01-15,Away,CHI,CLE,L,2.0,91,35,83,9,32,43,21,8,6,19,2023-24
1176,2024-01-15,Away,ORL,NYK,W,2.0,98,38,85,8,29,46,26,2,3,8,2023-24
1177,2024-01-15,Away,MIA,BKN,W,1.0,96,33,87,8,31,54,22,6,4,13,2023-24
1178,2024-01-15,Away,DET,WAS,W,3.0,129,50,90,12,31,52,30,4,10,16,2023-24
1179,2024-01-15,Home,TOR,BOS,L,3.0,96,38,95,4,32,52,25,6,2,7,2023-24
1180,2024-01-15,Home,UTA,IND,W,2.0,132,45,81,11,25,46,29,5,8,15,2023-24
1181,2024-01-15,Home,WAS,DET,L,2.0,117,44,95,19,41,33,30,8,7,8,2023-24
1182,2024-01-15,Home,CLE,CHI,W,4.0,109,39,95,20,57,48,28,9,3,14,2023-24
1183,2024-01-15,Home,LAL,OKC,W,2.0,112,44,84,8,24,44,30,7,9,17,2023-24
1184,2024-01-15,Away,GSW,MEM,L,2.0,107,44,90,10,31,45,28,4,6,19,2023-24
1185,2024-01-15,Home,PHI,HOU,W,3.0,124,40,83,15,31,41,25,8,4,11,2023-24
1186,2024-01-15,Away,HOU,PHI,L,2.0,115,44,88,8,27,46,21,7,9,13,2023-24
1187,2024-01-15,Home,BKN,MIA,L,4.0,95,34,99,12,55,50,26,9,9,8,2023-24
1188,2024-01-15,Away,BOS,TOR,W,2.0,105,33,82,16,39,53,20,3,7,13,2023-24
1189,2024-01-15,Home,DAL,NOP,W,2.0,125,39,85,18,43,42,24,4,6,12,2023-24
1190,2024-01-15,Away,NOP,DAL,L,2.0,120,41,81,7,23,37,21,9,2,10,2023-24
1191,2024-01-16,Home,LAC,OKC,W,2.0,128,47,87,20,43,39,30,5,10,10,2023-24
1192,2024-01-16,Home,PHX,SAC,W,2.0,119,42,85,17,37,46,32,7,6,20,2023-24
1193,2024-01-16,Away,OKC,LAC,L,1.0,117,42,83,16,34,35,30,5,5,12,2023-24
1194,2024-01-16,Home,PHI,DEN,W,1.0,126,43,76,15,31,32,27,6,7,8,2023-24
1195,2024-01-16,Away,SAC,PHX,L,2.0,117,46,92,18,40,31,34,7,4,14,2023-24
1196,2024-01-16,Away,DEN,PHI,L,2.0,121,45,89,12,29,46,23,4,3,11,2023-24
1197,2024-01-17,Home,NYK,HOU,W,2.0,109,39,87,13,37,51,24,6,5,15,2023-24
1198,2024-01-17,Away,DAL,LAL,L,2.0,110,42,91,11,40,43,26,4,5,15,2023-24
1199,2024-01-17,Home,CLE,MIL,W,2.0,135,55,93,12,28,55,36,5,3,11,2023-24
1200,2024-01-17,Away,SAS,BOS,L,2.0,98,39,93,7,34,41,26,5,3,10,2023-24
1201,2024-01-17,Away,BKN,POR,L,2.0,103,35,73,15,38,33,28,9,3,11,2023-24
1202,2024-01-17,Away,MIA,TOR,L,2.0,97,41,90,6,28,37,24,4,5,14,2023-24
1203,2024-01-17,Away,MIN,DET,W,3.0,124,47,93,15,30,42,32,7,5,11,2023-24
1204,2024-01-17,Away,MIL,CLE,L,3.0,95,38,95,12,42,36,19,6,6,10,2023-24
1205,2024-01-17,Home,POR,BKN,W,3.0,105,42,86,9,27,41,21,2,2,13,2023-24
1206,2024-01-17,Home,LAL,DAL,W,2.0,127,49,91,12,28,45,33,8,1,11,2023-24
1207,2024-01-17,Away,ORL,ATL,L,2.0,104,39,88,10,35,40,18,16,8,13,2023-24
1208,2024-01-17,Away,HOU,NYK,L,2.0,94,35,84,8,30,38,23,6,9,10,2023-24
1209,2024-01-17,Home,NOP,CHA,W,2.0,132,44,88,25,47,50,32,11,3,13,2023-24
1210,2024-01-17,Home,BOS,SAS,W,2.0,117,42,90,18,38,54,22,5,6,14,2023-24
1211,2024-01-17,Away,CHA,NOP,L,3.0,112,39,90,19,45,41,29,7,8,14,2023-24
1212,2024-01-17,Home,ATL,ORL,W,2.0,106,39,76,8,25,41,21,8,2,23,2023-24
1213,2024-01-17,Home,TOR,MIA,W,2.0,121,45,88,20,38,45,34,9,4,12,2023-24
1214,2024-01-17,Home,DET,MIN,L,2.0,117,46,89,12,31,40,30,4,7,12,2023-24
1215,2024-01-18,Away,WAS,NYK,L,3.0,109,41,90,10,31,46,31,9,4,12,2023-24
1216,2024-01-18,Home,UTA,OKC,L,3.0,129,43,89,13,32,38,33,7,4,15,2023-24
1217,2024-01-18,Away,MEM,MIN,L,3.0,103,39,85,14,34,34,22,9,4,15,2023-24
1218,2024-01-18,Away,IND,SAC,W,3.0,126,49,89,13,33,34,33,5,6,12,2023-24
1219,2024-01-18,Away,OKC,UTA,W,2.0,134,48,86,14,32,38,36,8,10,16,2023-24
1220,2024-01-18,Home,NYK,WAS,W,1.0,113,39,86,13,38,47,22,6,5,17,2023-24
1221,2024-01-18,Home,TOR,CHI,L,1.0,110,42,83,10,38,38,31,7,5,14,2023-24
1222,2024-01-18,Home,SAC,IND,L,2.0,121,44,85,15,37,38,27,7,6,11,2023-24
1223,2024-01-18,Away,CHI,TOR,W,3.0,116,48,91,6,24,42,30,7,5,12,2023-24
1224,2024-01-18,Home,MIN,MEM,W,1.0,118,45,82,12,28,39,30,8,9,15,2023-24
1225,2024-01-19,Away,PHI,ORL,W,3.0,124,42,87,13,30,42,23,11,5,8,2023-24
1226,2024-01-19,Away,PHX,NOP,W,3.0,123,46,93,15,41,48,32,7,3,10,2023-24
1227,2024-01-19,Home,BOS,DEN,L,2.0,100,38,89,14,44,38,21,5,2,3,2023-24
1228,2024-01-19,Away,ATL,MIA,W,2.0,109,40,87,15,35,38,23,6,2,15,2023-24
1229,2024-01-19,Away,SAS,CHA,L,2.0,120,47,84,15,32,34,36,9,3,13,2023-24
1230,2024-01-19,Away,IND,POR,L,1.0,115,39,91,20,47,37,34,3,6,14,2023-24
1231,2024-01-19,Home,LAL,BKN,L,2.0,112,40,90,12,33,44,31,7,3,14,2023-24
1232,2024-01-19,Away,BKN,LAL,W,2.0,130,50,95,19,47,41,31,10,4,11,2023-24
1233,2024-01-19,Home,MIA,ATL,L,2.0,108,38,82,12,31,44,21,7,2,18,2023-24
1234,2024-01-19,Home,CHA,SAS,W,2.0,124,47,84,16,29,40,25,9,4,18,2023-24
1235,2024-01-19,Home,ORL,PHI,L,2.0,109,37,78,10,23,36,24,3,5,16,2023-24
1236,2024-01-19,Home,NOP,PHX,L,2.0,109,41,93,10,42,42,27,4,5,11,2023-24
1237,2024-01-19,Home,POR,IND,W,2.0,118,42,84,4,12,47,18,3,11,11,2023-24
1238,2024-01-19,Away,DEN,BOS,W,3.0,102,42,81,8,31,47,20,0,3,11,2023-24
1239,2024-01-20,Away,UTA,HOU,L,2.0,126,48,105,13,43,59,28,4,8,17,2023-24
1240,2024-01-20,Away,SAS,WAS,W,1.0,131,51,96,12,31,49,38,6,10,17,2023-24
1241,2024-01-20,Away,MEM,CHI,L,2.0,96,32,75,13,42,32,28,6,4,16,2023-24
1242,2024-01-20,Home,DET,MIL,L,3.0,135,44,94,21,37,40,30,6,2,9,2023-24
1243,2024-01-20,Away,OKC,MIN,W,2.0,102,32,81,8,24,37,21,12,4,8,2023-24
1244,2024-01-20,Home,WAS,SAS,L,2.0,127,49,103,9,29,46,28,10,4,12,2023-24
1245,2024-01-20,Home,CHI,MEM,W,2.0,125,47,91,14,33,52,32,11,5,12,2023-24
1246,2024-01-20,Away,MIL,DET,W,3.0,141,47,85,12,32,49,30,6,6,10,2023-24
1247,2024-01-20,Home,ATL,CLE,L,1.0,95,37,93,11,38,45,25,5,4,11,2023-24
1248,2024-01-20,Home,MIN,OKC,L,2.0,97,31,75,14,37,50,22,4,7,21,2023-24
1249,2024-01-20,Home,CHA,PHI,L,1.0,89,35,85,9,37,47,23,2,7,17,2023-24
1250,2024-01-20,Home,HOU,UTA,W,3.0,127,50,117,13,39,56,27,11,10,7,2023-24
1251,2024-01-20,Away,PHI,CHA,W,1.0,97,36,85,5,25,46,21,7,6,10,2023-24
1252,2024-01-20,Away,TOR,NYK,L,2.0,100,38,92,11,34,31,29,10,5,10,2023-24
1253,2024-01-20,Home,NYK,TOR,W,2.0,126,48,88,14,39,61,27,4,7,22,2023-24
1254,2024-01-20,Away,CLE,ATL,W,3.0,116,43,85,16,43,49,32,7,6,14,2023-24
1255,2024-01-21,Away,POR,LAL,L,2.0,110,42,90,9,29,35,24,7,5,14,2023-24
1256,2024-01-21,Home,WAS,DEN,L,1.0,104,39,91,8,27,40,31,6,9,13,2023-24
1257,2024-01-21,Home,LAL,POR,W,2.0,134,47,86,13,33,45,28,9,6,14,2023-24
1258,2024-01-21,Away,BOS,HOU,W,2.0,116,43,98,17,47,55,31,10,12,16,2023-24
1259,2024-01-21,Home,LAC,BKN,W,5.0,125,42,83,13,26,45,26,6,5,11,2023-24
1260,2024-01-21,Home,PHX,IND,W,2.0,117,47,82,8,25,44,25,7,5,17,2023-24
1261,2024-01-21,Away,MIA,ORL,L,2.0,87,30,80,12,37,36,22,9,1,18,2023-24
1262,2024-01-21,Away,IND,PHX,L,2.0,110,41,94,14,31,40,28,9,4,11,2023-24
1263,2024-01-21,Home,ORL,MIA,W,2.0,105,37,78,9,28,44,21,5,5,14,2023-24
1264,2024-01-21,Home,HOU,BOS,L,1.0,107,41,94,10,35,49,26,9,3,15,2023-24
1265,2024-01-21,Away,DEN,WAS,W,2.0,113,43,88,8,22,50,29,9,11,14,2023-24
1266,2024-01-21,Away,BKN,LAC,L,2.0,114,44,90,14,39,36,29,6,5,13,2023-24
1267,2024-01-22,Away,SAS,PHI,L,2.0,123,43,93,13,41,43,29,3,3,8,2023-24
1268,2024-01-22,Away,MEM,TOR,W,2.0,108,44,95,13,34,47,30,11,8,16,2023-24
1269,2024-01-22,Home,DET,MIL,L,2.0,113,40,89,10,30,42,25,4,9,10,2023-24
1270,2024-01-22,Home,SAC,ATL,W,4.0,122,43,93,12,38,51,22,8,2,9,2023-24
1271,2024-01-22,Away,BOS,DAL,W,1.0,119,41,88,15,46,44,26,7,8,6,2023-24
1272,2024-01-22,Home,DAL,BOS,L,5.0,110,43,97,14,40,48,24,4,4,10,2023-24
1273,2024-01-22,Home,TOR,MEM,L,2.0,100,35,79,8,23,47,31,7,8,17,2023-24
1274,2024-01-22,Home,ORL,CLE,L,1.0,99,34,74,11,29,34,25,7,0,15,2023-24
1275,2024-01-22,Away,ATL,SAC,L,2.0,107,36,93,14,40,50,19,2,7,12,2023-24
1276,2024-01-22,Away,CHA,MIN,W,2.0,128,50,88,14,37,35,30,8,4,10,2023-24
1277,2024-01-22,Away,CLE,ORL,W,2.0,126,45,80,20,38,39,29,10,4,12,2023-24
1278,2024-01-22,Home,PHX,CHI,W,1.0,115,44,85,14,34,39,32,5,5,7,2023-24
1279,2024-01-22,Away,MIL,DET,W,2.0,122,42,94,10,39,49,26,7,8,9,2023-24
1280,2024-01-22,Away,CHI,PHX,L,2.0,113,45,93,14,37,47,25,6,4,10,2023-24
1281,2024-01-22,Home,PHI,SAS,W,2.0,133,48,97,5,20,48,28,5,3,4,2023-24
1282,2024-01-22,Home,MIN,CHA,L,2.0,125,44,84,18,41,36,34,4,1,13,2023-24
1283,2024-01-23,Home,NOP,UTA,W,4.0,153,60,104,23,46,57,41,5,4,9,2023-24
1284,2024-01-23,Away,POR,OKC,L,2.0,109,37,86,18,39,46,27,6,6,19,2023-24
1285,2024-01-23,Away,UTA,NOP,L,3.0,124,43,92,12,36,38,27,4,8,8,2023-24
1286,2024-01-23,Home,IND,DEN,L,2.0,109,43,87,5,21,38,24,4,1,10,2023-24
1287,2024-01-23,Home,LAC,LAL,W,2.0,127,52,88,14,27,36,33,8,5,15,2023-24
1288,2024-01-23,Away,DEN,IND,W,2.0,114,44,88,11,33,42,22,5,9,12,2023-24
1289,2024-01-23,Away,NYK,BKN,W,3.0,108,40,86,10,29,42,21,8,8,14,2023-24
1290,2024-01-23,Home,BKN,NYK,L,2.0,103,42,95,15,42,40,29,7,5,13,2023-24
1291,2024-01-23,Away,LAL,LAC,L,2.0,116,45,92,11,32,41,27,9,8,15,2023-24
1292,2024-01-23,Home,OKC,POR,W,3.0,111,43,89,7,23,43,23,9,10,12,2023-24
1293,2024-01-24,Away,CLE,MIL,L,2.0,116,46,91,13,38,39,26,5,2,13,2023-24
1294,2024-01-24,Away,CHA,DET,L,2.0,106,38,87,15,38,48,27,5,5,11,2023-24
1295,2024-01-24,Home,MIL,CLE,W,2.0,126,45,90,11,29,46,24,9,3,12,2023-24
1296,2024-01-24,Away,MIN,WAS,W,2.0,118,42,100,9,32,48,26,8,7,7,2023-24
1297,2024-01-24,Away,OKC,SAS,W,1.0,140,54,96,18,40,47,36,11,8,16,2023-24
1298,2024-01-24,Home,GSW,ATL,W,9.0,134,51,91,16,33,49,26,6,9,10,2023-24
1299,2024-01-24,Home,MIA,MEM,L,3.0,96,33,82,11,34,44,21,9,9,17,2023-24
1300,2024-01-24,Away,POR,HOU,W,1.0,137,50,98,15,35,48,31,6,4,12,2023-24
1301,2024-01-24,Home,DET,CHA,W,2.0,113,43,86,15,38,44,26,4,0,11,2023-24
1302,2024-01-24,Away,MEM,MIA,W,2.0,105,36,80,17,36,44,30,8,6,18,2023-24
1303,2024-01-24,Away,PHX,DAL,W,2.0,132,51,85,14,34,49,30,10,4,16,2023-24
1304,2024-01-24,Home,SAS,OKC,L,2.0,114,43,86,9,32,38,30,7,11,19,2023-24
1305,2024-01-24,Away,ATL,GSW,L,2.0,112,39,94,14,43,45,30,7,2,11,2023-24
1306,2024-01-24,Home,DAL,PHX,L,2.0,109,41,89,17,43,33,25,4,3,14,2023-24
1307,2024-01-24,Home,HOU,POR,L,3.0,131,50,94,12,36,37,29,8,6,8,2023-24
1308,2024-01-24,Home,WAS,MIN,L,3.0,107,37,77,10,24,49,31,2,3,21,2023-24
1309,2024-01-25,Away,CHI,LAL,L,3.0,132,47,88,12,37,39,27,7,6,17,2023-24
1310,2024-01-25,Away,PHI,IND,L,3.0,122,42,87,7,29,31,24,13,6,12,2023-24
1311,2024-01-25,Home,LAL,CHI,W,2.0,141,53,87,20,31,30,35,10,4,14,2023-24
1312,2024-01-25,Away,DEN,NYK,L,2.0,84,34,84,5,26,40,20,2,2,19,2023-24
1313,2024-01-25,Away,SAC,GSW,W,3.0,134,48,91,22,48,34,33,8,5,10,2023-24
1314,2024-01-25,Home,WAS,UTA,L,1.0,108,43,88,7,30,35,33,11,7,11,2023-24
1315,2024-01-25,Away,MIN,BKN,W,1.0,96,37,75,10,21,38,24,6,4,17,2023-24
1316,2024-01-25,Home,BKN,MIN,L,2.0,94,35,77,10,33,32,22,7,3,15,2023-24
1317,2024-01-25,Away,BOS,MIA,W,3.0,143,51,80,22,40,47,36,4,5,11,2023-24
1318,2024-01-25,Home,NYK,DEN,W,2.0,122,45,85,15,38,44,26,12,3,10,2023-24
1319,2024-01-25,Home,GSW,SAC,L,1.0,133,48,86,19,37,33,30,7,3,13,2023-24
1320,2024-01-25,Home,MIA,BOS,L,1.0,110,42,94,16,42,31,25,7,1,5,2023-24
1321,2024-01-25,Away,UTA,WAS,W,2.0,123,50,97,13,31,52,34,6,2,16,2023-24
1322,2024-01-25,Home,IND,PHI,W,2.0,134,53,93,12,28,55,35,6,8,21,2023-24
1323,2024-01-26,Away,DAL,ATL,W,2.0,148,51,85,19,35,37,28,3,5,13,2023-24
1324,2024-01-26,Home,SAS,POR,W,2.0,116,42,92,10,34,59,30,12,5,18,2023-24
1325,2024-01-26,Home,CHA,HOU,L,2.0,104,35,85,9,29,32,20,6,7,13,2023-24
1326,2024-01-26,Home,ATL,DAL,L,2.0,143,51,97,15,34,36,32,7,2,7,2023-24
1327,2024-01-26,Home,NOP,OKC,L,3.0,83,32,82,9,36,41,24,9,5,20,2023-24
1328,2024-01-26,Away,POR,SAS,L,2.0,100,38,90,10,37,37,23,11,3,15,2023-24
1329,2024-01-26,Home,IND,PHX,W,1.0,133,58,109,8,26,48,34,8,3,13,2023-24
1330,2024-01-26,Away,OKC,NOP,W,2.0,107,42,88,10,33,45,22,11,5,13,2023-24
1331,2024-01-26,Home,MIL,CLE,L,2.0,100,35,87,13,34,51,21,6,4,18,2023-24
1332,2024-01-26,Away,LAC,TOR,W,3.0,127,48,95,9,32,50,29,6,7,11,2023-24
1333,2024-01-26,Away,PHX,IND,L,2.0,131,51,89,13,30,38,24,8,5,20,2023-24
1334,2024-01-26,Away,ORL,MEM,L,4.0,106,38,81,9,34,40,21,8,4,11,2023-24
1335,2024-01-26,Away,HOU,CHA,W,2.0,138,50,89,13,33,53,34,7,10,14,2023-24
1336,2024-01-26,Away,CLE,MIL,W,2.0,112,38,92,14,36,51,20,7,8,13,2023-24
1337,2024-01-26,Home,TOR,LAC,L,4.0,107,44,96,6,32,45,26,6,3,11,2023-24
1338,2024-01-26,Home,MEM,ORL,W,2.0,107,42,90,15,41,43,30,9,7,14,2023-24
1339,2024-01-27,Home,SAS,MIN,W,1.0,113,46,84,13,30,39,35,7,7,15,2023-24
1340,2024-01-27,Away,MIN,SAS,L,2.0,112,45,79,14,26,32,30,9,6,13,2023-24
1341,2024-01-27,Home,GSW,LAL,L,2.0,144,55,119,23,58,50,37,11,3,17,2023-24
1342,2024-01-27,Away,HOU,BKN,L,1.0,104,37,94,10,37,55,20,6,3,17,2023-24
1343,2024-01-27,Home,CHA,UTA,L,1.0,122,47,92,13,32,35,35,7,6,10,2023-24
1344,2024-01-27,Home,DET,WAS,L,3.0,104,37,85,9,32,45,22,2,8,17,2023-24
1345,2024-01-27,Home,MIL,NOP,W,1.0,141,51,91,20,45,45,30,12,0,9,2023-24
1346,2024-01-27,Home,BOS,LAC,L,2.0,96,36,100,10,40,52,21,2,9,11,2023-24
1347,2024-01-27,Away,WAS,DET,W,2.0,118,45,100,11,34,50,26,10,4,10,2023-24
1348,2024-01-27,Home,DAL,SAC,L,1.0,115,43,98,16,46,43,35,7,2,10,2023-24
1349,2024-01-27,Away,PHI,DEN,L,2.0,105,43,81,6,22,39,25,5,6,11,2023-24
1350,2024-01-27,Away,MIA,NYK,L,2.0,109,41,88,14,37,38,26,6,4,8,2023-24
1351,2024-01-27,Home,BKN,HOU,W,2.0,106,36,74,12,34,40,24,11,6,19,2023-24
1352,2024-01-27,Away,LAC,BOS,W,1.0,115,45,102,10,40,58,28,8,8,8,2023-24
1353,2024-01-27,Home,DEN,PHI,W,2.0,111,37,82,13,37,44,25,5,3,8,2023-24
1354,2024-01-27,Home,NYK,MIA,W,2.0,125,45,87,17,33,46,25,6,3,7,2023-24
1355,2024-01-27,Away,NOP,MIL,L,1.0,117,40,85,9,23,43,20,5,3,15,2023-24
1356,2024-01-27,Away,LAL,GSW,W,2.0,145,49,101,9,27,55,33,9,5,20,2023-24
1357,2024-01-27,Away,SAC,DAL,W,2.0,120,43,80,11,30,39,27,4,10,14,2023-24
1358,2024-01-27,Away,UTA,CHA,W,2.0,134,52,93,17,41,49,38,6,6,14,2023-24
1359,2024-01-28,Home,POR,CHI,L,2.0,96,32,79,6,33,48,22,2,5,14,2023-24
1360,2024-01-28,Away,MEM,IND,L,2.0,110,38,82,11,30,45,20,5,7,13,2023-24
1361,2024-01-28,Away,CHI,POR,W,3.0,104,42,90,8,32,40,27,7,10,5,2023-24
1362,2024-01-28,Home,IND,MEM,W,2.0,116,44,90,13,35,44,31,8,6,10,2023-24
1363,2024-01-28,Home,ATL,TOR,W,2.0,126,44,95,6,27,51,27,7,4,14,2023-24
1364,2024-01-28,Home,DET,OKC,W,1.0,120,47,95,11,26,53,27,6,2,9,2023-24
1365,2024-01-28,Away,TOR,ATL,L,2.0,125,41,89,15,31,46,29,12,3,14,2023-24
1366,2024-01-28,Home,ORL,PHX,W,2.0,113,41,92,12,36,40,30,12,7,10,2023-24
1367,2024-01-28,Away,OKC,DET,L,2.0,104,44,92,8,28,43,17,7,5,10,2023-24
1368,2024-01-28,Away,PHX,ORL,L,2.0,98,41,73,4,14,39,19,4,5,23,2023-24
1369,2024-01-29,Home,SAS,WAS,L,2.0,113,43,92,12,30,36,31,10,7,15,2023-24
1370,2024-01-29,Home,HOU,LAL,W,2.0,135,52,98,12,36,56,36,10,2,15,2023-24
1371,2024-01-29,Home,CHA,NYK,L,2.0,92,37,81,11,32,41,23,4,6,14,2023-24
1372,2024-01-29,Away,WAS,SAS,W,2.0,118,46,86,9,25,45,32,9,8,19,2023-24
1373,2024-01-29,Away,PHX,MIA,W,1.0,118,46,94,14,40,47,30,8,8,8,2023-24
1374,2024-01-29,Away,PHI,POR,L,2.0,104,37,83,5,29,34,17,6,5,17,2023-24
1375,2024-01-29,Home,BOS,NOP,W,2.0,118,43,85,17,46,40,27,7,5,11,2023-24
1376,2024-01-29,Away,LAC,CLE,L,2.0,108,38,80,11,34,37,28,8,3,13,2023-24
1377,2024-01-29,Away,MIN,OKC,W,2.0,107,40,83,14,29,45,21,7,2,13,2023-24
1378,2024-01-29,Away,LAL,HOU,L,2.0,119,45,91,13,35,35,26,10,6,12,2023-24
1379,2024-01-29,Away,ORL,DAL,L,1.0,129,45,88,18,38,35,27,7,1,12,2023-24
1380,2024-01-29,Away,SAC,MEM,W,2.0,103,43,84,11,38,51,24,10,1,19,2023-24
1381,2024-01-29,Home,DEN,MIL,W,2.0,113,44,91,4,18,47,29,7,4,8,2023-24
1382,2024-01-29,Home,BKN,UTA,W,2.0,147,54,105,21,45,50,41,12,9,9,2023-24
1383,2024-01-29,Home,DAL,ORL,W,2.0,131,43,69,13,27,35,27,6,2,15,2023-24
1384,2024-01-29,Home,MEM,SAC,L,1.0,94,30,80,13,36,37,22,11,1,14,2023-24
1385,2024-01-29,Home,POR,PHI,W,1.0,130,46,84,12,28,39,29,7,5,13,2023-24
1386,2024-01-29,Home,CLE,LAC,W,3.0,118,42,86,13,40,46,28,6,3,13,2023-24
1387,2024-01-29,Away,NYK,CHA,W,2.0,113,44,84,12,37,42,25,5,3,9,2023-24
1388,2024-01-29,Home,MIA,PHX,L,2.0,105,33,84,14,36,44,20,5,5,13,2023-24
1389,2024-01-29,Away,MIL,DEN,L,2.0,107,36,84,16,40,40,24,3,7,13,2023-24
1390,2024-01-29,Away,UTA,BKN,L,2.0,114,39,86,9,27,44,23,3,7,17,2023-24
1391,2024-01-29,Home,OKC,MIN,L,1.0,101,35,79,14,35,38,21,5,7,12,2023-24
1392,2024-01-29,Away,NOP,BOS,L,2.0,112,46,91,10,35,40,21,7,6,12,2023-24
1393,2024-01-30,Away,UTA,NYK,L,1.0,103,39,86,12,36,43,23,3,5,15,2023-24
1394,2024-01-30,Away,LAL,ATL,L,1.0,122,48,90,12,33,37,28,12,3,14,2023-24
1395,2024-01-30,Away,IND,BOS,L,2.0,124,50,108,12,39,50,33,4,2,8,2023-24
1396,2024-01-30,Home,ATL,LAL,W,2.0,138,53,101,16,38,46,32,10,2,12,2023-24
1397,2024-01-30,Away,TOR,CHI,W,2.0,118,43,83,14,29,38,34,10,4,20,2023-24
1398,2024-01-30,Away,PHI,GSW,L,1.0,107,39,85,13,30,39,11,14,2,16,2023-24
1399,2024-01-30,Home,BOS,IND,W,1.0,129,47,87,17,36,40,25,6,9,12,2023-24
1400,2024-01-30,Home,GSW,PHI,W,3.0,119,44,79,14,32,42,32,6,6,18,2023-24
1401,2024-01-30,Home,CHI,TOR,L,2.0,107,38,75,11,32,33,21,9,9,20,2023-24
1402,2024-01-30,Home,NYK,UTA,W,1.0,118,44,94,13,34,45,29,9,7,6,2023-24
1403,2024-01-31,Home,MIA,SAC,W,2.0,115,42,84,13,28,49,38,3,2,10,2023-24
1404,2024-01-31,Away,DAL,MIN,L,2.0,87,31,76,6,29,31,18,4,4,17,2023-24
1405,2024-01-31,Home,BKN,PHX,L,2.0,120,47,94,16,39,27,28,11,1,11,2023-24
1406,2024-01-31,Home,OKC,DEN,W,2.0,105,37,87,11,26,53,24,2,9,13,2023-24
1407,2024-01-31,Home,CLE,DET,W,2.0,128,47,89,12,35,33,26,13,5,9,2023-24
1408,2024-01-31,Away,LAC,WAS,W,2.0,125,47,100,12,30,52,25,9,7,8,2023-24
1409,2024-01-31,Away,CHI,CHA,W,1.0,117,45,87,11,29,44,28,4,7,10,2023-24
1410,2024-01-31,Away,DEN,OKC,L,2.0,100,37,93,15,37,47,21,7,9,10,2023-24
1411,2024-01-31,Away,SAC,MIA,L,2.0,106,41,93,12,40,44,26,6,3,9,2023-24
1412,2024-01-31,Away,NOP,HOU,W,2.0,110,41,82,11,34,56,20,3,6,16,2023-24
1413,2024-01-31,Away,ORL,SAS,W,2.0,108,41,86,7,20,45,29,10,5,16,2023-24
1414,2024-01-31,Home,SAS,ORL,L,2.0,98,36,80,9,31,41,24,9,9,19,2023-24
1415,2024-01-31,Home,MIN,DAL,W,2.0,121,45,80,13,30,45,31,6,4,10,2023-24
1416,2024-01-31,Away,MIL,POR,L,2.0,116,45,92,13,45,39,27,7,5,13,2023-24
1417,2024-01-31,Away,PHX,BKN,W,2.0,136,49,79,14,28,42,35,5,6,16,2023-24
1418,2024-01-31,Home,POR,MIL,W,2.0,119,49,92,12,28,39,26,9,1,11,2023-24
1419,2024-01-31,Home,CHA,CHI,L,2.0,110,40,90,16,46,40,25,4,6,10,2023-24
1420,2024-01-31,Home,HOU,NOP,L,2.0,99,35,87,13,44,29,19,11,2,5,2023-24
1421,2024-01-31,Home,WAS,LAC,L,2.0,109,45,97,9,29,45,19,4,10,13,2023-24
1422,2024-01-31,Away,DET,CLE,L,3.0,121,45,81,16,31,35,27,8,3,19,2023-24
1423,2024-02-01,Home,BOS,LAL,L,2.0,105,41,97,16,48,54,30,4,12,15,2023-24
1424,2024-02-01,Away,PHI,UTA,W,2.0,127,47,94,14,32,40,27,6,11,5,2023-24
1425,2024-02-01,Home,MEM,CLE,L,3.0,101,37,90,12,38,43,25,9,12,13,2023-24
1426,2024-02-01,Away,CLE,MEM,W,1.0,108,41,86,14,35,48,26,6,8,14,2023-24
1427,2024-02-01,Home,NYK,IND,W,2.0,109,41,103,8,38,60,15,8,7,10,2023-24
1428,2024-02-01,Home,UTA,PHI,L,2.0,124,45,87,12,36,43,36,3,9,11,2023-24
1429,2024-02-01,Away,IND,NYK,L,2.0,105,42,93,13,33,44,21,9,9,13,2023-24
1430,2024-02-01,Away,LAL,BOS,W,2.0,114,38,94,19,36,52,30,11,2,7,2023-24
1431,2024-02-02,Home,MIN,ORL,L,2.0,106,38,82,12,38,38,24,8,5,17,2023-24
1432,2024-02-02,Home,WAS,MIA,L,2.0,102,37,90,11,42,43,28,5,4,9,2023-24
1433,2024-02-02,Home,ATL,PHX,W,3.0,129,49,95,17,44,43,29,7,4,10,2023-24
1434,2024-02-02,Away,NOP,SAS,W,2.0,114,46,95,7,26,39,29,14,3,9,2023-24
1435,2024-02-02,Away,MIA,WAS,W,2.0,110,38,88,7,31,59,24,4,1,12,2023-24
1436,2024-02-02,Home,DEN,POR,W,2.0,120,46,91,12,36,48,34,3,6,12,2023-24
1437,2024-02-02,Home,SAS,NOP,L,2.0,113,46,96,10,39,55,35,6,10,18,2023-24
1438,2024-02-02,Home,HOU,TOR,W,2.0,135,55,93,11,31,49,30,9,3,15,2023-24
1439,2024-02-02,Away,PHX,ATL,L,2.0,120,47,88,14,37,38,31,6,5,17,2023-24
1440,2024-02-02,Home,OKC,CHA,W,2.0,126,44,75,17,36,44,31,10,10,19,2023-24
1441,2024-02-02,Away,TOR,HOU,L,3.0,106,40,91,11,33,37,17,11,5,14,2023-24
1442,2024-02-02,Away,SAC,IND,W,2.0,133,51,90,13,34,38,26,15,3,17,2023-24
1443,2024-02-02,Away,GSW,MEM,W,3.0,121,46,83,11,29,46,32,7,8,14,2023-24
1444,2024-02-02,Away,POR,DEN,L,2.0,108,37,80,10,28,37,14,7,4,10,2023-24
1445,2024-02-02,Away,LAC,DET,W,2.0,136,53,89,14,29,36,31,12,5,11,2023-24
1446,2024-02-02,Away,ORL,MIN,W,2.0,108,39,85,9,25,42,24,11,4,15,2023-24
1447,2024-02-02,Home,IND,SAC,L,1.0,122,46,85,10,29,39,23,13,3,22,2023-24
1448,2024-02-02,Home,DET,LAC,L,2.0,125,45,89,17,40,38,28,5,3,17,2023-24
1449,2024-02-02,Away,CHA,OKC,L,2.0,106,41,92,14,31,35,22,12,4,14,2023-24
1450,2024-02-02,Home,MEM,GSW,L,1.0,101,35,87,14,46,37,30,7,4,14,2023-24
1451,2024-02-03,Home,NYK,LAL,L,2.0,105,41,100,10,35,51,21,1,4,7,2023-24
1452,2024-02-03,Home,SAS,CLE,L,1.0,101,36,98,12,40,54,23,6,6,12,2023-24
1453,2024-02-03,Home,ATL,GSW,W,1.0,141,55,114,14,43,57,27,5,4,8,2023-24
1454,2024-02-03,Away,CLE,SAS,W,2.0,117,46,97,13,44,51,31,6,4,10,2023-24
1455,2024-02-03,Home,DAL,MIL,L,3.0,117,40,81,16,39,42,22,9,1,21,2023-24
1456,2024-02-03,Home,CHI,SAC,L,3.0,115,42,91,11,34,47,24,13,3,16,2023-24
1457,2024-02-03,Away,MIL,DAL,W,3.0,129,50,88,12,30,36,34,13,2,12,2023-24
1458,2024-02-03,Away,BKN,PHI,W,3.0,136,49,95,20,51,53,35,3,5,12,2023-24
1459,2024-02-03,Home,PHI,BKN,L,2.0,121,44,96,12,29,44,26,7,1,5,2023-24
1460,2024-02-03,Away,SAC,CHI,W,1.0,123,42,84,15,39,40,33,12,1,17,2023-24
1461,2024-02-03,Away,GSW,ATL,L,1.0,134,50,112,18,56,57,26,4,7,14,2023-24
1462,2024-02-03,Away,LAL,NYK,W,2.0,113,39,80,12,31,38,28,4,11,5,2023-24
1463,2024-02-04,Home,UTA,MIL,W,3.0,123,43,89,17,44,52,31,3,3,16,2023-24
1464,2024-02-04,Away,ORL,DET,W,2.0,111,45,84,10,24,37,22,7,3,10,2023-24
1465,2024-02-04,Home,DET,ORL,L,2.0,99,36,80,8,31,36,22,6,5,15,2023-24
1466,2024-02-04,Away,HOU,MIN,L,2.0,90,31,88,10,30,41,20,10,7,11,2023-24
1467,2024-02-04,Home,MIA,LAC,L,2.0,95,38,91,8,30,45,24,9,0,10,2023-24
1468,2024-02-04,Home,BOS,MEM,W,3.0,131,48,99,19,51,57,30,12,4,11,2023-24
1469,2024-02-04,Home,DEN,POR,W,2.0,112,42,86,12,28,42,26,8,6,9,2023-24
1470,2024-02-04,Away,MEM,BOS,L,2.0,91,35,92,11,38,46,19,5,3,20,2023-24
1471,2024-02-04,Home,WAS,PHX,L,2.0,112,47,96,7,32,35,32,11,4,18,2023-24
1472,2024-02-04,Away,POR,DEN,L,2.0,103,39,85,11,31,42,29,6,3,13,2023-24
1473,2024-02-04,Home,CHA,IND,L,2.0,99,35,88,8,29,43,18,6,5,11,2023-24
1474,2024-02-04,Home,OKC,TOR,W,2.0,135,52,110,23,63,45,40,6,8,11,2023-24
1475,2024-02-04,Away,IND,CHA,W,2.0,115,45,92,11,33,49,34,5,4,11,2023-24
1476,2024-02-04,Home,MIN,HOU,W,2.0,111,40,90,11,30,58,21,6,11,16,2023-24
1477,2024-02-04,Away,LAC,MIA,W,2.0,103,34,77,16,39,48,23,6,5,17,2023-24
1478,2024-02-04,Away,PHX,WAS,W,2.0,140,54,88,11,25,42,33,13,6,18,2023-24
1479,2024-02-04,Away,MIL,UTA,L,1.0,108,39,84,15,41,32,27,8,3,12,2023-24
1480,2024-02-04,Away,TOR,OKC,L,2.0,127,48,101,14,35,48,38,6,5,12,2023-24
1481,2024-02-05,Home,CHA,LAL,L,1.0,118,47,96,13,32,34,26,9,1,9,2023-24
1482,2024-02-05,Away,LAC,ATL,W,1.0,149,52,89,21,35,36,32,8,5,8,2023-24
1483,2024-02-05,Away,GSW,BKN,W,2.0,109,43,93,4,22,60,24,7,8,14,2023-24
1484,2024-02-05,Away,TOR,NOP,L,1.0,100,40,84,10,31,38,27,4,6,18,2023-24
1485,2024-02-05,Away,SAC,CLE,L,2.0,110,43,93,17,44,40,28,5,1,12,2023-24
1486,2024-02-05,Away,LAL,CHA,W,2.0,124,50,89,8,34,48,36,5,6,17,2023-24
1487,2024-02-05,Away,DAL,PHI,W,2.0,118,42,87,17,43,44,28,6,4,10,2023-24
1488,2024-02-05,Home,NOP,TOR,W,3.0,138,53,104,19,45,51,36,11,5,7,2023-24
1489,2024-02-05,Home,BKN,GSW,L,2.0,98,34,89,13,42,38,23,7,12,10,2023-24
1490,2024-02-05,Home,ATL,LAC,L,2.0,144,51,95,20,39,39,35,5,4,11,2023-24
1491,2024-02-05,Home,CLE,SAC,W,2.0,136,51,88,23,41,45,36,10,5,9,2023-24
1492,2024-02-05,Home,PHI,DAL,L,2.0,102,40,93,8,29,51,20,8,5,12,2023-24
1493,2024-02-06,Home,IND,HOU,W,2.0,132,54,86,15,32,25,35,7,7,12,2023-24
1494,2024-02-06,Away,ORL,MIA,L,2.0,95,35,80,10,35,39,25,7,3,18,2023-24
1495,2024-02-06,Home,PHX,MIL,W,2.0,114,44,87,8,28,49,17,8,5,14,2023-24
1496,2024-02-06,Away,HOU,IND,L,2.0,129,50,97,12,25,48,26,5,3,15,2023-24
1497,2024-02-06,Away,MIN,CHI,L,2.0,123,42,92,20,45,42,28,6,5,14,2023-24
1498,2024-02-06,Away,MEM,NYK,L,2.0,113,41,80,21,37,35,33,4,5,18,2023-24
1499,2024-02-06,Home,MIA,ORL,W,2.0,121,47,87,13,36,45,31,10,3,13,2023-24
1500,2024-02-06,Home,CHI,MIN,W,3.0,129,45,93,12,30,48,24,9,16,14,2023-24
1501,2024-02-06,Home,UTA,OKC,W,2.0,124,46,89,14,35,48,29,9,8,17,2023-24
1502,2024-02-06,Away,MIL,PHX,L,2.0,106,39,90,13,40,44,23,10,4,13,2023-24
1503,2024-02-06,Home,NYK,MEM,W,3.0,123,48,86,11,27,37,28,12,5,10,2023-24
1504,2024-02-06,Home,BKN,DAL,L,1.0,107,41,91,12,33,43,33,6,5,10,2023-24
1505,2024-02-06,Away,OKC,UTA,L,2.0,117,43,90,19,37,32,26,9,9,11,2023-24
1506,2024-02-06,Away,DAL,BKN,W,1.0,119,46,91,19,43,45,25,7,3,11,2023-24
1507,2024-02-07,Home,LAC,NOP,L,2.0,106,36,78,12,32,37,23,7,2,19,2023-24
1508,2024-02-07,Home,PHI,GSW,L,2.0,104,41,98,8,32,40,21,7,8,15,2023-24
1509,2024-02-07,Away,NOP,LAC,W,2.0,117,47,88,12,32,38,30,13,5,15,2023-24
1510,2024-02-07,Home,WAS,CLE,L,3.0,106,42,94,16,40,47,27,10,5,15,2023-24
1511,2024-02-07,Away,GSW,PHI,W,2.0,127,47,94,16,38,52,30,7,8,13,2023-24
1512,2024-02-07,Away,ATL,BOS,L,2.0,117,43,102,13,41,49,24,8,2,9,2023-24
1513,2024-02-07,Home,BOS,ATL,W,3.0,125,49,93,17,49,45,33,6,9,14,2023-24
1514,2024-02-07,Away,TOR,CHA,W,2.0,123,43,81,17,33,41,30,5,3,11,2023-24
1515,2024-02-07,Away,DET,SAC,W,3.0,133,47,84,17,31,48,32,2,2,13,2023-24
1516,2024-02-07,Away,CLE,WAS,W,2.0,114,43,88,12,35,46,25,4,5,14,2023-24
1517,2024-02-07,Home,CHA,TOR,L,2.0,117,44,90,16,39,38,27,6,2,10,2023-24
1518,2024-02-07,Home,SAC,DET,L,2.0,120,45,95,15,44,33,31,7,6,4,2023-24
1519,2024-02-07,Away,SAS,MIA,L,4.0,104,41,90,12,37,46,30,6,2,15,2023-24
1520,2024-02-07,Home,MIA,SAS,W,1.0,116,43,87,12,38,45,29,8,2,11,2023-24
1521,2024-02-08,Away,SAS,ORL,L,1.0,111,42,81,11,35,27,29,7,5,15,2023-24
1522,2024-02-08,Home,MIL,MIN,L,2.0,105,40,81,14,33,35,35,6,3,13,2023-24
1523,2024-02-08,Home,NYK,DAL,L,2.0,108,42,94,14,37,46,27,5,2,14,2023-24
1524,2024-02-08,Away,CHI,MEM,W,2.0,118,43,79,12,26,46,24,3,4,15,2023-24
1525,2024-02-08,Home,PHX,UTA,W,2.0,129,52,88,14,29,37,37,10,7,12,2023-24
1526,2024-02-08,Away,CLE,BKN,W,1.0,118,43,80,15,37,48,26,8,13,17,2023-24
1527,2024-02-08,Home,POR,DET,L,4.0,122,41,89,11,30,38,29,9,7,17,2023-24
1528,2024-02-08,Away,UTA,PHX,L,2.0,115,41,94,12,35,52,28,7,7,15,2023-24
1529,2024-02-08,Away,GSW,IND,W,1.0,131,52,93,17,32,49,33,7,7,17,2023-24
1530,2024-02-08,Away,MIN,MIL,W,2.0,129,48,87,21,41,43,34,8,3,8,2023-24
1531,2024-02-08,Away,DET,POR,W,1.0,128,45,93,16,27,45,26,3,7,17,2023-24
1532,2024-02-08,Away,DAL,NYK,W,2.0,122,43,82,18,42,40,30,7,6,9,2023-24
1533,2024-02-08,Home,ORL,SAS,W,2.0,127,49,82,16,27,39,34,11,5,17,2023-24
1534,2024-02-08,Home,LAL,DEN,L,3.0,106,41,89,8,25,39,27,12,10,7,2023-24
1535,2024-02-08,Home,IND,GSW,L,2.0,109,39,81,12,31,30,31,11,6,14,2023-24
1536,2024-02-08,Home,MEM,CHI,L,2.0,110,42,91,18,46,34,26,8,4,10,2023-24
1537,2024-02-08,Away,DEN,LAL,W,4.0,114,47,97,14,32,50,33,4,6,14,2023-24
1538,2024-02-08,Home,BKN,CLE,L,2.0,95,37,93,10,25,34,22,9,3,12,2023-24
1539,2024-02-09,Away,NOP,LAL,L,2.0,122,46,89,11,29,41,28,5,7,13,2023-24
1540,2024-02-09,Home,MIL,CHA,W,1.0,120,41,94,18,52,53,26,8,5,7,2023-24
1541,2024-02-09,Away,WAS,BOS,L,2.0,129,45,95,20,47,39,32,8,1,12,2023-24
1542,2024-02-09,Away,CHA,MIL,L,2.0,84,27,79,7,29,48,17,2,2,15,2023-24
1543,2024-02-09,Home,LAL,NOP,W,1.0,139,49,88,14,31,32,32,5,5,8,2023-24
1544,2024-02-09,Home,BOS,WAS,W,2.0,133,48,92,11,34,49,25,9,5,13,2023-24
1545,2024-02-09,Away,ATL,PHI,W,2.0,127,42,81,16,36,40,31,4,9,13,2023-24
1546,2024-02-09,Home,SAC,DEN,W,2.0,135,51,87,17,34,42,32,11,1,16,2023-24
1547,2024-02-09,Away,HOU,TOR,L,3.0,104,38,85,15,38,48,22,5,3,22,2023-24
1548,2024-02-09,Home,TOR,HOU,W,2.0,107,40,95,10,33,41,24,14,8,12,2023-24
1549,2024-02-09,Away,DEN,SAC,L,1.0,106,38,82,10,29,35,26,9,5,21,2023-24
1550,2024-02-09,Home,PHI,ATL,L,2.0,121,42,98,15,45,49,24,7,6,10,2023-24
1551,2024-02-10,Home,TOR,CLE,L,1.0,95,35,87,9,31,40,22,7,3,11,2023-24
1552,2024-02-10,Home,POR,NOP,L,2.0,84,33,76,6,21,42,19,7,4,18,2023-24
1553,2024-02-10,Away,PHX,GSW,L,2.0,112,43,94,11,34,42,28,9,8,14,2023-24
1554,2024-02-10,Away,SAS,BKN,L,2.0,103,36,91,11,34,41,20,5,3,14,2023-24
1555,2024-02-10,Away,OKC,DAL,L,4.0,111,38,98,17,47,40,23,5,4,10,2023-24
1556,2024-02-10,Home,ORL,CHI,W,2.0,114,41,88,13,39,48,23,4,6,17,2023-24
1557,2024-02-10,Home,NYK,IND,L,2.0,111,40,84,10,32,32,16,7,4,9,2023-24
1558,2024-02-10,Away,PHI,WAS,W,1.0,119,48,100,8,27,48,28,8,4,11,2023-24
1559,2024-02-10,Home,WAS,PHI,L,1.0,113,42,86,13,35,39,28,7,8,17,2023-24
1560,2024-02-10,Home,GSW,PHX,W,2.0,113,45,101,17,41,52,33,6,2,14,2023-24
1561,2024-02-10,Away,CLE,TOR,W,2.0,119,48,92,14,41,47,36,5,4,11,2023-24
1562,2024-02-10,Away,NOP,POR,W,1.0,93,36,76,10,27,36,27,9,6,12,2023-24
1563,2024-02-10,Home,DAL,OKC,W,2.0,146,53,91,15,38,54,30,8,3,12,2023-24
1564,2024-02-10,Away,DET,LAC,L,2.0,106,45,102,9,30,57,27,7,2,14,2023-24
1565,2024-02-10,Home,CHA,MEM,W,1.0,115,47,82,16,31,43,30,8,4,19,2023-24
1566,2024-02-10,Home,BKN,SAS,W,2.0,123,49,87,17,34,41,31,8,7,12,2023-24
1567,2024-02-10,Home,LAC,DET,W,3.0,112,37,82,13,39,35,20,9,6,11,2023-24
1568,2024-02-10,Away,HOU,ATL,L,1.0,113,44,100,13,43,58,22,6,6,17,2023-24
1569,2024-02-10,Away,CHI,ORL,L,2.0,108,43,99,12,37,43,21,10,6,8,2023-24
1570,2024-02-10,Away,MEM,CHA,L,2.0,106,43,92,16,44,32,33,12,5,12,2023-24
1571,2024-02-10,Home,ATL,HOU,W,1.0,122,40,88,14,41,41,25,7,8,11,2023-24
1572,2024-02-10,Away,IND,NYK,W,2.0,125,50,82,14,29,41,30,4,3,16,2023-24
1573,2024-02-11,Away,SAC,OKC,L,2.0,113,44,90,16,42,40,32,5,5,18,2023-24
1574,2024-02-11,Home,MIA,BOS,L,4.0,106,40,97,12,40,45,21,4,2,7,2023-24
1575,2024-02-11,Away,BOS,MIA,W,2.0,110,41,81,16,39,42,27,1,9,11,2023-24
1576,2024-02-11,Home,OKC,SAC,W,1.0,127,46,85,13,27,36,30,8,9,11,2023-24
1577,2024-02-12,Away,NYK,HOU,L,2.0,103,42,92,12,36,51,19,4,4,17,2023-24
1578,2024-02-12,Away,MIN,LAC,W,4.0,121,46,86,11,34,41,33,9,7,13,2023-24
1579,2024-02-12,Home,CHA,IND,W,2.0,111,44,82,10,34,46,27,5,3,19,2023-24
1580,2024-02-12,Away,IND,CHA,L,2.0,102,42,83,8,30,32,31,9,3,11,2023-24
1581,2024-02-12,Away,GSW,UTA,W,2.0,129,48,100,20,44,51,31,8,4,13,2023-24
1582,2024-02-12,Away,WAS,DAL,L,2.0,104,44,106,7,32,52,27,9,7,16,2023-24
1583,2024-02-12,Away,NOP,MEM,W,2.0,96,32,78,13,35,49,21,12,4,19,2023-24
1584,2024-02-12,Away,DEN,MIL,L,3.0,95,36,94,11,40,48,24,7,2,13,2023-24
1585,2024-02-12,Home,LAC,MIN,L,2.0,100,34,84,9,28,36,20,6,3,13,2023-24
1586,2024-02-12,Away,CHI,ATL,W,2.0,136,51,92,13,28,43,29,6,2,6,2023-24
1587,2024-02-12,Home,MIL,DEN,W,3.0,112,42,84,16,34,51,30,8,6,13,2023-24
1588,2024-02-12,Home,CLE,PHI,L,2.0,121,44,92,13,37,43,33,6,8,11,2023-24
1589,2024-02-12,Home,ATL,CHI,L,2.0,126,44,94,14,43,49,33,4,3,12,2023-24
1590,2024-02-12,Home,DAL,WAS,W,2.0,112,43,96,9,36,56,27,7,12,16,2023-24
1591,2024-02-12,Home,UTA,GSW,L,4.0,107,41,92,11,32,44,23,8,7,18,2023-24
1592,2024-02-12,Home,MEM,NOP,L,2.0,87,34,81,12,44,36,28,7,8,18,2023-24
1593,2024-02-12,Home,TOR,SAS,L,2.0,99,39,98,8,31,47,25,11,4,19,2023-24
1594,2024-02-12,Away,PHI,CLE,W,2.0,123,48,88,11,26,42,25,5,4,11,2023-24
1595,2024-02-12,Home,HOU,NYK,W,2.0,105,36,80,10,26,39,22,12,3,12,2023-24
1596,2024-02-12,Away,SAS,TOR,W,2.0,122,46,87,11,30,46,37,12,13,19,2023-24
1597,2024-02-13,Away,MIN,POR,W,1.0,121,39,84,13,33,41,24,8,9,12,2023-24
1598,2024-02-13,Away,DET,LAL,L,3.0,111,45,108,8,28,50,30,8,2,10,2023-24
1599,2024-02-13,Away,BOS,BKN,W,2.0,118,43,83,15,37,39,31,6,1,14,2023-24
1600,2024-02-13,Home,MIL,MIA,L,1.0,97,37,83,13,39,38,24,8,4,18,2023-24
1601,2024-02-13,Home,POR,MIN,L,3.0,109,39,87,11,29,44,26,5,1,16,2023-24
1602,2024-02-13,Away,OKC,ORL,W,2.0,127,46,84,13,32,31,28,9,8,12,2023-24
1603,2024-02-13,Home,BKN,BOS,L,3.0,110,39,79,15,33,37,28,6,3,12,2023-24
1604,2024-02-13,Home,PHX,SAC,W,3.0,130,44,85,13,31,39,29,11,6,12,2023-24
1605,2024-02-13,Home,ORL,OKC,L,3.0,113,41,91,11,36,48,29,6,3,16,2023-24
1606,2024-02-13,Away,MIA,MIL,W,2.0,123,45,87,19,40,47,34,10,3,14,2023-24
1607,2024-02-13,Home,LAL,DET,W,4.0,125,43,84,14,35,47,32,6,11,16,2023-24
1608,2024-02-13,Away,SAC,PHX,L,2.0,125,49,95,9,31,50,27,8,6,13,2023-24
1609,2024-02-14,Home,UTA,LAL,L,2.0,122,49,101,14,45,44,29,5,7,13,2023-24
1610,2024-02-14,Home,CHA,ATL,W,2.0,122,44,89,15,37,46,27,7,4,13,2023-24
1611,2024-02-14,Home,DEN,SAC,L,2.0,98,35,89,9,26,45,27,6,5,12,2023-24
1612,2024-02-14,Away,SAC,DEN,W,1.0,102,39,89,9,33,48,21,7,5,15,2023-24
1613,2024-02-14,Away,LAL,UTA,W,1.0,138,52,91,14,31,37,34,8,4,10,2023-24
1614,2024-02-14,Home,DAL,SAS,W,2.0,116,49,92,11,30,55,28,6,10,16,2023-24
1615,2024-02-14,Away,WAS,NOP,L,2.0,126,44,92,21,45,42,35,7,3,19,2023-24
1616,2024-02-14,Home,ORL,NYK,W,1.0,118,48,76,12,26,34,25,7,7,12,2023-24
1617,2024-02-14,Away,CHI,CLE,L,2.0,105,38,83,14,33,44,18,5,3,15,2023-24
1618,2024-02-14,Away,SAS,DAL,L,2.0,93,36,100,10,40,44,29,8,7,12,2023-24
1619,2024-02-14,Home,TOR,IND,L,2.0,125,50,98,6,26,56,30,6,7,15,2023-24
1620,2024-02-14,Home,MEM,HOU,W,2.0,121,39,79,15,35,46,27,8,11,11,2023-24
1621,2024-02-14,Away,LAC,GSW,W,2.0,130,44,88,13,38,48,28,6,4,12,2023-24
1622,2024-02-14,Home,PHI,MIA,L,2.0,104,41,86,10,35,39,29,3,1,14,2023-24
1623,2024-02-14,Home,BOS,BKN,W,1.0,136,52,91,22,45,51,32,6,5,10,2023-24
1624,2024-02-14,Home,GSW,LAC,L,2.0,125,47,103,18,47,47,34,7,2,9,2023-24
1625,2024-02-14,Away,ATL,CHA,L,2.0,99,36,89,9,38,45,23,5,6,16,2023-24
1626,2024-02-14,Away,DET,PHX,L,1.0,100,38,99,10,37,48,26,14,5,19,2023-24
1627,2024-02-14,Away,HOU,MEM,L,2.0,113,42,102,11,36,56,20,9,4,9,2023-24
1628,2024-02-14,Home,NOP,WAS,W,2.0,133,50,89,10,32,39,36,14,6,10,2023-24
1629,2024-02-14,Away,MIA,PHI,W,1.0,109,42,88,11,35,43,27,10,1,13,2023-24
1630,2024-02-14,Home,CLE,CHI,W,2.0,108,40,83,12,37,36,31,6,2,8,2023-24
1631,2024-02-14,Home,PHX,DET,W,1.0,116,35,77,10,31,54,28,15,11,24,2023-24
1632,2024-02-14,Away,BKN,BOS,L,1.0,86,31,81,10,31,31,27,5,1,12,2023-24
1633,2024-02-14,Away,NYK,ORL,L,2.0,100,35,84,11,29,34,15,8,0,12,2023-24
1634,2024-02-14,Away,IND,TOR,W,2.0,127,47,97,17,41,39,32,9,9,8,2023-24
1635,2024-02-15,Away,MIN,POR,W,2.0,128,46,89,11,30,52,24,8,5,14,2023-24
1636,2024-02-15,Away,GSW,UTA,W,1.0,140,49,92,20,42,41,42,8,6,13,2023-24
1637,2024-02-15,Away,MIL,MEM,L,2.0,110,42,90,11,44,44,24,10,5,14,2023-24
1638,2024-02-15,Home,POR,MIN,L,2.0,91,31,83,8,29,35,18,8,5,15,2023-24
1639,2024-02-15,Home,UTA,GSW,L,1.0,137,43,93,22,49,48,33,10,3,16,2023-24
1640,2024-02-15,Home,MEM,MIL,W,1.0,113,44,83,13,26,40,30,9,3,16,2023-24
1641,2024-02-22,Home,OKC,LAC,W,9.0,129,50,90,17,35,44,24,9,11,15,2023-24
1642,2024-02-22,Away,ORL,CLE,W,8.0,116,43,84,14,25,33,26,8,3,13,2023-24
1643,2024-02-22,Away,PHX,DAL,L,8.0,113,40,83,15,36,41,20,7,4,16,2023-24
1644,2024-02-22,Home,DAL,PHX,W,8.0,123,43,90,19,44,39,24,10,5,10,2023-24
1645,2024-02-22,Home,NOP,HOU,W,8.0,127,50,96,16,41,43,35,16,6,14,2023-24
1646,2024-02-22,Away,SAS,SAC,L,8.0,122,50,98,11,25,42,37,9,5,8,2023-24
1647,2024-02-22,Home,GSW,LAL,W,7.0,128,50,107,16,41,48,32,6,4,9,2023-24
1648,2024-02-22,Home,SAC,SAS,W,8.0,127,52,93,13,33,42,29,5,6,10,2023-24
1649,2024-02-22,Away,BKN,TOR,L,8.0,93,33,80,11,37,39,19,7,2,20,2023-24
1650,2024-02-22,Away,CHA,UTA,W,8.0,115,40,92,20,42,42,28,11,3,10,2023-24
1651,2024-02-22,Away,HOU,NOP,L,8.0,105,36,82,15,41,44,27,6,5,24,2023-24
1652,2024-02-22,Home,TOR,BKN,W,8.0,121,41,84,14,31,45,24,10,6,11,2023-24
1653,2024-02-22,Home,CHI,BOS,L,8.0,112,44,94,10,28,45,30,6,2,13,2023-24
1654,2024-02-22,Away,LAL,GSW,L,8.0,110,43,88,10,35,41,28,5,9,11,2023-24
1655,2024-02-22,Away,LAC,OKC,L,8.0,107,42,93,12,32,42,27,6,2,14,2023-24
1656,2024-02-22,Home,DEN,WAS,W,8.0,130,56,101,7,31,60,41,11,11,16,2023-24
1657,2024-02-22,Home,PHI,NYK,L,8.0,96,37,84,10,29,38,23,7,3,18,2023-24
1658,2024-02-22,Away,WAS,DEN,L,8.0,110,40,104,17,38,40,30,14,1,14,2023-24
1659,2024-02-22,Away,DET,IND,L,8.0,115,47,89,12,30,41,27,6,4,15,2023-24
1660,2024-02-22,Home,UTA,CHA,L,7.0,107,37,86,9,39,54,26,3,2,19,2023-24
1661,2024-02-22,Home,IND,DET,W,8.0,129,50,94,13,30,42,36,10,5,14,2023-24
1662,2024-02-22,Away,BOS,CHI,W,8.0,129,45,83,23,47,36,27,10,11,14,2023-24
1663,2024-02-22,Home,CLE,ORL,L,8.0,109,39,70,10,22,33,31,8,5,19,2023-24
1664,2024-02-22,Away,NYK,PHI,W,8.0,110,38,79,15,34,45,24,11,6,18,2023-24
1665,2024-02-23,Home,GSW,CHA,W,1.0,97,38,89,13,42,53,28,7,7,22,2023-24
1666,2024-02-23,Home,POR,DEN,L,8.0,112,46,101,8,25,45,25,11,2,11,2023-24
1667,2024-02-23,Away,MIA,NOP,W,9.0,106,38,82,13,29,46,20,6,11,15,2023-24
1668,2024-02-23,Away,TOR,ATL,W,1.0,123,50,102,15,39,47,37,3,7,12,2023-24
1669,2024-02-23,Away,CLE,PHI,L,1.0,97,34,80,8,27,43,24,5,8,11,2023-24
1670,2024-02-23,Away,LAC,MEM,W,1.0,101,37,84,12,32,51,20,7,2,21,2023-24
1671,2024-02-23,Away,PHX,HOU,L,1.0,110,38,95,7,31,58,23,10,8,10,2023-24
1672,2024-02-23,Away,SAS,LAL,L,1.0,118,42,96,15,38,47,33,9,7,14,2023-24
1673,2024-02-23,Home,ATL,TOR,L,9.0,121,46,106,12,39,54,27,5,4,9,2023-24
1674,2024-02-23,Home,OKC,WAS,W,1.0,147,55,92,20,40,56,30,5,9,15,2023-24
1675,2024-02-23,Home,MEM,LAC,L,8.0,95,38,91,8,35,41,26,12,3,13,2023-24
1676,2024-02-23,Home,PHI,CLE,W,1.0,104,40,90,12,29,51,20,6,7,10,2023-24
1677,2024-02-23,Away,DEN,POR,W,1.0,127,50,85,13,33,45,38,8,6,13,2023-24
1678,2024-02-23,Home,MIN,MIL,L,8.0,107,43,98,13,35,52,23,8,4,14,2023-24
1679,2024-02-23,Away,MIL,MIN,W,8.0,112,41,87,13,37,47,24,10,4,10,2023-24
1680,2024-02-23,Away,CHA,GSW,L,1.0,84,32,88,11,39,43,21,13,6,19,2023-24
1681,2024-02-23,Home,HOU,PHX,W,1.0,114,37,93,15,45,54,25,8,5,14,2023-24
1682,2024-02-23,Home,NOP,MIA,L,1.0,95,39,104,7,32,54,20,6,7,11,2023-24
1683,2024-02-23,Home,LAL,SAS,W,1.0,123,49,95,11,27,46,28,7,4,13,2023-24
1684,2024-02-23,Away,WAS,OKC,L,1.0,106,41,104,9,38,43,20,10,3,16,2023-24
1685,2024-02-24,Home,MIN,BKN,W,1.0,101,36,84,12,38,51,22,6,9,13,2023-24
1686,2024-02-24,Away,BKN,MIN,L,2.0,86,35,104,6,35,56,20,7,2,11,2023-24
1687,2024-02-24,Home,DET,ORL,L,2.0,109,43,85,14,31,36,29,7,7,12,2023-24
1688,2024-02-24,Away,BOS,NYK,W,2.0,116,46,81,15,35,36,27,8,4,7,2023-24
1689,2024-02-24,Home,NYK,BOS,L,2.0,102,37,82,13,38,39,21,1,3,14,2023-24
1690,2024-02-24,Away,ORL,DET,W,2.0,112,43,87,12,24,46,25,9,9,13,2023-24
1691,2024-02-25,Home,WAS,CLE,L,2.0,105,40,90,12,40,40,29,6,2,9,2023-24
1692,2024-02-25,Away,DAL,IND,L,3.0,111,41,87,14,31,38,15,9,4,16,2023-24
1693,2024-02-25,Home,NOP,CHI,L,2.0,106,40,88,16,41,49,25,5,7,19,2023-24
1694,2024-02-25,Away,DEN,GSW,W,2.0,119,43,88,11,32,45,29,10,5,10,2023-24
1695,2024-02-25,Home,ATL,ORL,W,2.0,109,41,90,12,29,44,31,10,3,10,2023-24
1696,2024-02-25,Home,GSW,DEN,L,2.0,103,35,81,11,34,42,27,5,3,17,2023-24
1697,2024-02-25,Home,UTA,SAS,W,3.0,128,46,90,17,35,38,36,13,8,17,2023-24
1698,2024-02-25,Away,CHA,POR,W,2.0,93,37,75,7,24,41,24,12,6,19,2023-24
1699,2024-02-25,Home,LAC,SAC,L,2.0,107,40,82,8,27,39,23,7,2,16,2023-24
1700,2024-02-25,Home,PHX,LAL,W,2.0,123,44,93,17,40,51,32,6,9,15,2023-24
1701,2024-02-25,Away,SAC,LAC,W,3.0,123,45,91,15,37,41,29,10,1,10,2023-24
1702,2024-02-25,Away,MIL,PHI,W,2.0,119,43,79,18,37,47,32,6,10,19,2023-24
1703,2024-02-25,Away,CLE,WAS,W,2.0,114,42,83,10,32,47,35,6,6,11,2023-24
1704,2024-02-25,Away,CHI,NOP,W,3.0,114,41,95,13,40,49,29,12,0,11,2023-24
1705,2024-02-25,Away,OKC,HOU,W,2.0,123,46,97,17,35,48,30,12,8,12,2023-24
1706,2024-02-25,Home,IND,DAL,W,3.0,133,52,93,14,36,46,38,12,0,15,2023-24
1707,2024-02-25,Away,SAS,UTA,L,2.0,109,42,91,13,31,46,34,8,11,20,2023-24
1708,2024-02-25,Away,ORL,ATL,L,1.0,92,35,84,14,38,51,23,7,9,20,2023-24
1709,2024-02-25,Home,PHI,MIL,L,2.0,98,36,97,16,46,41,24,12,5,10,2023-24
1710,2024-02-25,Away,LAL,PHX,L,2.0,113,47,90,15,35,34,28,7,4,12,2023-24
1711,2024-02-25,Home,HOU,OKC,L,2.0,110,38,93,16,41,50,18,6,7,18,2023-24
1712,2024-02-25,Home,POR,CHA,L,2.0,80,33,95,3,32,56,14,11,4,16,2023-24
1713,2024-02-26,Home,MEM,BKN,L,3.0,86,29,75,7,26,40,16,6,4,15,2023-24
1714,2024-02-26,Away,TOR,IND,W,3.0,130,53,96,12,28,45,35,4,7,12,2023-24
1715,2024-02-26,Away,BKN,MEM,W,2.0,111,44,90,15,42,46,32,5,5,10,2023-24
1716,2024-02-26,Home,IND,TOR,L,1.0,122,46,100,13,42,43,27,8,5,10,2023-24
1717,2024-02-26,Home,NYK,DET,W,2.0,113,41,92,15,39,44,31,9,4,14,2023-24
1718,2024-02-26,Away,DET,NYK,L,2.0,111,38,79,14,30,42,25,9,6,17,2023-24
1719,2024-02-26,Home,SAC,MIA,L,1.0,110,45,85,13,32,41,30,10,5,15,2023-24
1720,2024-02-26,Away,MIA,SAC,W,3.0,121,45,87,11,30,39,27,12,3,11,2023-24
1721,2024-02-27,Away,SAS,MIN,L,2.0,105,39,82,16,41,41,28,9,7,23,2023-24
1722,2024-02-27,Away,PHI,BOS,L,2.0,99,37,94,14,42,28,20,6,5,10,2023-24
1723,2024-02-27,Home,CLE,DAL,W,2.0,121,44,83,20,40,47,35,2,4,16,2023-24
1724,2024-02-27,Away,DET,CHI,W,1.0,105,37,75,14,37,47,22,3,8,20,2023-24
1725,2024-02-27,Home,POR,MIA,L,2.0,96,35,86,10,31,40,24,9,4,18,2023-24
1726,2024-02-27,Away,DAL,CLE,L,2.0,119,48,91,14,33,36,23,11,6,5,2023-24
1727,2024-02-27,Home,ORL,BKN,W,2.0,108,39,74,9,25,38,20,14,2,19,2023-24
1728,2024-02-27,Away,GSW,WAS,W,2.0,123,47,94,21,46,44,39,12,6,19,2023-24
1729,2024-02-27,Away,HOU,OKC,L,2.0,95,37,95,9,39,46,22,5,8,15,2023-24
1730,2024-02-27,Away,MIA,POR,W,1.0,106,37,70,14,26,34,29,8,8,20,2023-24
1731,2024-02-27,Home,WAS,GSW,L,2.0,112,46,93,12,35,41,34,5,5,21,2023-24
1732,2024-02-27,Home,MIL,CHA,W,2.0,123,46,89,16,40,51,29,7,3,10,2023-24
1733,2024-02-27,Away,BKN,ORL,L,1.0,81,31,79,8,31,35,18,10,1,22,2023-24
1734,2024-02-27,Away,NOP,NYK,W,2.0,115,39,77,18,34,44,23,4,5,15,2023-24
1735,2024-02-27,Home,MIN,SAS,W,3.0,114,43,93,13,31,46,28,16,8,14,2023-24
1736,2024-02-27,Home,CHI,DET,L,2.0,95,39,98,2,29,39,22,11,3,6,2023-24
1737,2024-02-27,Home,NYK,NOP,L,1.0,92,31,83,14,46,38,27,6,5,13,2023-24
1738,2024-02-27,Away,CHA,MIL,L,2.0,85,30,81,11,40,37,24,6,2,13,2023-24
1739,2024-02-27,Home,OKC,HOU,W,2.0,112,44,93,10,27,55,19,7,8,15,2023-24
1740,2024-02-27,Away,UTA,ATL,L,2.0,97,35,94,11,38,43,24,11,4,18,2023-24
1741,2024-02-27,Home,BOS,PHI,W,3.0,117,39,74,5,22,56,21,7,9,14,2023-24
1742,2024-02-27,Home,ATL,UTA,W,2.0,124,46,93,12,32,55,27,8,8,18,2023-24
1743,2024-02-28,Away,MEM,MIN,L,2.0,101,36,93,11,37,50,23,8,5,15,2023-24
1744,2024-02-28,Home,TOR,DAL,L,2.0,125,46,98,13,35,44,34,11,3,12,2023-24
1745,2024-02-28,Home,DEN,SAC,W,3.0,117,46,86,15,35,43,35,10,6,16,2023-24
1746,2024-02-28,Away,SAC,DEN,L,2.0,96,38,95,12,35,43,28,8,5,14,2023-24
1747,2024-02-28,Home,MIN,MEM,W,1.0,110,39,79,14,35,39,29,4,13,14,2023-24
1748,2024-02-28,Away,CLE,CHI,L,1.0,123,45,104,22,54,39,37,7,11,12,2023-24
1749,2024-02-28,Home,IND,NOP,W,2.0,123,50,102,14,38,50,34,5,9,10,2023-24
1750,2024-02-28,Home,CHI,CLE,W,1.0,132,44,110,13,37,74,29,6,8,19,2023-24
1751,2024-02-28,Away,DAL,TOR,W,1.0,136,52,96,15,43,50,32,7,10,16,2023-24
1752,2024-02-28,Away,LAL,LAC,W,3.0,116,47,86,14,36,39,28,6,5,17,2023-24
1753,2024-02-28,Away,NOP,IND,L,1.0,114,42,90,11,29,40,26,2,4,10,2023-24
1754,2024-02-28,Home,LAC,LAL,L,3.0,112,45,89,10,37,36,29,10,1,14,2023-24
1755,2024-02-29,Away,OKC,SAS,L,2.0,118,44,89,9,31,37,20,6,2,11,2023-24
1756,2024-02-29,Home,PHX,HOU,W,4.0,110,36,89,13,37,51,20,6,6,14,2023-24
1757,2024-02-29,Away,MIL,CHA,W,2.0,111,39,86,16,39,44,21,9,3,8,2023-24
1758,2024-02-29,Home,NYK,GSW,L,2.0,99,35,95,12,39,56,23,7,3,13,2023-24
1759,2024-02-29,Away,UTA,ORL,L,2.0,107,34,80,16,37,37,25,8,1,13,2023-24
1760,2024-02-29,Home,CHA,MIL,L,2.0,99,36,82,12,39,42,24,3,3,13,2023-24
1761,2024-02-29,Away,HOU,PHX,L,2.0,105,33,99,11,45,58,14,8,5,13,2023-24
1762,2024-02-29,Away,GSW,NYK,W,2.0,110,44,98,14,44,53,26,8,5,11,2023-24
1763,2024-02-29,Home,DEN,MIA,W,1.0,103,36,84,12,34,41,22,10,8,15,2023-24
1764,2024-02-29,Home,ORL,UTA,W,2.0,115,42,77,10,30,45,27,9,6,15,2023-24
1765,2024-02-29,Home,SAS,OKC,W,2.0,132,48,91,19,39,45,39,6,8,12,2023-24
1766,2024-02-29,Home,BKN,ATL,W,2.0,124,46,90,22,46,43,30,6,4,10,2023-24
1767,2024-02-29,Home,LAL,WAS,W,1.0,134,53,101,8,23,45,30,6,6,11,2023-24
1768,2024-02-29,Away,ATL,BKN,L,2.0,97,37,86,8,28,39,18,3,8,14,2023-24
1769,2024-02-29,Away,WAS,LAL,L,2.0,131,52,102,17,41,45,35,6,6,15,2023-24
1770,2024-02-29,Away,MIA,DEN,L,2.0,97,35,83,7,26,45,21,10,1,15,2023-24
1771,2024-03-01,Home,LAC,WAS,W,2.0,140,54,94,13,32,49,32,5,7,9,2023-24
1772,2024-03-01,Home,PHI,CHA,W,3.0,121,46,96,19,44,48,38,5,7,7,2023-24
1773,2024-03-01,Home,TOR,GSW,L,2.0,105,41,95,12,45,47,31,9,2,14,2023-24
1774,2024-03-01,Away,WAS,LAC,L,1.0,115,46,98,12,34,39,29,5,3,10,2023-24
1775,2024-03-01,Away,POR,MEM,W,3.0,122,48,92,13,31,46,31,13,8,14,2023-24
1776,2024-03-01,Away,DAL,BOS,L,2.0,110,44,94,9,34,42,20,4,4,8,2023-24
1777,2024-03-01,Home,BOS,DAL,W,3.0,138,52,94,21,43,47,33,4,8,9,2023-24
1778,2024-03-01,Away,CHA,PHI,L,1.0,114,43,84,14,33,32,24,5,6,5,2023-24
1779,2024-03-01,Away,GSW,TOR,W,1.0,120,44,98,18,44,56,26,10,5,14,2023-24
1780,2024-03-01,Home,MIN,SAC,L,2.0,120,42,85,12,31,44,29,4,5,13,2023-24
1781,2024-03-01,Home,DET,CLE,L,3.0,100,33,89,10,36,42,24,10,7,9,2023-24
1782,2024-03-01,Home,NOP,IND,W,2.0,129,48,86,15,32,47,25,9,4,17,2023-24
1783,2024-03-01,Away,IND,NOP,L,2.0,102,40,95,10,32,44,25,9,8,16,2023-24
1784,2024-03-01,Home,MEM,POR,L,2.0,92,35,79,9,24,30,15,6,8,23,2023-24
1785,2024-03-01,Away,SAC,MIN,W,2.0,124,50,100,11,29,45,29,8,6,8,2023-24
1786,2024-03-01,Away,MIL,CHI,W,1.0,113,37,86,15,46,49,22,7,4,7,2023-24
1787,2024-03-01,Away,CLE,DET,W,2.0,110,33,83,18,41,53,25,7,6,16,2023-24
1788,2024-03-01,Home,CHI,MIL,L,2.0,97,36,86,11,27,44,25,4,2,12,2023-24
1789,2024-03-02,Home,MIA,UTA,W,2.0,126,46,88,13,34,34,33,6,6,6,2023-24
1790,2024-03-02,Away,DEN,LAL,W,2.0,124,54,92,11,26,47,34,5,7,10,2023-24
1791,2024-03-02,Away,ATL,BKN,L,2.0,102,37,87,11,34,42,23,4,4,12,2023-24
1792,2024-03-02,Home,LAL,DEN,L,2.0,114,47,89,12,29,31,33,5,4,7,2023-24
1793,2024-03-02,Home,PHX,HOU,L,2.0,109,39,85,9,29,47,23,6,6,19,2023-24
1794,2024-03-02,Home,MEM,POR,L,1.0,100,30,83,15,40,45,21,15,9,24,2023-24
1795,2024-03-02,Away,POR,MEM,W,1.0,107,39,92,11,35,50,23,8,5,23,2023-24
1796,2024-03-02,Away,UTA,MIA,L,2.0,120,42,87,14,35,42,24,3,5,11,2023-24
1797,2024-03-02,Home,BKN,ATL,W,2.0,114,41,88,15,32,45,28,6,8,11,2023-24
1798,2024-03-02,Away,HOU,PHX,W,2.0,118,42,96,16,42,49,27,13,3,13,2023-24
1799,2024-03-03,Away,PHI,DAL,W,2.0,120,40,88,11,37,42,26,10,5,9,2023-24
1800,2024-03-03,Home,PHX,OKC,L,1.0,110,40,91,14,39,50,26,2,7,22,2023-24
1801,2024-03-03,Away,IND,SAS,L,2.0,105,41,93,6,30,42,20,9,4,12,2023-24
1802,2024-03-03,Away,DET,ORL,L,2.0,91,33,86,8,36,28,25,11,2,12,2023-24
1803,2024-03-03,Home,MIN,LAC,L,2.0,88,31,80,9,33,54,24,4,7,15,2023-24
1804,2024-03-03,Home,BOS,GSW,W,2.0,140,53,96,25,49,51,35,10,5,8,2023-24
1805,2024-03-03,Away,GSW,BOS,L,2.0,88,36,92,7,41,46,24,2,3,17,2023-24
1806,2024-03-03,Away,NYK,CLE,W,3.0,107,42,86,16,39,47,32,8,9,12,2023-24
1807,2024-03-03,Away,LAC,MIN,W,2.0,89,32,85,10,34,40,17,7,5,9,2023-24
1808,2024-03-03,Home,CLE,NYK,L,2.0,98,39,87,17,44,39,31,7,5,11,2023-24
1809,2024-03-03,Away,OKC,PHX,W,3.0,118,49,102,9,31,41,21,16,8,6,2023-24
1810,2024-03-03,Home,SAS,IND,W,3.0,117,46,85,10,25,45,33,6,8,16,2023-24
1811,2024-03-03,Home,TOR,CHA,W,2.0,111,42,91,13,38,45,27,8,6,16,2023-24
1812,2024-03-03,Home,DAL,PHI,L,2.0,116,40,86,16,41,45,20,6,2,17,2023-24
1813,2024-03-03,Away,CHA,TOR,L,2.0,106,43,92,8,27,45,24,8,6,17,2023-24
1814,2024-03-03,Home,ORL,DET,W,3.0,113,43,72,7,23,48,24,7,6,22,2023-24
1815,2024-03-04,Away,WAS,UTA,L,3.0,115,40,94,16,38,43,26,6,3,15,2023-24
1816,2024-03-04,Away,OKC,LAL,L,1.0,104,37,94,15,39,38,22,12,7,10,2023-24
1817,2024-03-04,Home,UTA,WAS,W,2.0,127,49,101,16,40,51,29,6,9,13,2023-24
1818,2024-03-04,Home,MIN,POR,W,1.0,119,40,79,11,28,40,28,9,7,11,2023-24
1819,2024-03-04,Home,SAC,CHI,L,3.0,109,41,92,11,37,51,29,6,6,18,2023-24
1820,2024-03-04,Away,POR,MIN,L,2.0,114,45,92,16,39,41,28,5,3,14,2023-24
1821,2024-03-04,Away,MEM,BKN,W,2.0,106,38,82,12,37,50,26,6,3,19,2023-24
1822,2024-03-04,Away,LAC,MIL,L,1.0,106,37,84,16,40,38,25,9,3,14,2023-24
1823,2024-03-04,Home,MIL,LAC,W,3.0,113,37,78,15,38,46,20,8,3,12,2023-24
1824,2024-03-04,Away,CHI,SAC,W,3.0,113,42,84,11,32,32,28,9,2,10,2023-24
1825,2024-03-04,Home,LAL,OKC,W,2.0,116,41,80,16,34,55,29,8,7,21,2023-24
1826,2024-03-04,Home,BKN,MEM,L,2.0,102,35,79,15,42,33,27,10,6,13,2023-24
1827,2024-03-05,Home,BKN,PHI,W,1.0,112,41,84,12,30,44,25,4,7,14,2023-24
1828,2024-03-05,Away,SAS,HOU,L,2.0,101,38,87,12,36,50,24,1,10,19,2023-24
1829,2024-03-05,Away,PHI,BKN,L,2.0,107,40,82,12,28,38,25,6,2,12,2023-24
1830,2024-03-05,Away,PHX,DEN,W,2.0,117,42,96,15,34,52,32,9,7,10,2023-24
1831,2024-03-05,Home,MIA,DET,W,3.0,118,42,85,14,31,42,27,7,5,9,2023-24
1832,2024-03-05,Away,BOS,CLE,L,2.0,104,39,93,15,38,53,24,6,9,13,2023-24
1833,2024-03-05,Home,DEN,PHX,L,3.0,107,41,96,15,40,51,25,6,6,15,2023-24
1834,2024-03-05,Home,DAL,IND,L,2.0,120,45,93,13,39,41,23,5,6,9,2023-24
1835,2024-03-05,Home,NYK,ATL,L,2.0,100,38,99,16,52,40,27,8,6,12,2023-24
1836,2024-03-05,Away,IND,DAL,W,2.0,137,50,93,18,39,43,34,3,2,9,2023-24
1837,2024-03-05,Away,DET,MIA,L,2.0,110,39,89,12,42,42,26,5,3,11,2023-24
1838,2024-03-05,Away,NOP,TOR,W,4.0,139,53,105,24,49,62,38,9,5,11,2023-24
1839,2024-03-05,Away,ATL,NYK,W,3.0,116,44,87,10,31,51,26,6,5,16,2023-24
1840,2024-03-05,Away,ORL,CHA,W,2.0,101,40,74,13,35,41,23,9,1,18,2023-24
1841,2024-03-05,Home,TOR,NOP,L,2.0,98,36,93,13,44,45,21,6,7,12,2023-24
1842,2024-03-05,Home,HOU,SAS,W,3.0,114,49,105,9,34,51,23,15,5,7,2023-24
1843,2024-03-05,Home,CHA,ORL,L,2.0,89,33,72,12,33,31,19,7,1,19,2023-24
1844,2024-03-05,Home,CLE,BOS,W,2.0,105,39,90,20,42,42,28,11,3,9,2023-24
1845,2024-03-06,Home,UTA,CHI,L,2.0,117,44,96,15,47,45,28,4,7,10,2023-24
1846,2024-03-06,Home,GSW,MIL,W,3.0,125,51,91,19,39,50,37,10,13,16,2023-24
1847,2024-03-06,Away,OKC,POR,W,2.0,128,43,74,9,22,39,23,10,5,18,2023-24
1848,2024-03-06,Home,HOU,LAC,L,1.0,116,45,94,16,37,38,33,6,2,8,2023-24
1849,2024-03-06,Home,POR,OKC,L,2.0,120,41,81,14,34,32,27,10,2,17,2023-24
1850,2024-03-06,Away,MEM,PHI,W,2.0,115,41,91,13,37,54,21,3,15,15,2023-24
1851,2024-03-06,Home,ATL,CLE,W,1.0,112,43,84,11,30,42,27,7,3,11,2023-24
1852,2024-03-06,Away,ORL,WAS,W,1.0,119,44,81,12,26,42,21,4,5,15,2023-24
1853,2024-03-06,Home,PHI,MEM,L,1.0,109,39,102,13,35,47,25,11,9,11,2023-24
1854,2024-03-06,Away,CHI,UTA,W,2.0,119,45,90,17,39,39,29,7,4,9,2023-24
1855,2024-03-06,Away,SAC,LAL,W,2.0,130,54,97,12,31,46,32,8,2,14,2023-24
1856,2024-03-06,Home,WAS,ORL,L,2.0,109,40,88,12,38,35,26,7,4,9,2023-24
1857,2024-03-06,Away,LAC,HOU,W,2.0,122,44,80,12,29,41,19,5,8,9,2023-24
1858,2024-03-06,Away,CLE,ATL,L,1.0,101,39,89,10,44,42,27,5,4,15,2023-24
1859,2024-03-06,Away,MIL,GSW,L,2.0,90,34,89,11,39,36,19,8,5,15,2023-24
1860,2024-03-06,Home,LAL,SAC,L,2.0,120,42,81,15,32,34,25,4,5,14,2023-24
1861,2024-03-07,Home,DAL,MIA,W,2.0,114,40,87,16,41,45,27,5,6,10,2023-24
1862,2024-03-07,Away,SAS,SAC,L,2.0,129,46,91,16,33,37,39,8,4,12,2023-24
1863,2024-03-07,Home,SAC,SAS,W,1.0,131,52,102,10,32,46,31,8,3,13,2023-24
1864,2024-03-07,Away,MIA,DAL,L,2.0,108,40,82,17,38,37,30,7,2,12,2023-24
1865,2024-03-07,Away,MIN,IND,W,3.0,113,46,98,7,25,48,23,9,6,11,2023-24
1866,2024-03-07,Home,DEN,BOS,W,2.0,115,45,90,4,21,45,27,10,4,8,2023-24
1867,2024-03-07,Home,PHX,TOR,W,2.0,120,44,86,15,35,49,29,6,6,16,2023-24
1868,2024-03-07,Home,IND,MIN,L,2.0,111,42,82,10,26,39,26,5,10,15,2023-24
1869,2024-03-07,Away,BOS,DEN,L,2.0,109,41,91,11,38,47,24,6,3,12,2023-24
1870,2024-03-07,Home,GSW,CHI,L,1.0,122,44,97,11,42,48,31,8,2,11,2023-24
1871,2024-03-07,Away,TOR,PHX,L,2.0,113,43,94,16,44,36,30,5,2,9,2023-24
1872,2024-03-07,Away,CHI,GSW,W,1.0,125,46,87,16,36,40,29,6,5,14,2023-24
1873,2024-03-07,Away,BKN,DET,L,2.0,112,41,84,17,41,28,24,12,4,14,2023-24
1874,2024-03-07,Home,DET,BKN,W,2.0,118,43,82,12,30,50,24,7,4,23,2023-24
1875,2024-03-08,Home,MEM,ATL,L,2.0,92,30,74,10,26,38,21,10,11,13,2023-24
1876,2024-03-08,Away,MIN,CLE,L,1.0,104,39,94,8,30,45,25,5,5,14,2023-24
1877,2024-03-08,Away,HOU,POR,W,2.0,123,45,94,14,37,47,33,12,10,7,2023-24
1878,2024-03-08,Home,WAS,CHA,W,2.0,112,43,87,6,33,54,25,5,11,11,2023-24
1879,2024-03-08,Away,MIL,LAL,L,2.0,122,46,93,16,41,43,28,3,2,8,2023-24
1880,2024-03-08,Home,POR,HOU,L,2.0,107,37,89,16,35,49,22,5,5,17,2023-24
1881,2024-03-08,Away,CHA,WAS,L,3.0,100,40,100,9,42,48,18,6,5,7,2023-24
1882,2024-03-08,Away,MIA,OKC,L,1.0,100,38,82,11,29,43,24,6,5,11,2023-24
1883,2024-03-08,Home,LAL,MIL,W,2.0,123,47,90,16,34,38,27,2,7,5,2023-24
1884,2024-03-08,Away,ORL,NYK,L,2.0,74,27,79,6,26,37,12,7,10,14,2023-24
1885,2024-03-08,Home,PHI,NOP,L,2.0,95,35,88,9,37,42,21,8,7,12,2023-24
1886,2024-03-08,Home,CLE,MIN,W,2.0,113,38,88,11,34,46,27,7,8,13,2023-24
1887,2024-03-08,Home,OKC,MIA,W,2.0,107,42,89,12,38,45,28,5,8,9,2023-24
1888,2024-03-08,Away,NOP,PHI,W,3.0,103,35,79,11,31,48,22,7,10,14,2023-24
1889,2024-03-08,Away,ATL,MEM,W,2.0,99,37,87,15,35,47,21,9,5,16,2023-24
1890,2024-03-08,Home,NYK,ORL,W,3.0,98,38,79,16,33,43,20,7,10,16,2023-24
1891,2024-03-09,Away,DAL,DET,W,2.0,142,51,92,14,38,36,29,13,8,14,2023-24
1892,2024-03-09,Away,TOR,POR,L,2.0,118,43,91,16,43,43,29,9,6,20,2023-24
1893,2024-03-09,Away,BKN,CHA,L,2.0,99,36,90,14,42,41,22,4,2,16,2023-24
1894,2024-03-09,Home,LAC,CHI,W,3.0,112,42,84,12,35,45,29,7,6,16,2023-24
1895,2024-03-09,Away,UTA,DEN,L,3.0,121,47,94,8,26,36,22,7,2,15,2023-24
1896,2024-03-09,Away,SAS,GSW,W,2.0,126,44,86,17,33,49,34,6,6,14,2023-24
1897,2024-03-09,Home,DEN,UTA,W,2.0,142,55,83,19,32,32,40,8,10,14,2023-24
1898,2024-03-09,Home,GSW,SAS,L,2.0,113,41,88,10,30,39,26,9,7,12,2023-24
1899,2024-03-09,Away,CHI,LAC,L,2.0,102,37,86,13,35,38,27,7,3,12,2023-24
1900,2024-03-09,Away,BOS,PHX,W,2.0,117,46,94,15,39,43,29,7,4,12,2023-24
1901,2024-03-09,Home,PHX,BOS,L,2.0,107,44,87,9,31,41,21,6,1,15,2023-24
1902,2024-03-09,Home,POR,TOR,W,1.0,128,49,103,16,40,52,31,10,3,15,2023-24
1903,2024-03-09,Home,CHA,BKN,W,1.0,110,44,81,11,30,45,26,9,3,17,2023-24
1904,2024-03-09,Home,DET,DAL,L,2.0,124,45,99,13,37,56,27,8,4,20,2023-24
1905,2024-03-10,Home,ORL,IND,L,2.0,97,33,88,9,36,46,18,7,3,13,2023-24
1906,2024-03-10,Away,WAS,MIA,W,2.0,110,39,81,16,39,40,35,5,5,15,2023-24
1907,2024-03-10,Home,LAL,MIN,W,2.0,120,44,83,10,24,56,29,9,4,21,2023-24
1908,2024-03-10,Home,MIA,WAS,L,2.0,108,43,95,10,33,51,20,9,6,13,2023-24
1909,2024-03-10,Away,NOP,ATL,W,2.0,116,43,75,14,27,43,32,8,7,12,2023-24
1910,2024-03-10,Away,BKN,CLE,W,1.0,120,42,79,18,35,40,33,7,3,15,2023-24
1911,2024-03-10,Home,NYK,PHI,L,2.0,73,26,80,9,40,50,19,9,5,21,2023-24
1912,2024-03-10,Home,ATL,NOP,L,2.0,103,38,91,17,46,41,28,6,4,11,2023-24
1913,2024-03-10,Home,OKC,MEM,W,2.0,124,49,93,21,47,46,36,8,6,10,2023-24
1914,2024-03-10,Home,LAC,MIL,L,1.0,117,47,104,14,47,52,30,3,9,10,2023-24
1915,2024-03-10,Away,MIN,LAL,L,2.0,109,41,97,16,46,38,27,8,6,12,2023-24
1916,2024-03-10,Away,HOU,SAC,W,2.0,112,39,84,12,29,42,23,8,1,12,2023-24
1917,2024-03-10,Away,MEM,OKC,L,2.0,93,32,78,11,33,39,21,8,4,16,2023-24
1918,2024-03-10,Away,PHI,NYK,W,2.0,79,31,80,9,30,47,20,9,5,15,2023-24
1919,2024-03-10,Home,CLE,BKN,L,2.0,101,37,76,14,32,31,25,8,4,12,2023-24
1920,2024-03-10,Away,IND,ORL,W,3.0,111,38,78,8,23,46,20,5,10,13,2023-24
1921,2024-03-10,Home,SAC,HOU,L,3.0,104,39,86,6,32,44,24,10,5,13,2023-24
1922,2024-03-10,Away,MIL,LAC,W,2.0,124,43,87,17,38,41,28,5,6,7,2023-24
1923,2024-03-11,Home,CHI,DAL,L,2.0,92,35,89,7,34,43,19,6,2,13,2023-24
1924,2024-03-11,Away,PHX,CLE,W,2.0,117,46,84,12,32,42,23,8,6,14,2023-24
1925,2024-03-11,Away,GSW,SAS,W,2.0,112,46,93,12,27,45,28,7,4,14,2023-24
1926,2024-03-11,Away,CHA,DET,L,2.0,97,34,88,13,40,40,27,7,2,13,2023-24
1927,2024-03-11,Home,SAS,GSW,L,2.0,102,39,93,14,37,50,27,6,10,15,2023-24
1928,2024-03-11,Away,TOR,DEN,L,2.0,119,47,93,11,30,42,30,6,4,12,2023-24
1929,2024-03-11,Away,BOS,POR,W,2.0,121,49,100,15,40,45,34,7,10,3,2023-24
1930,2024-03-11,Home,CLE,PHX,L,1.0,111,40,84,15,46,37,30,9,0,13,2023-24
1931,2024-03-11,Away,DAL,CHI,W,2.0,127,51,93,13,41,49,33,10,6,6,2023-24
1932,2024-03-11,Home,DET,CHA,W,2.0,114,41,86,10,42,51,26,8,5,12,2023-24
1933,2024-03-11,Home,POR,BOS,L,2.0,99,39,87,10,28,38,23,3,5,11,2023-24
1934,2024-03-11,Home,DEN,TOR,W,2.0,125,52,95,10,29,42,36,8,8,9,2023-24
1935,2024-03-12,Away,WAS,MEM,L,2.0,97,37,82,11,36,28,26,9,3,13,2023-24
1936,2024-03-12,Home,UTA,BOS,L,3.0,107,41,86,15,32,38,23,4,7,10,2023-24
1937,2024-03-12,Away,MIN,LAC,W,2.0,118,48,94,12,33,48,26,11,6,11,2023-24
1938,2024-03-12,Home,LAC,MIN,L,2.0,100,34,72,11,30,34,22,7,4,18,2023-24
1939,2024-03-12,Away,IND,OKC,W,2.0,121,48,89,9,28,43,34,8,10,9,2023-24
1940,2024-03-12,Home,NYK,PHI,W,2.0,106,40,79,14,40,51,32,4,4,13,2023-24
1941,2024-03-12,Away,PHI,NYK,L,2.0,79,30,80,8,33,31,17,7,4,8,2023-24
1942,2024-03-12,Away,BOS,UTA,W,1.0,123,43,92,20,49,46,25,5,8,9,2023-24
1943,2024-03-12,Home,SAS,HOU,L,1.0,101,39,82,11,36,42,30,9,5,15,2023-24
1944,2024-03-12,Home,OKC,IND,L,2.0,111,43,99,14,37,50,24,5,4,13,2023-24
1945,2024-03-12,Away,HOU,SAS,W,2.0,103,37,80,10,32,36,21,10,5,13,2023-24
1946,2024-03-12,Home,SAC,MIL,W,2.0,129,49,92,18,40,51,34,11,1,9,2023-24
1947,2024-03-12,Home,MEM,WAS,W,2.0,109,42,94,8,33,53,27,8,7,18,2023-24
1948,2024-03-12,Away,MIL,SAC,L,2.0,94,30,82,7,39,44,23,3,2,13,2023-24
1949,2024-03-13,Away,TOR,DET,L,2.0,104,41,93,9,36,37,32,13,8,11,2023-24
1950,2024-03-13,Away,GSW,DAL,L,2.0,99,37,92,9,28,42,19,9,3,17,2023-24
1951,2024-03-13,Home,SAC,LAL,W,1.0,120,46,88,19,41,44,30,11,2,14,2023-24
1952,2024-03-13,Away,BKN,ORL,L,3.0,106,38,81,7,26,32,21,7,4,13,2023-24
1953,2024-03-13,Home,POR,ATL,W,2.0,106,38,82,10,30,49,24,7,5,18,2023-24
1954,2024-03-13,Away,CHI,IND,W,2.0,132,48,92,10,28,48,22,6,5,12,2023-24
1955,2024-03-13,Away,DEN,MIA,W,2.0,100,40,82,11,33,41,24,4,2,10,2023-24
1956,2024-03-13,Away,ATL,POR,L,3.0,102,38,88,14,39,38,19,11,6,15,2023-24
1957,2024-03-13,Away,CHA,MEM,W,2.0,110,44,82,13,36,35,26,12,7,20,2023-24
1958,2024-03-13,Home,DET,TOR,W,2.0,113,39,88,11,30,58,27,7,7,22,2023-24
1959,2024-03-13,Away,CLE,NOP,W,2.0,116,47,92,20,45,46,38,4,4,12,2023-24
1960,2024-03-13,Home,DAL,GSW,W,2.0,109,44,82,6,27,42,30,6,13,17,2023-24
1961,2024-03-13,Home,MEM,CHA,L,1.0,98,36,85,16,40,46,24,12,5,24,2023-24
1962,2024-03-13,Home,IND,CHI,L,1.0,129,46,99,14,45,47,30,4,6,9,2023-24
1963,2024-03-13,Away,LAL,SAC,L,3.0,107,38,78,14,32,38,25,8,2,14,2023-24
1964,2024-03-13,Home,NOP,CLE,L,3.0,95,35,80,4,22,43,22,7,6,12,2023-24
1965,2024-03-13,Home,ORL,BKN,W,3.0,114,40,77,14,32,34,29,6,6,13,2023-24
1966,2024-03-13,Home,MIA,DEN,L,3.0,88,34,80,5,21,42,18,5,2,9,2023-24
1967,2024-03-14,Home,HOU,WAS,W,2.0,135,51,87,12,28,47,24,7,1,19,2023-24
1968,2024-03-14,Away,PHI,MIL,L,2.0,105,39,79,17,35,30,20,6,4,13,2023-24
1969,2024-03-14,Away,PHX,BOS,L,3.0,112,47,99,11,31,51,27,4,3,14,2023-24
1970,2024-03-14,Home,POR,NYK,L,1.0,93,34,84,11,33,45,19,10,2,18,2023-24
1971,2024-03-14,Home,BOS,PHX,W,2.0,127,47,89,25,50,33,31,12,5,10,2023-24
1972,2024-03-14,Home,MIL,PHI,W,2.0,114,39,72,16,36,37,29,6,4,15,2023-24
1973,2024-03-14,Away,WAS,HOU,L,2.0,119,46,93,12,38,32,29,11,2,14,2023-24
1974,2024-03-14,Away,LAC,CHI,W,2.0,126,48,80,20,40,35,32,9,2,10,2023-24
1975,2024-03-14,Home,CHI,LAC,L,1.0,111,41,86,16,35,36,28,4,2,13,2023-24
1976,2024-03-14,Away,DAL,OKC,L,1.0,119,43,84,12,29,40,25,6,2,19,2023-24
1977,2024-03-14,Home,OKC,DAL,W,2.0,126,45,86,16,39,34,28,10,7,13,2023-24
1978,2024-03-14,Away,NYK,POR,W,2.0,105,38,87,6,29,50,16,11,1,15,2023-24
1979,2024-03-15,Away,LAC,NOP,L,1.0,104,37,77,12,33,37,18,6,8,15,2023-24
1980,2024-03-15,Home,CHA,PHX,L,2.0,96,35,94,6,37,48,20,6,3,5,2023-24
1981,2024-03-15,Away,ATL,UTA,L,2.0,122,41,92,20,39,41,32,7,5,9,2023-24
1982,2024-03-15,Away,MIA,DET,W,2.0,108,43,91,7,34,44,23,14,6,8,2023-24
1983,2024-03-15,Home,UTA,ATL,W,3.0,124,46,90,14,36,49,24,6,7,13,2023-24
1984,2024-03-15,Home,TOR,ORL,L,2.0,103,38,81,14,34,40,24,11,4,16,2023-24
1985,2024-03-15,Home,DET,MIA,L,2.0,95,36,84,10,38,48,27,5,2,18,2023-24
1986,2024-03-15,Away,DEN,SAS,W,2.0,117,49,89,10,25,40,37,13,5,13,2023-24
1987,2024-03-15,Home,SAS,DEN,L,3.0,106,37,81,11,29,44,23,6,4,17,2023-24
1988,2024-03-15,Home,NOP,LAC,W,2.0,112,42,87,13,35,40,28,8,2,9,2023-24
1989,2024-03-15,Away,PHX,CHA,W,1.0,107,40,87,11,38,57,31,3,3,10,2023-24
1990,2024-03-15,Away,ORL,TOR,W,2.0,113,40,80,14,31,39,25,7,4,15,2023-24
1991,2024-03-16,Away,WAS,CHI,L,2.0,98,36,84,13,32,32,27,12,7,16,2023-24
1992,2024-03-16,Away,MIN,UTA,W,4.0,119,44,93,19,41,44,31,8,6,9,2023-24
1993,2024-03-16,Home,UTA,MIN,L,1.0,100,38,83,6,26,51,23,4,5,16,2023-24
1994,2024-03-16,Home,NOP,POR,W,1.0,126,52,97,13,33,39,36,8,5,10,2023-24
1995,2024-03-16,Home,SAC,NYK,L,3.0,91,30,85,10,37,42,22,7,5,12,2023-24
1996,2024-03-16,Home,LAL,GSW,L,3.0,121,47,92,12,34,39,32,3,4,10,2023-24
1997,2024-03-16,Away,CLE,HOU,L,3.0,103,37,82,12,38,45,22,6,7,16,2023-24
1998,2024-03-16,Away,POR,NOP,L,2.0,107,42,84,12,33,36,23,3,7,20,2023-24
1999,2024-03-16,Away,NYK,SAC,W,2.0,98,37,86,11,39,52,19,8,9,16,2023-24
2000,2024-03-16,Home,HOU,CLE,W,2.0,117,47,98,15,42,48,28,9,7,10,2023-24
2001,2024-03-16,Home,IND,BKN,W,3.0,121,50,105,6,30,50,21,13,4,13,2023-24
2002,2024-03-16,Away,CHA,PHI,L,1.0,98,37,82,10,31,40,21,11,4,16,2023-24
2003,2024-03-16,Away,OKC,MEM,W,2.0,118,45,87,12,35,45,25,7,8,12,2023-24
2004,2024-03-16,Away,GSW,LAL,W,3.0,128,51,97,14,34,45,38,3,4,7,2023-24
2005,2024-03-16,Home,PHI,CHA,W,2.0,109,36,81,13,41,41,25,9,4,16,2023-24
2006,2024-03-16,Away,BKN,IND,L,3.0,100,33,77,10,25,45,18,8,3,21,2023-24
2007,2024-03-16,Home,CHI,WAS,W,2.0,127,49,85,8,24,51,33,9,4,15,2023-24
2008,2024-03-16,Home,MEM,OKC,L,3.0,112,37,81,18,44,36,34,7,4,14,2023-24
2009,2024-03-17,Away,BKN,SAS,L,1.0,115,47,102,8,31,48,29,13,5,12,2023-24
2010,2024-03-17,Away,MIA,DET,W,2.0,104,40,89,12,35,47,24,7,2,10,2023-24
2011,2024-03-17,Away,TOR,ORL,L,2.0,96,37,84,8,31,37,23,7,3,18,2023-24
2012,2024-03-17,Home,DET,MIA,L,2.0,101,38,83,14,36,44,24,4,7,12,2023-24
2013,2024-03-17,Home,DAL,DEN,W,3.0,107,42,100,9,35,60,22,5,5,12,2023-24
2014,2024-03-17,Away,DEN,DAL,L,2.0,105,37,84,12,28,37,26,7,6,8,2023-24
2015,2024-03-17,Home,MIL,PHX,W,3.0,140,51,94,24,41,35,35,11,2,11,2023-24
2016,2024-03-17,Away,BOS,WAS,W,3.0,130,43,87,24,50,43,30,9,6,15,2023-24
2017,2024-03-17,Home,SAS,BKN,W,2.0,122,46,99,9,37,50,30,6,10,18,2023-24
2018,2024-03-17,Home,LAC,ATL,L,2.0,93,28,74,11,36,40,17,10,5,16,2023-24
2019,2024-03-17,Home,ORL,TOR,W,2.0,111,43,85,11,36,39,22,7,4,15,2023-24
2020,2024-03-17,Away,PHX,MIL,L,2.0,129,51,87,14,33,39,36,7,5,14,2023-24
2021,2024-03-17,Away,ATL,LAC,W,2.0,110,41,84,17,34,45,32,10,7,16,2023-24
2022,2024-03-17,Home,WAS,BOS,L,1.0,104,41,89,10,34,40,24,3,5,16,2023-24
2023,2024-03-18,Away,MIN,UTA,W,2.0,114,44,91,16,41,35,27,9,9,9,2023-24
2024,2024-03-18,Away,DET,BOS,L,1.0,94,36,84,9,29,43,21,6,3,13,2023-24
2025,2024-03-18,Home,PHI,MIA,W,2.0,98,37,85,13,36,46,23,7,12,12,2023-24
2026,2024-03-18,Away,POR,CHI,L,2.0,107,40,88,8,28,43,21,7,5,13,2023-24
2027,2024-03-18,Home,UTA,MIN,L,2.0,104,39,84,14,32,47,25,6,3,17,2023-24
2028,2024-03-18,Home,BOS,DET,W,1.0,119,43,95,22,49,53,30,8,8,11,2023-24
2029,2024-03-18,Home,IND,CLE,L,2.0,103,42,91,9,38,45,28,8,3,11,2023-24
2030,2024-03-18,Home,SAC,MEM,W,2.0,121,42,94,11,35,59,30,7,10,19,2023-24
2031,2024-03-18,Away,MIA,PHI,L,1.0,91,35,89,12,33,49,23,8,3,15,2023-24
2032,2024-03-18,Home,LAL,ATL,W,2.0,136,52,90,15,36,48,39,6,4,9,2023-24
2033,2024-03-18,Home,CHI,POR,W,2.0,110,41,93,11,33,40,26,9,5,9,2023-24
2034,2024-03-18,Away,CLE,IND,W,2.0,108,38,80,12,32,39,27,8,4,14,2023-24
2035,2024-03-18,Home,GSW,NYK,L,2.0,112,42,88,14,36,39,29,7,5,13,2023-24
2036,2024-03-18,Away,ATL,LAL,L,1.0,105,42,98,9,41,42,32,8,5,9,2023-24
2037,2024-03-18,Away,MEM,SAC,L,2.0,111,37,98,13,38,49,22,13,7,14,2023-24
2038,2024-03-18,Away,NYK,GSW,W,2.0,119,44,91,14,37,44,29,6,1,13,2023-24
2039,2024-03-19,Away,CHA,ORL,L,3.0,92,38,79,9,29,30,19,8,1,17,2023-24
2040,2024-03-19,Away,DEN,MIN,W,2.0,115,42,81,14,27,49,26,5,1,17,2023-24
2041,2024-03-19,Away,NOP,BKN,W,3.0,104,42,83,10,34,48,29,7,5,14,2023-24
2042,2024-03-19,Home,SAS,DAL,L,2.0,107,39,89,14,39,48,31,6,10,16,2023-24
2043,2024-03-19,Away,HOU,WAS,W,3.0,137,47,91,13,39,47,25,6,11,7,2023-24
2044,2024-03-19,Home,WAS,HOU,L,2.0,114,42,98,15,39,44,24,6,2,11,2023-24
2045,2024-03-19,Home,ORL,CHA,W,2.0,112,44,81,12,34,41,32,10,6,18,2023-24
2046,2024-03-19,Home,BKN,NOP,L,2.0,91,31,84,12,40,42,19,6,4,14,2023-24
2047,2024-03-19,Away,DAL,SAS,W,2.0,113,44,91,10,30,40,31,6,3,9,2023-24
2048,2024-03-19,Home,MIN,DEN,L,1.0,112,42,88,12,35,37,25,10,7,7,2023-24
2049,2024-03-20,Away,MEM,GSW,L,2.0,116,42,96,18,49,45,29,4,3,12,2023-24
2050,2024-03-20,Away,LAC,POR,W,3.0,116,45,86,13,31,42,29,15,7,12,2023-24
2051,2024-03-20,Away,PHI,PHX,L,2.0,102,41,95,13,37,40,33,12,7,11,2023-24
2052,2024-03-20,Away,MIL,BOS,L,3.0,119,45,84,17,35,41,20,3,6,15,2023-24
2053,2024-03-20,Home,CLE,MIA,L,2.0,104,35,75,15,42,37,30,3,2,12,2023-24
2054,2024-03-20,Home,BOS,MIL,W,2.0,122,40,85,18,40,37,25,6,5,9,2023-24
2055,2024-03-20,Home,TOR,SAC,L,3.0,89,33,80,10,31,31,21,11,3,22,2023-24
2056,2024-03-20,Away,MIA,CLE,W,2.0,107,38,83,13,36,37,19,7,2,8,2023-24
2057,2024-03-20,Away,SAC,TOR,W,2.0,123,48,93,12,40,53,32,14,6,16,2023-24
2058,2024-03-20,Away,UTA,OKC,L,2.0,107,40,90,10,36,47,20,6,5,16,2023-24
2059,2024-03-20,Home,OKC,UTA,W,4.0,119,43,88,10,34,45,29,10,7,10,2023-24
2060,2024-03-20,Away,IND,DET,W,2.0,122,50,88,11,29,40,38,13,6,13,2023-24
2061,2024-03-20,Home,GSW,MEM,W,2.0,137,58,100,19,39,48,43,6,5,7,2023-24
2062,2024-03-20,Home,PHX,PHI,W,3.0,115,45,90,19,39,55,34,7,12,23,2023-24
2063,2024-03-20,Home,DET,IND,L,2.0,103,37,90,5,23,46,23,8,1,15,2023-24
2064,2024-03-20,Home,POR,LAC,L,2.0,103,39,81,15,34,38,21,6,4,17,2023-24
2065,2024-03-21,Away,BKN,MIL,L,2.0,108,41,92,13,44,49,29,7,1,14,2023-24
2066,2024-03-21,Home,HOU,CHI,W,2.0,127,47,93,17,45,49,27,7,6,16,2023-24
2067,2024-03-21,Home,DEN,NYK,W,2.0,113,45,84,6,20,42,31,5,4,10,2023-24
2068,2024-03-21,Home,DAL,UTA,W,2.0,113,43,86,10,32,43,33,12,3,13,2023-24
2069,2024-03-21,Away,SAC,WAS,L,1.0,102,37,86,11,39,37,21,12,7,15,2023-24
2070,2024-03-21,Home,MIL,BKN,W,1.0,115,43,91,16,41,40,27,5,4,10,2023-24
2071,2024-03-21,Away,UTA,DAL,L,1.0,97,38,83,4,30,38,29,6,3,18,2023-24
2072,2024-03-21,Home,ORL,NOP,W,2.0,121,47,86,14,36,40,33,12,4,16,2023-24
2073,2024-03-21,Away,CHI,HOU,L,3.0,117,42,93,12,31,43,23,8,3,11,2023-24
2074,2024-03-21,Away,NOP,ORL,L,2.0,106,42,78,6,20,33,24,11,1,19,2023-24
2075,2024-03-21,Home,PHX,ATL,W,1.0,128,41,74,22,41,38,28,4,11,17,2023-24
2076,2024-03-21,Home,WAS,SAC,W,2.0,109,41,81,10,25,45,20,9,3,20,2023-24
2077,2024-03-21,Away,NYK,DEN,L,3.0,100,38,79,11,31,31,28,6,6,10,2023-24
2078,2024-03-21,Away,ATL,PHX,L,3.0,115,40,91,12,35,36,27,11,3,11,2023-24
2079,2024-03-22,Home,DET,BOS,L,2.0,102,42,83,9,31,42,25,4,1,19,2023-24
2080,2024-03-22,Home,POR,LAC,L,2.0,117,45,93,12,33,41,29,11,1,10,2023-24
2081,2024-03-22,Home,LAL,PHI,W,4.0,101,32,73,12,31,54,22,1,7,21,2023-24
2082,2024-03-22,Away,BOS,DET,W,2.0,129,47,89,16,45,35,31,9,5,7,2023-24
2083,2024-03-22,Away,CLE,MIN,L,2.0,91,34,81,7,29,41,22,6,5,12,2023-24
2084,2024-03-22,Away,OKC,TOR,W,2.0,123,48,95,12,32,46,27,17,5,16,2023-24
2085,2024-03-22,Away,LAC,POR,W,2.0,125,44,77,14,33,40,26,8,8,17,2023-24
2086,2024-03-22,Away,IND,GSW,W,2.0,123,48,99,15,36,50,32,8,10,11,2023-24
2087,2024-03-22,Home,MIN,CLE,W,3.0,104,41,85,14,27,46,27,9,5,12,2023-24
2088,2024-03-22,Away,MEM,SAS,W,2.0,99,33,82,12,34,51,18,10,4,18,2023-24
2089,2024-03-22,Home,GSW,IND,L,2.0,111,43,106,14,48,64,24,6,6,14,2023-24
2090,2024-03-22,Home,SAS,MEM,L,3.0,97,37,95,7,38,56,24,12,7,16,2023-24
2091,2024-03-22,Home,MIA,NOP,L,2.0,88,31,86,13,47,34,22,3,4,6,2023-24
2092,2024-03-22,Away,PHI,LAL,L,2.0,94,33,96,8,37,42,20,13,7,9,2023-24
2093,2024-03-22,Home,TOR,OKC,L,2.0,103,40,76,11,30,36,34,12,3,27,2023-24
2094,2024-03-22,Away,NOP,MIA,W,1.0,111,42,82,18,36,56,25,3,2,13,2023-24
2095,2024-03-23,Home,ORL,SAC,L,2.0,107,42,88,10,35,49,27,5,3,13,2023-24
2096,2024-03-23,Away,CHA,ATL,L,4.0,91,35,84,11,39,39,25,3,4,15,2023-24
2097,2024-03-23,Home,NYK,BKN,W,2.0,105,42,97,15,40,47,25,10,4,10,2023-24
2098,2024-03-23,Away,PHX,SAS,W,2.0,131,56,94,11,24,39,38,11,5,10,2023-24
2099,2024-03-23,Home,WAS,TOR,W,2.0,112,44,92,11,35,55,28,7,8,18,2023-24
2100,2024-03-23,Away,TOR,WAS,L,1.0,109,40,94,8,33,42,27,9,7,12,2023-24
2101,2024-03-23,Home,SAS,PHX,L,1.0,106,40,85,9,33,34,27,6,6,15,2023-24
2102,2024-03-23,Away,SAC,ORL,W,2.0,109,38,87,15,40,42,26,6,5,7,2023-24
2103,2024-03-23,Away,BKN,NYK,L,2.0,93,34,76,12,34,41,26,5,6,15,2023-24
2104,2024-03-23,Home,ATL,CHA,W,2.0,132,50,90,20,42,43,40,9,5,9,2023-24
2105,2024-03-23,Home,CHI,BOS,L,2.0,113,47,82,9,24,29,36,7,3,7,2023-24
2106,2024-03-23,Home,HOU,UTA,W,2.0,147,54,97,27,49,44,31,7,3,9,2023-24
2107,2024-03-23,Away,BOS,CHI,W,1.0,124,44,86,21,48,41,28,5,3,12,2023-24
2108,2024-03-23,Away,UTA,HOU,L,2.0,119,40,89,11,37,40,24,2,4,10,2023-24
2109,2024-03-23,Away,DEN,POR,W,2.0,114,41,91,8,24,49,25,8,9,14,2023-24
2110,2024-03-23,Home,POR,DEN,L,1.0,111,43,93,10,28,45,27,8,8,16,2023-24
2111,2024-03-24,Home,MIA,CLE,W,2.0,121,43,83,15,38,44,29,13,0,12,2023-24
2112,2024-03-24,Home,MIN,GSW,W,2.0,114,40,84,21,40,44,30,9,5,16,2023-24
2113,2024-03-24,Home,DET,NOP,L,2.0,101,32,79,11,41,46,20,4,5,17,2023-24
2114,2024-03-24,Home,MIL,OKC,W,3.0,118,49,92,11,34,57,33,7,5,17,2023-24
2115,2024-03-24,Away,PHI,LAC,W,2.0,121,48,90,18,37,37,32,7,10,8,2023-24
2116,2024-03-24,Home,LAL,IND,W,2.0,150,50,89,12,25,41,28,6,7,10,2023-24
2117,2024-03-24,Home,LAC,PHI,L,2.0,107,40,83,10,28,37,27,2,9,14,2023-24
2118,2024-03-24,Away,NOP,DET,W,2.0,114,41,81,11,34,41,27,8,7,10,2023-24
2119,2024-03-24,Away,GSW,MIN,L,2.0,110,38,85,14,36,41,23,8,3,13,2023-24
2120,2024-03-24,Away,OKC,MIL,L,2.0,93,33,89,10,43,37,20,9,1,12,2023-24
2121,2024-03-24,Away,IND,LAL,L,2.0,145,59,107,18,36,40,39,6,4,11,2023-24
2122,2024-03-24,Away,CLE,MIA,L,2.0,84,30,72,9,29,30,24,3,3,17,2023-24
2123,2024-03-25,Home,TOR,BKN,L,2.0,88,37,85,5,27,30,23,10,2,10,2023-24
2124,2024-03-25,Home,UTA,DAL,L,2.0,105,37,87,13,39,46,28,6,3,13,2023-24
2125,2024-03-25,Away,IND,LAC,W,1.0,133,50,86,17,28,34,28,7,3,8,2023-24
2126,2024-03-25,Home,CHI,WAS,L,2.0,105,36,87,10,35,46,27,9,8,12,2023-24
2127,2024-03-25,Away,WAS,CHI,W,2.0,107,39,97,14,49,52,32,8,5,14,2023-24
2128,2024-03-25,Home,ATL,BOS,W,2.0,120,46,87,18,36,44,30,5,3,13,2023-24
2129,2024-03-25,Away,DAL,UTA,W,4.0,115,44,92,12,42,47,31,9,7,6,2023-24
2130,2024-03-25,Home,SAS,PHX,W,2.0,104,40,91,8,31,40,23,10,1,7,2023-24
2131,2024-03-25,Home,CLE,CHA,W,1.0,115,46,86,17,41,47,41,4,3,14,2023-24
2132,2024-03-25,Away,PHX,SAS,L,2.0,102,42,83,10,28,47,28,5,7,15,2023-24
2133,2024-03-25,Away,BOS,ATL,L,2.0,118,47,95,11,38,38,21,7,8,9,2023-24
2134,2024-03-25,Away,PHI,SAC,L,1.0,96,34,82,11,34,47,18,2,4,15,2023-24
2135,2024-03-25,Away,MEM,DEN,L,3.0,103,37,94,11,44,40,25,9,9,17,2023-24
2136,2024-03-25,Away,POR,HOU,L,2.0,92,36,87,7,33,44,14,5,6,17,2023-24
2137,2024-03-25,Home,DEN,MEM,W,2.0,128,48,90,15,32,50,38,10,7,16,2023-24
2138,2024-03-25,Away,CHA,CLE,L,2.0,92,34,80,9,28,33,22,5,4,12,2023-24
2139,2024-03-25,Home,LAC,IND,L,1.0,116,46,85,6,20,36,26,4,4,10,2023-24
2140,2024-03-25,Home,HOU,POR,W,2.0,110,37,93,12,39,45,19,7,7,9,2023-24
2141,2024-03-25,Home,NYK,DET,W,2.0,124,45,89,19,46,52,30,6,6,14,2023-24
2142,2024-03-25,Away,DET,NYK,L,1.0,99,34,88,10,34,37,22,8,5,12,2023-24
2143,2024-03-25,Away,BKN,TOR,W,2.0,96,37,81,9,39,50,20,3,4,20,2023-24
2144,2024-03-25,Home,SAC,PHI,W,2.0,108,38,86,10,38,40,25,6,6,8,2023-24
2145,2024-03-26,Away,GSW,MIA,W,2.0,113,47,85,13,38,43,31,6,5,12,2023-24
2146,2024-03-26,Home,MIA,GSW,L,2.0,92,37,92,8,33,39,24,3,2,9,2023-24
2147,2024-03-26,Away,DAL,SAC,W,1.0,132,51,92,22,39,49,34,10,4,9,2023-24
2148,2024-03-26,Away,LAL,MIL,W,2.0,128,42,108,14,44,69,30,4,8,17,2023-24
2149,2024-03-26,Home,MIL,LAL,L,2.0,124,49,119,15,51,61,37,9,5,14,2023-24
2150,2024-03-26,Away,OKC,NOP,W,2.0,119,46,86,15,34,45,28,5,3,12,2023-24
2151,2024-03-26,Home,NOP,OKC,L,2.0,112,39,86,14,38,37,26,7,2,10,2023-24
2152,2024-03-26,Home,SAC,DAL,L,1.0,96,35,90,11,30,42,27,6,5,14,2023-24
2153,2024-03-27,Home,DEN,PHX,L,2.0,97,38,88,10,40,38,24,9,4,8,2023-24
2154,2024-03-27,Away,CLE,CHA,L,2.0,111,42,85,19,44,32,33,7,1,15,2023-24
2155,2024-03-27,Home,UTA,SAS,L,2.0,111,39,83,13,35,36,25,8,4,22,2023-24
2156,2024-03-27,Home,MEM,LAL,L,2.0,124,46,97,17,43,39,30,10,3,14,2023-24
2157,2024-03-27,Away,GSW,ORL,W,1.0,101,40,90,10,34,52,26,5,5,13,2023-24
2158,2024-03-27,Home,MIN,DET,W,3.0,106,42,82,11,36,40,28,8,3,12,2023-24
2159,2024-03-27,Away,LAL,MEM,W,1.0,136,45,81,18,33,43,31,5,4,16,2023-24
2160,2024-03-27,Away,HOU,OKC,W,2.0,132,50,104,15,43,50,25,10,3,16,2023-24
2161,2024-03-27,Home,CHI,IND,W,2.0,125,49,98,12,27,54,28,7,5,8,2023-24
2162,2024-03-27,Home,TOR,NYK,L,2.0,101,39,84,11,31,28,31,7,4,18,2023-24
2163,2024-03-27,Away,SAS,UTA,W,2.0,118,44,86,16,33,41,40,9,7,21,2023-24
2164,2024-03-27,Away,PHX,DEN,W,2.0,104,39,83,16,33,51,29,3,7,17,2023-24
2165,2024-03-27,Home,CHA,CLE,W,2.0,118,44,76,13,33,38,30,8,2,16,2023-24
2166,2024-03-27,Home,WAS,BKN,L,2.0,119,46,91,14,34,44,26,4,4,14,2023-24
2167,2024-03-27,Away,POR,ATL,L,2.0,106,43,85,14,31,33,35,8,2,19,2023-24
2168,2024-03-27,Away,DET,MIN,L,2.0,91,31,81,9,32,41,15,9,1,12,2023-24
2169,2024-03-27,Away,NYK,TOR,W,2.0,145,55,94,22,44,42,37,7,8,11,2023-24
2170,2024-03-27,Away,IND,CHI,L,2.0,99,34,85,13,42,40,25,3,4,13,2023-24
2171,2024-03-27,Home,OKC,HOU,L,1.0,126,47,96,14,38,49,26,7,7,19,2023-24
2172,2024-03-27,Away,BKN,WAS,W,2.0,122,47,98,10,33,45,24,8,9,8,2023-24
2173,2024-03-27,Home,ATL,POR,W,2.0,120,44,85,16,41,41,23,12,9,17,2023-24
2174,2024-03-27,Home,ORL,GSW,L,4.0,93,36,85,10,32,39,25,10,5,11,2023-24
2175,2024-03-27,Away,LAC,PHI,W,2.0,108,40,90,14,36,43,28,8,5,8,2023-24
2176,2024-03-27,Home,PHI,LAC,L,2.0,107,39,82,13,33,51,17,3,11,12,2023-24
2177,2024-03-28,Away,MIL,NOP,L,2.0,100,38,82,14,39,46,21,1,4,14,2023-24
2178,2024-03-28,Home,NOP,MIL,W,2.0,107,36,91,8,32,48,22,11,5,7,2023-24
2179,2024-03-28,Away,BOS,ATL,L,3.0,122,45,94,14,36,43,28,7,6,12,2023-24
2180,2024-03-28,Home,ATL,BOS,W,1.0,123,51,104,15,44,53,24,5,5,11,2023-24
2181,2024-03-29,Away,LAC,ORL,W,2.0,100,41,85,8,24,41,19,11,4,17,2023-24
2182,2024-03-29,Home,SAS,NYK,W,2.0,130,44,82,16,40,46,34,3,2,15,2023-24
2183,2024-03-29,Away,NYK,SAS,L,2.0,126,51,110,14,37,50,24,10,1,12,2023-24
2184,2024-03-29,Home,WAS,DET,L,2.0,87,36,88,9,33,47,22,2,4,19,2023-24
2185,2024-03-29,Home,IND,LAL,W,2.0,109,43,89,10,31,46,27,8,6,10,2023-24
2186,2024-03-29,Home,CHA,GSW,L,2.0,97,34,84,12,46,41,23,4,2,11,2023-24
2187,2024-03-29,Home,DEN,MIN,L,2.0,98,35,88,8,28,46,29,6,1,13,2023-24
2188,2024-03-29,Home,SAC,DAL,L,3.0,103,40,92,15,32,45,24,9,1,11,2023-24
2189,2024-03-29,Home,UTA,HOU,L,2.0,100,37,80,8,31,51,23,4,9,21,2023-24
2190,2024-03-29,Away,DAL,SAC,W,3.0,107,35,74,15,35,42,24,4,6,10,2023-24
2191,2024-03-29,Away,GSW,CHA,W,2.0,115,48,89,11,32,50,35,7,5,13,2023-24
2192,2024-03-29,Away,LAL,IND,L,2.0,90,35,86,5,30,48,24,3,3,16,2023-24
2193,2024-03-29,Away,DET,WAS,W,2.0,96,37,89,6,24,47,19,9,5,13,2023-24
2194,2024-03-29,Away,HOU,UTA,W,2.0,101,35,91,13,42,45,19,10,6,10,2023-24
2195,2024-03-29,Away,PHX,OKC,L,2.0,103,39,87,13,41,39,26,6,6,14,2023-24
2196,2024-03-29,Away,CHI,BKN,L,2.0,108,38,75,9,30,44,24,3,6,13,2023-24
2197,2024-03-29,Away,POR,MIA,L,2.0,82,35,87,5,30,43,20,4,2,24,2023-24
2198,2024-03-29,Away,MIN,DEN,W,2.0,111,38,74,9,28,39,28,6,7,9,2023-24
2199,2024-03-29,Home,OKC,PHX,W,2.0,128,49,87,16,30,38,33,7,7,11,2023-24
2200,2024-03-29,Home,MIA,POR,W,3.0,142,54,92,21,39,44,41,17,4,9,2023-24
2201,2024-03-29,Away,PHI,CLE,L,2.0,114,42,94,16,40,42,28,6,7,9,2023-24
2202,2024-03-29,Home,CLE,PHI,W,2.0,117,45,82,16,37,37,34,4,3,14,2023-24
2203,2024-03-29,Home,BKN,CHI,W,2.0,125,43,91,25,44,43,26,9,3,7,2023-24
2204,2024-03-29,Home,ORL,LAC,L,2.0,97,38,86,10,29,38,20,10,8,17,2023-24
2205,2024-03-30,Home,NOP,BOS,L,2.0,92,34,86,13,35,41,22,9,3,9,2023-24
2206,2024-03-30,Away,MEM,ORL,L,3.0,88,31,86,12,36,45,25,11,7,19,2023-24
2207,2024-03-30,Home,ORL,MEM,W,1.0,118,38,78,22,44,43,28,8,8,17,2023-24
2208,2024-03-30,Away,MIL,ATL,W,2.0,122,43,78,8,28,40,27,7,5,12,2023-24
2209,2024-03-30,Home,ATL,MIL,L,2.0,113,42,92,14,35,39,24,5,3,11,2023-24
2210,2024-03-30,Away,BOS,NOP,W,2.0,104,39,82,15,37,51,27,7,7,13,2023-24
2211,2024-03-31,Away,CLE,DEN,L,2.0,101,38,82,8,25,28,26,10,4,15,2023-24
2212,2024-03-31,Home,WAS,MIA,L,2.0,107,40,88,11,38,42,27,6,1,16,2023-24
2213,2024-03-31,Home,DEN,CLE,W,2.0,130,50,87,21,33,51,36,7,4,17,2023-24
2214,2024-03-31,Away,PHI,TOR,W,2.0,135,49,83,24,43,39,28,6,10,16,2023-24
2215,2024-03-31,Away,MIA,WAS,W,2.0,119,40,81,14,36,42,22,11,8,14,2023-24
2216,2024-03-31,Away,OKC,NYK,W,2.0,113,44,82,13,34,43,29,6,8,13,2023-24
2217,2024-03-31,Away,UTA,SAC,L,2.0,106,34,83,16,41,33,22,6,4,12,2023-24
2218,2024-03-31,Home,BKN,LAL,L,2.0,104,39,92,12,36,38,19,12,3,13,2023-24
2219,2024-03-31,Away,DAL,HOU,W,2.0,125,48,93,24,47,47,24,7,8,14,2023-24
2220,2024-03-31,Home,CHA,LAC,L,2.0,118,44,88,23,52,31,32,3,2,9,2023-24
2221,2024-03-31,Home,NYK,OKC,L,2.0,112,38,92,13,43,46,24,8,3,11,2023-24
2222,2024-03-31,Home,SAC,UTA,W,2.0,127,45,84,20,40,44,34,8,6,15,2023-24
2223,2024-03-31,Away,LAC,CHA,W,2.0,130,43,75,14,29,41,28,4,5,10,2023-24
2224,2024-03-31,Home,MIN,CHI,L,2.0,101,38,81,11,37,37,28,12,5,14,2023-24
2225,2024-03-31,Away,CHI,MIN,W,2.0,109,42,80,17,29,43,30,11,3,16,2023-24
2226,2024-03-31,Home,SAS,GSW,L,2.0,113,40,89,17,43,45,31,7,5,19,2023-24
2227,2024-03-31,Home,HOU,DAL,L,2.0,107,39,92,13,38,43,22,9,3,12,2023-24
2228,2024-03-31,Away,LAL,BKN,W,2.0,116,42,77,15,40,50,24,8,6,20,2023-24
2229,2024-03-31,Away,GSW,SAS,W,2.0,117,45,92,16,39,41,34,15,3,16,2023-24
2230,2024-03-31,Home,TOR,PHI,L,4.0,120,47,90,11,30,30,31,10,2,12,2023-24
2231,2024-04-01,Away,BOS,CHA,W,2.0,118,43,89,19,53,51,28,3,3,11,2023-24
2232,2024-04-01,Home,CHI,ATL,L,1.0,101,37,94,7,28,51,17,8,2,8,2023-24
2233,2024-04-01,Home,DET,MEM,L,3.0,108,40,79,11,28,41,22,7,9,14,2023-24
2234,2024-04-01,Home,IND,BKN,W,3.0,133,53,103,13,31,47,35,6,9,10,2023-24
2235,2024-04-01,Away,ATL,CHI,W,2.0,113,41,82,19,40,45,29,4,5,15,2023-24
2236,2024-04-01,Home,ORL,POR,W,2.0,104,36,76,11,32,43,26,4,6,16,2023-24
2237,2024-04-01,Home,CHA,BOS,L,1.0,104,41,91,13,37,40,28,3,2,7,2023-24
2238,2024-04-01,Away,BKN,IND,L,1.0,111,41,87,10,26,43,20,3,4,15,2023-24
2239,2024-04-01,Away,PHX,NOP,W,3.0,124,43,87,18,47,49,29,7,6,14,2023-24
2240,2024-04-01,Away,POR,ORL,L,3.0,103,40,90,11,31,44,28,9,3,11,2023-24
2241,2024-04-01,Away,MEM,DET,W,2.0,110,40,91,11,33,44,28,11,9,13,2023-24
2242,2024-04-01,Home,NOP,PHX,L,2.0,111,42,89,11,27,37,29,10,1,9,2023-24
2243,2024-04-02,Home,DEN,SAS,W,2.0,110,43,98,11,34,52,28,5,10,8,2023-24
2244,2024-04-02,Away,DAL,GSW,L,2.0,100,39,89,15,40,42,27,8,7,15,2023-24
2245,2024-04-02,Home,SAC,LAC,W,2.0,109,39,92,12,42,56,29,10,6,10,2023-24
2246,2024-04-02,Home,UTA,CLE,L,2.0,113,41,85,16,37,33,26,7,3,20,2023-24
2247,2024-04-02,Away,SAS,DEN,L,2.0,105,42,105,13,44,59,33,4,12,8,2023-24
2248,2024-04-02,Away,LAC,SAC,L,2.0,95,31,76,11,27,38,18,6,1,16,2023-24
2249,2024-04-02,Away,NYK,MIA,L,2.0,99,35,76,12,34,30,25,11,2,14,2023-24
2250,2024-04-02,Away,HOU,MIN,L,2.0,106,41,92,14,48,37,23,10,0,15,2023-24
2251,2024-04-02,Home,WAS,MIL,W,2.0,117,47,93,9,38,44,26,9,2,11,2023-24
2252,2024-04-02,Home,MIN,HOU,W,2.0,113,41,77,11,26,39,29,12,5,18,2023-24
2253,2024-04-02,Away,MIL,WAS,L,3.0,113,45,103,11,48,57,31,8,6,12,2023-24
2254,2024-04-02,Away,OKC,PHI,L,2.0,105,37,87,13,39,43,30,10,9,15,2023-24
2255,2024-04-02,Home,MIA,NYK,W,2.0,109,36,74,17,38,39,24,5,4,18,2023-24
2256,2024-04-02,Home,PHI,OKC,W,2.0,109,36,78,14,30,42,27,8,4,18,2023-24
2257,2024-04-02,Home,TOR,LAL,L,2.0,111,43,89,10,32,40,25,11,6,17,2023-24
2258,2024-04-02,Away,CLE,UTA,W,2.0,129,46,85,16,39,41,38,10,6,15,2023-24
2259,2024-04-02,Away,LAL,TOR,W,2.0,128,52,101,18,41,47,38,6,8,15,2023-24
2260,2024-04-02,Home,GSW,DAL,W,2.0,104,41,90,15,32,52,29,9,4,17,2023-24
2261,2024-04-03,Home,NOP,ORL,L,2.0,108,36,76,12,29,35,21,9,1,14,2023-24
2262,2024-04-03,Home,BOS,OKC,W,2.0,135,50,92,17,40,46,33,7,10,11,2023-24
2263,2024-04-03,Home,BKN,IND,W,2.0,115,42,87,12,32,50,22,4,8,13,2023-24
2264,2024-04-03,Away,TOR,MIN,L,1.0,85,33,90,7,30,48,19,4,6,21,2023-24
2265,2024-04-03,Home,ATL,DET,W,2.0,121,49,90,13,38,48,36,9,8,16,2023-24
2266,2024-04-03,Home,MIN,TOR,W,1.0,133,49,96,20,43,50,37,13,9,9,2023-24
2267,2024-04-03,Home,MIL,MEM,L,1.0,101,38,95,18,44,44,26,5,10,11,2023-24
2268,2024-04-03,Home,PHX,CLE,W,2.0,122,44,87,18,33,43,32,11,2,16,2023-24
2269,2024-04-03,Away,LAL,WAS,W,1.0,125,46,91,8,28,49,21,10,4,17,2023-24
2270,2024-04-03,Home,CHA,POR,L,2.0,86,32,78,5,31,36,22,10,8,11,2023-24
2271,2024-04-03,Away,CLE,PHX,L,1.0,101,39,83,7,26,37,28,9,4,15,2023-24
2272,2024-04-03,Away,IND,BKN,L,2.0,111,46,103,10,38,45,27,8,9,9,2023-24
2273,2024-04-03,Away,POR,CHA,W,2.0,89,37,93,7,26,55,19,4,2,16,2023-24
2274,2024-04-03,Away,OKC,BOS,L,1.0,100,35,81,5,24,31,21,8,5,14,2023-24
2275,2024-04-03,Away,MEM,MIL,W,2.0,111,46,91,7,23,54,25,5,8,9,2023-24
2276,2024-04-03,Away,ORL,NOP,W,2.0,117,41,80,13,32,39,27,9,2,13,2023-24
2277,2024-04-03,Away,DET,ATL,L,2.0,113,43,94,10,30,37,24,14,3,10,2023-24
2278,2024-04-03,Home,WAS,LAL,L,1.0,120,45,91,18,42,39,26,11,4,18,2023-24
2279,2024-04-04,Away,SAC,NYK,L,2.0,109,42,86,18,42,35,26,6,3,16,2023-24
2280,2024-04-04,Away,ATL,DAL,L,1.0,95,34,85,13,38,56,21,7,2,21,2023-24
2281,2024-04-04,Home,MIA,PHI,L,2.0,105,39,94,13,43,51,24,8,4,17,2023-24
2282,2024-04-04,Home,LAC,DEN,W,2.0,102,34,90,7,33,48,22,10,2,7,2023-24
2283,2024-04-04,Away,DEN,LAC,L,2.0,100,36,83,11,35,51,27,3,4,14,2023-24
2284,2024-04-04,Home,HOU,GSW,L,2.0,110,36,86,12,40,29,23,11,1,12,2023-24
2285,2024-04-04,Home,NYK,SAC,W,2.0,120,44,80,12,28,39,34,9,2,13,2023-24
2286,2024-04-04,Away,PHI,MIA,W,2.0,109,43,92,14,40,41,28,11,7,11,2023-24
2287,2024-04-04,Away,GSW,HOU,W,2.0,133,47,80,17,35,43,29,6,2,21,2023-24
2288,2024-04-04,Home,DAL,ATL,W,2.0,109,38,94,18,49,53,20,7,7,14,2023-24
2289,2024-04-05,Home,DAL,GSW,W,1.0,108,40,84,12,34,41,30,9,9,18,2023-24
2290,2024-04-05,Away,ORL,CHA,L,2.0,115,42,94,9,38,37,24,9,3,10,2023-24
2291,2024-04-05,Away,SAS,NOP,W,3.0,111,42,83,17,46,34,34,9,8,17,2023-24
2292,2024-04-05,Home,BOS,SAC,W,2.0,101,38,89,12,44,51,25,6,4,8,2023-24
2293,2024-04-05,Home,WAS,POR,L,2.0,102,38,88,5,33,45,24,9,5,10,2023-24
2294,2024-04-05,Away,NYK,CHI,L,1.0,100,36,83,10,29,38,22,9,2,18,2023-24
2295,2024-04-05,Home,MIL,TOR,L,2.0,111,41,94,12,42,45,21,8,6,13,2023-24
2296,2024-04-05,Home,MEM,DET,W,2.0,108,42,90,10,31,49,24,13,7,21,2023-24
2297,2024-04-05,Away,GSW,DAL,L,1.0,106,41,93,12,35,44,27,12,5,15,2023-24
2298,2024-04-05,Home,CHA,ORL,W,2.0,124,43,72,15,30,36,29,6,4,20,2023-24
2299,2024-04-05,Home,LAC,UTA,W,1.0,131,51,91,13,35,51,32,9,4,15,2023-24
2300,2024-04-05,Away,DET,MEM,L,2.0,90,32,79,8,30,38,22,13,4,18,2023-24
2301,2024-04-05,Away,MIN,PHX,L,2.0,87,33,85,10,29,44,23,9,6,19,2023-24
2302,2024-04-05,Away,OKC,IND,L,2.0,112,42,86,8,30,39,24,8,6,15,2023-24
2303,2024-04-05,Away,POR,WAS,W,2.0,108,41,94,9,29,55,29,7,5,13,2023-24
2304,2024-04-05,Away,MIA,HOU,W,1.0,119,44,89,13,36,48,27,8,4,9,2023-24
2305,2024-04-05,Away,SAC,BOS,L,1.0,100,38,99,17,51,54,21,4,3,7,2023-24
2306,2024-04-05,Home,CHI,NYK,W,4.0,108,44,93,7,23,57,27,11,5,17,2023-24
2307,2024-04-05,Home,IND,OKC,W,2.0,126,46,88,15,35,39,30,8,5,14,2023-24
2308,2024-04-05,Home,NOP,SAS,L,2.0,109,44,86,9,29,41,28,11,2,17,2023-24
2309,2024-04-05,Home,PHX,MIN,W,2.0,97,33,76,9,26,49,29,12,3,18,2023-24
2310,2024-04-05,Away,TOR,MIL,W,2.0,117,36,79,14,36,47,24,9,3,17,2023-24
2311,2024-04-05,Away,UTA,LAC,L,3.0,102,35,91,9,30,43,20,11,4,15,2023-24
2312,2024-04-05,Home,HOU,MIA,L,1.0,104,34,90,14,44,45,25,7,2,9,2023-24
2313,2024-04-06,Away,PHI,MEM,W,2.0,116,41,79,16,39,41,27,12,9,19,2023-24
2314,2024-04-06,Away,DET,BKN,L,1.0,103,42,92,17,39,28,25,9,2,10,2023-24
2315,2024-04-06,Home,BKN,DET,W,3.0,113,38,73,11,27,48,20,3,7,18,2023-24
2316,2024-04-06,Home,DEN,ATL,W,2.0,142,53,88,23,41,47,38,9,7,17,2023-24
2317,2024-04-06,Away,CLE,LAL,L,3.0,97,39,90,11,35,40,24,11,3,19,2023-24
2318,2024-04-06,Away,ATL,DEN,L,2.0,110,37,87,12,37,38,30,8,2,16,2023-24
2319,2024-04-06,Home,MEM,PHI,L,1.0,96,36,87,9,26,44,21,9,2,19,2023-24
2320,2024-04-06,Home,LAL,CLE,W,3.0,116,45,80,16,37,40,30,11,11,20,2023-24
2321,2024-04-07,Home,LAL,MIN,L,1.0,117,39,84,11,31,41,27,10,2,15,2023-24
2322,2024-04-07,Away,SAC,BKN,W,2.0,107,40,94,15,48,54,31,8,12,9,2023-24
2323,2024-04-07,Away,MIA,IND,L,2.0,115,39,84,8,27,39,21,3,2,7,2023-24
2324,2024-04-07,Home,LAC,CLE,W,2.0,120,41,84,14,35,48,26,5,2,16,2023-24
2325,2024-04-07,Home,PHX,NOP,L,2.0,105,39,87,14,39,38,30,7,8,16,2023-24
2326,2024-04-07,Away,HOU,DAL,L,2.0,136,46,93,17,41,32,31,11,6,11,2023-24
2327,2024-04-07,Home,TOR,WAS,W,2.0,130,49,96,11,31,49,33,9,4,14,2023-24
2328,2024-04-07,Away,CHI,ORL,L,2.0,98,38,75,6,20,37,20,7,5,21,2023-24
2329,2024-04-07,Away,UTA,GSW,L,2.0,110,39,83,15,35,29,21,4,6,11,2023-24
2330,2024-04-07,Away,PHI,SAS,W,1.0,133,52,114,12,39,46,31,15,3,12,2023-24
2331,2024-04-07,Home,IND,MIA,W,2.0,117,44,86,9,32,37,27,4,6,7,2023-24
2332,2024-04-07,Away,NOP,PHX,W,2.0,113,40,85,16,39,42,26,8,7,14,2023-24
2333,2024-04-07,Away,POR,BOS,L,2.0,107,40,102,14,38,53,26,8,2,15,2023-24
2334,2024-04-07,Away,OKC,CHA,W,2.0,121,45,87,18,36,36,33,14,4,17,2023-24
2335,2024-04-07,Away,MIN,LAL,W,2.0,127,50,97,15,39,46,29,12,3,16,2023-24
2336,2024-04-07,Home,CHA,OKC,L,2.0,118,45,83,17,40,36,29,12,9,18,2023-24
2337,2024-04-07,Home,BKN,SAC,L,1.0,77,30,86,7,30,46,17,5,5,17,2023-24
2338,2024-04-07,Away,WAS,TOR,L,2.0,122,42,89,16,40,43,29,9,11,15,2023-24
2339,2024-04-07,Home,DAL,HOU,W,2.0,147,46,85,15,39,47,21,4,6,17,2023-24
2340,2024-04-07,Away,NYK,MIL,W,2.0,122,45,92,14,29,41,25,9,6,7,2023-24
2341,2024-04-07,Home,MIL,NYK,L,2.0,109,35,75,12,34,38,27,3,7,14,2023-24
2342,2024-04-07,Home,SAS,PHI,L,2.0,126,44,98,16,44,59,31,5,11,25,2023-24
2343,2024-04-07,Home,GSW,UTA,W,2.0,118,49,92,14,35,47,32,9,8,16,2023-24
2344,2024-04-07,Away,CLE,LAC,L,1.0,118,42,88,11,30,36,27,10,2,11,2023-24
2345,2024-04-07,Home,ORL,CHI,W,2.0,113,42,90,11,34,40,24,12,4,10,2023-24
2346,2024-04-07,Home,BOS,POR,W,2.0,124,49,87,16,38,40,34,11,8,13,2023-24
2347,2024-04-09,Away,DEN,UTA,W,3.0,111,46,94,14,37,43,30,12,12,10,2023-24
2348,2024-04-09,Home,CHI,NYK,L,2.0,117,47,88,10,28,39,20,4,5,9,2023-24
2349,2024-04-09,Home,UTA,DEN,L,2.0,95,36,91,10,31,44,19,5,2,15,2023-24
2350,2024-04-09,Away,BOS,MIL,L,2.0,91,37,93,17,52,38,27,11,4,12,2023-24
2351,2024-04-09,Home,PHI,DET,W,2.0,120,44,98,13,37,51,29,11,8,9,2023-24
2352,2024-04-09,Away,IND,TOR,W,2.0,140,54,99,16,45,44,33,9,8,14,2023-24
2353,2024-04-09,Home,MIL,BOS,W,2.0,104,43,81,17,36,49,29,6,5,18,2023-24
2354,2024-04-09,Away,NOP,POR,W,2.0,110,36,87,11,36,45,25,13,2,9,2023-24
2355,2024-04-09,Home,POR,NOP,L,2.0,100,40,85,13,38,47,28,3,3,22,2023-24
2356,2024-04-09,Home,OKC,SAC,W,2.0,112,39,80,11,30,42,21,11,8,14,2023-24
2357,2024-04-09,Home,MIN,WAS,W,2.0,130,43,90,18,41,44,30,9,8,8,2023-24
2358,2024-04-09,Home,CHA,DAL,L,2.0,104,39,89,10,32,39,24,8,3,12,2023-24
2359,2024-04-09,Home,HOU,ORL,W,2.0,118,45,86,15,35,37,29,8,7,12,2023-24
2360,2024-04-09,Away,WAS,MIN,L,2.0,121,44,89,20,43,41,26,5,4,13,2023-24
2361,2024-04-09,Home,LAL,GSW,L,2.0,120,44,96,12,35,40,31,8,3,8,2023-24
2362,2024-04-09,Away,DET,PHI,L,3.0,102,34,84,14,30,44,20,3,5,16,2023-24
2363,2024-04-09,Home,TOR,IND,L,2.0,123,47,94,5,21,40,21,8,6,15,2023-24
2364,2024-04-09,Away,SAS,MEM,W,2.0,102,42,87,10,40,51,30,5,11,17,2023-24
2365,2024-04-09,Away,DAL,CHA,W,2.0,130,50,93,17,50,55,35,6,7,15,2023-24
2366,2024-04-09,Away,ORL,HOU,L,2.0,106,39,86,7,24,42,23,9,6,15,2023-24
2367,2024-04-09,Home,ATL,MIA,L,3.0,111,45,113,10,46,59,28,13,2,16,2023-24
2368,2024-04-09,Home,MEM,SAS,L,3.0,87,36,104,6,30,49,21,10,5,8,2023-24
2369,2024-04-09,Away,SAC,OKC,L,2.0,105,33,96,20,58,56,23,8,4,17,2023-24
2370,2024-04-09,Away,NYK,CHI,W,2.0,128,46,83,17,36,31,31,6,4,11,2023-24
2371,2024-04-09,Away,MIA,ATL,W,2.0,117,42,88,18,45,46,29,8,3,18,2023-24
2372,2024-04-09,Home,PHX,LAC,L,2.0,92,30,89,8,35,38,17,16,7,8,2023-24
2373,2024-04-09,Away,LAC,PHX,W,2.0,105,41,87,12,26,63,28,5,3,21,2023-24
2374,2024-04-09,Away,GSW,LAL,W,2.0,134,47,80,26,41,42,37,3,12,15,2023-24
2375,2024-04-10,Home,CLE,MEM,W,3.0,110,37,82,15,37,47,27,11,10,16,2023-24
2376,2024-04-10,Away,MEM,CLE,L,1.0,98,33,84,14,32,44,21,10,10,16,2023-24
2377,2024-04-10,Away,TOR,BKN,L,1.0,102,35,94,16,40,45,19,8,5,10,2023-24
2378,2024-04-10,Away,MIN,DEN,L,1.0,107,41,82,13,30,35,23,9,5,10,2023-24
2379,2024-04-10,Home,OKC,SAS,W,1.0,127,47,101,16,38,62,33,12,6,12,2023-24
2380,2024-04-10,Away,DAL,MIA,W,1.0,111,43,87,15,44,39,27,8,8,7,2023-24
2381,2024-04-10,Away,CHA,ATL,W,1.0,115,40,79,14,36,33,25,11,2,14,2023-24
2382,2024-04-10,Home,MIL,ORL,W,1.0,117,43,84,15,40,43,27,9,4,15,2023-24
2383,2024-04-10,Home,DEN,MIN,W,1.0,116,46,83,11,25,44,31,7,8,14,2023-24
2384,2024-04-10,Home,MIA,DAL,L,1.0,92,33,81,13,30,46,22,3,1,18,2023-24
2385,2024-04-10,Away,SAS,OKC,L,1.0,89,32,96,9,40,47,24,8,4,15,2023-24
2386,2024-04-10,Home,BKN,TOR,W,3.0,106,38,86,11,36,56,25,4,15,15,2023-24
2387,2024-04-10,Home,ATL,CHA,L,1.0,114,43,82,18,40,38,35,7,2,18,2023-24
2388,2024-04-10,Home,LAC,PHX,L,1.0,108,44,95,12,36,44,23,9,3,13,2023-24
2389,2024-04-10,Away,PHX,LAC,W,1.0,124,46,95,18,50,48,29,8,6,13,2023-24
2390,2024-04-10,Away,ORL,MIL,L,1.0,99,36,78,11,30,34,19,6,1,16,2023-24
2391,2024-04-11,Away,HOU,UTA,L,2.0,121,40,95,21,47,39,22,8,6,10,2023-24
2392,2024-04-11,Home,BOS,NYK,L,2.0,109,40,86,16,42,36,25,7,12,12,2023-24
2393,2024-04-11,Away,NOP,SAC,W,2.0,135,49,86,22,40,40,35,7,2,13,2023-24
2394,2024-04-11,Home,POR,GSW,L,2.0,92,35,97,8,34,49,22,9,3,13,2023-24
2395,2024-04-11,Away,GSW,POR,W,2.0,100,36,77,12,35,46,24,8,13,16,2023-24
2396,2024-04-11,Home,SAC,NOP,L,2.0,123,46,84,16,38,32,26,7,0,14,2023-24
2397,2024-04-11,Home,DET,CHI,L,2.0,105,38,77,14,35,38,27,4,2,20,2023-24
2398,2024-04-11,Home,UTA,HOU,W,2.0,124,44,87,14,39,49,27,8,7,16,2023-24
2399,2024-04-11,Away,NYK,BOS,W,2.0,118,49,99,14,36,52,24,7,4,15,2023-24
2400,2024-04-11,Away,CHI,DET,W,2.0,127,51,96,14,36,42,28,14,5,9,2023-24
2401,2024-04-12,Away,DET,DAL,W,1.0,107,46,95,8,31,40,23,11,7,7,2023-24
2402,2024-04-12,Away,PHX,SAC,W,2.0,108,40,76,12,32,41,25,4,4,19,2023-24
2403,2024-04-12,Home,GSW,NOP,L,1.0,109,40,86,13,34,53,27,6,5,16,2023-24
2404,2024-04-12,Home,SAC,PHX,L,1.0,107,40,91,14,38,35,26,12,1,7,2023-24
2405,2024-04-12,Away,HOU,POR,W,1.0,116,44,92,11,39,48,25,3,5,9,2023-24
2406,2024-04-12,Away,CHA,BOS,L,2.0,98,32,76,15,35,33,20,3,7,20,2023-24
2407,2024-04-12,Home,OKC,MIL,W,2.0,125,47,89,13,38,38,29,13,5,10,2023-24
2408,2024-04-12,Home,WAS,CHI,L,3.0,127,45,86,18,43,39,32,6,5,12,2023-24
2409,2024-04-12,Away,CHI,WAS,W,1.0,129,48,98,14,35,56,28,9,6,13,2023-24
2410,2024-04-12,Home,MEM,LAL,L,2.0,120,43,95,17,39,42,19,14,2,15,2023-24
2411,2024-04-12,Away,TOR,MIA,L,2.0,103,37,77,10,31,41,23,1,1,17,2023-24
2412,2024-04-12,Home,MIA,TOR,W,2.0,125,45,86,17,41,37,37,7,2,7,2023-24
2413,2024-04-12,Home,SAS,DEN,W,2.0,121,45,85,15,33,49,31,2,4,18,2023-24
2414,2024-04-12,Home,BOS,CHA,W,1.0,131,54,104,14,41,53,34,12,1,6,2023-24
2415,2024-04-12,Away,LAL,MEM,W,3.0,123,42,81,13,37,39,25,5,6,19,2023-24
2416,2024-04-12,Home,CLE,IND,W,2.0,129,50,95,13,32,41,28,9,2,11,2023-24
2417,2024-04-12,Away,MIL,OKC,L,2.0,107,42,85,11,30,42,27,7,3,19,2023-24
2418,2024-04-12,Home,NYK,BKN,W,1.0,111,38,83,14,30,31,21,10,3,5,2023-24
2419,2024-04-12,Away,BKN,NYK,L,2.0,107,41,82,11,32,45,22,3,4,14,2023-24
2420,2024-04-12,Away,ORL,PHI,L,2.0,113,43,95,8,27,45,25,7,7,11,2023-24
2421,2024-04-12,Home,LAC,UTA,L,2.0,109,43,96,10,39,44,23,9,7,13,2023-24
2422,2024-04-12,Home,DAL,DET,L,2.0,89,36,83,8,29,49,20,5,5,20,2023-24
2423,2024-04-12,Away,IND,CLE,L,3.0,120,46,89,9,32,39,37,7,2,14,2023-24
2424,2024-04-12,Away,DEN,SAS,L,2.0,120,49,97,13,36,33,31,9,4,9,2023-24
2425,2024-04-12,Away,UTA,LAC,W,1.0,110,41,88,6,35,46,26,7,4,18,2023-24
2426,2024-04-12,Home,PHI,ORL,W,3.0,125,42,88,18,37,44,22,6,6,13,2023-24
2427,2024-04-12,Home,POR,HOU,L,1.0,107,37,95,12,35,48,20,4,5,7,2023-24
2428,2024-04-12,Home,MIN,ATL,W,2.0,109,38,79,10,37,44,29,8,11,14,2023-24
2429,2024-04-12,Away,ATL,MIN,L,2.0,106,40,90,9,30,40,23,4,1,15,2023-24
2430,2024-04-12,Away,NOP,GSW,W,1.0,114,42,90,20,38,38,24,11,5,9,2023-24
2431,2024-04-14,Home,MEM,DEN,L,2.0,111,45,100,8,33,43,22,9,2,13,2023-24
2432,2024-04-14,Away,TOR,MIA,L,2.0,103,38,90,9,34,41,23,6,3,19,2023-24
2433,2024-04-14,Away,ATL,IND,L,2.0,115,39,89,12,36,32,25,6,5,17,2023-24
2434,2024-04-14,Away,BKN,PHI,L,2.0,86,32,83,9,34,42,19,8,6,13,2023-24
2435,2024-04-14,Home,BOS,WAS,W,2.0,132,51,89,16,32,48,29,10,15,17,2023-24
2436,2024-04-14,Away,CHA,CLE,W,2.0,120,46,91,19,40,47,36,10,9,10,2023-24
2437,2024-04-14,Away,CHI,NYK,L,2.0,119,49,101,8,31,44,25,15,3,12,2023-24
2438,2024-04-14,Home,CLE,CHA,L,2.0,110,44,93,16,33,43,30,4,1,14,2023-24
2439,2024-04-14,Away,DAL,OKC,L,2.0,86,32,97,8,39,41,19,8,2,15,2023-24
2440,2024-04-14,Away,DEN,MEM,W,2.0,126,46,89,12,36,54,32,9,5,18,2023-24
2441,2024-04-14,Away,DET,SAS,L,2.0,95,36,92,8,33,40,17,7,3,14,2023-24
2442,2024-04-14,Home,GSW,UTA,W,2.0,123,45,94,14,43,42,35,10,6,9,2023-24
2443,2024-04-14,Away,HOU,LAC,W,2.0,116,50,103,11,38,59,31,7,8,18,2023-24
2444,2024-04-14,Home,IND,ATL,W,2.0,157,65,100,19,36,48,41,10,6,16,2023-24
2445,2024-04-14,Away,UTA,GSW,L,2.0,116,46,89,14,34,48,22,6,5,20,2023-24
2446,2024-04-14,Home,LAC,HOU,L,2.0,105,41,104,8,37,51,23,13,8,12,2023-24
2447,2024-04-14,Home,MIA,TOR,W,2.0,118,46,87,9,36,46,29,13,7,19,2023-24
2448,2024-04-14,Away,MIL,ORL,L,2.0,88,30,75,7,27,34,16,10,4,17,2023-24
2449,2024-04-14,Home,MIN,PHX,L,2.0,106,36,70,9,26,36,22,7,5,24,2023-24
2450,2024-04-14,Home,NOP,LAL,L,2.0,108,41,86,15,37,39,26,8,1,19,2023-24
2451,2024-04-14,Home,NYK,CHI,W,2.0,120,46,91,12,32,53,27,7,6,21,2023-24
2452,2024-04-14,Home,OKC,DAL,W,2.0,135,54,97,14,34,58,38,6,6,15,2023-24
2453,2024-04-14,Home,ORL,MIL,W,2.0,113,42,85,11,35,43,27,11,5,14,2023-24
2454,2024-04-14,Home,PHI,BKN,W,2.0,107,41,96,14,44,57,30,8,6,14,2023-24
2455,2024-04-14,Away,PHX,MIN,W,2.0,125,47,86,16,29,32,28,13,3,13,2023-24
2456,2024-04-14,Away,POR,SAC,L,2.0,82,31,98,7,45,54,18,11,2,18,2023-24
2457,2024-04-14,Home,SAC,POR,W,2.0,121,43,87,13,34,51,29,11,6,14,2023-24
2458,2024-04-14,Home,SAS,DET,W,2.0,123,49,91,15,34,54,33,9,3,14,2023-24
2459,2024-04-14,Away,LAL,NOP,W,2.0,124,48,87,11,29,39,32,12,3,15,2023-24
2460,2024-04-14,Away,WAS,BOS,L,2.0,122,49,103,14,38,36,33,9,4,12,2023-24
2461,2024-10-22,Away,NYK,BOS,L,,109,43,78,11,30,34,20,2,3,12,2024-25
2462,2024-10-22,Away,MIN,LAL,L,,103,35,85,13,41,47,17,4,1,16,2024-25
2463,2024-10-22,Home,LAL,MIN,W,,110,42,95,5,30,46,22,7,8,7,2024-25
2464,2024-10-22,Home,BOS,NYK,W,,132,48,95,29,61,40,33,6,3,4,2024-25
2465,2024-10-23,Away,CHA,HOU,W,,110,38,85,15,39,56,20,6,10,17,2024-25
2466,2024-10-23,Home,UTA,MEM,L,,124,40,85,10,26,49,21,7,9,17,2024-25
2467,2024-10-23,Away,CHI,NOP,L,,111,42,86,10,34,47,26,4,2,21,2024-25
2468,2024-10-23,Home,TOR,CLE,L,,106,36,86,12,31,38,25,8,6,19,2024-25
2469,2024-10-23,Away,CLE,TOR,W,,136,51,87,14,30,36,29,10,9,13,2024-25
2470,2024-10-23,Home,DET,IND,L,,109,38,88,9,33,38,22,6,2,14,2024-25
2471,2024-10-23,Away,GSW,POR,W,,140,48,93,20,48,57,38,13,5,18,2024-25
2472,2024-10-23,Home,HOU,CHA,L,,105,38,103,13,43,43,19,8,4,8,2024-25
2473,2024-10-23,Away,IND,DET,W,,115,42,83,9,31,39,32,10,8,15,2024-25
2474,2024-10-23,Away,PHX,LAC,W,,116,38,78,15,38,42,25,12,9,22,2024-25
2475,2024-10-23,Home,LAC,PHX,L,,113,42,92,8,29,51,27,9,1,22,2024-25
2476,2024-10-23,Home,PHI,MIL,L,,109,41,98,8,31,49,18,4,2,10,2024-25
2477,2024-10-23,Away,MEM,UTA,W,,126,43,91,17,45,41,28,7,5,13,2024-25
2478,2024-10-23,Home,MIA,ORL,L,,97,32,82,11,34,41,24,5,8,11,2024-25
2479,2024-10-23,Away,ORL,MIA,W,,116,41,96,18,49,57,28,8,8,14,2024-25
2480,2024-10-23,Away,MIL,PHI,W,,124,43,80,16,37,46,27,4,9,14,2024-25
2481,2024-10-23,Home,NOP,CHI,W,,123,45,97,14,37,42,29,15,10,12,2024-25
2482,2024-10-23,Home,POR,GSW,L,,104,36,92,8,34,42,21,10,4,18,2024-25
2483,2024-10-23,Away,BKN,ATL,L,,116,40,91,17,43,43,21,8,6,19,2024-25
2484,2024-10-23,Home,ATL,BKN,W,,120,39,80,9,28,45,25,12,9,16,2024-25
2485,2024-10-24,Home,WAS,BOS,L,,102,41,95,7,36,40,27,9,6,15,2024-25
2486,2024-10-24,Away,MIN,SAC,W,2.0,117,41,86,20,50,42,24,3,2,17,2024-25
2487,2024-10-24,Home,SAC,MIN,L,,115,38,82,11,29,38,21,7,2,9,2024-25
2488,2024-10-24,Away,OKC,DEN,W,,102,43,101,8,36,49,23,9,13,12,2024-25
2489,2024-10-24,Home,DAL,SAS,W,,120,42,102,19,44,50,27,9,5,10,2024-25
2490,2024-10-24,Home,DEN,OKC,L,,87,35,98,7,38,57,29,11,7,16,2024-25
2491,2024-10-24,Away,BOS,WAS,W,2.0,122,42,90,17,45,49,21,7,3,14,2024-25
2492,2024-10-24,Away,SAS,DAL,L,,109,39,86,12,36,52,30,6,5,19,2024-25
2493,2024-10-25,Away,BKN,ORL,L,2.0,101,35,83,14,37,37,22,7,3,19,2024-25
2494,2024-10-25,Home,NYK,IND,W,3.0,123,44,84,12,27,43,19,5,4,12,2024-25
2495,2024-10-25,Away,PHX,LAL,L,2.0,116,42,82,17,37,34,35,8,4,17,2024-25
2496,2024-10-25,Home,TOR,PHI,W,2.0,115,35,76,6,23,54,25,11,13,27,2024-25
2497,2024-10-25,Home,ORL,BKN,W,2.0,116,39,75,15,30,39,28,10,7,13,2024-25
2498,2024-10-25,Home,CLE,DET,W,2.0,113,42,82,13,34,39,28,13,4,13,2024-25
2499,2024-10-25,Away,CHI,MIL,W,2.0,133,46,96,21,47,46,30,10,4,10,2024-25
2500,2024-10-25,Home,HOU,MEM,W,2.0,128,43,98,17,43,64,20,10,4,19,2024-25
2501,2024-10-25,Home,ATL,CHA,W,2.0,125,39,81,14,38,39,25,11,9,14,2024-25
2502,2024-10-25,Away,NOP,POR,W,2.0,105,36,86,12,32,44,25,12,8,14,2024-25
2503,2024-10-25,Home,MIL,CHI,L,2.0,122,46,93,13,40,47,24,5,3,15,2024-25
2504,2024-10-25,Away,IND,NYK,L,2.0,98,41,83,3,30,33,28,8,6,16,2024-25
2505,2024-10-25,Away,DET,CLE,L,2.0,101,38,81,13,32,42,25,3,5,22,2024-25
2506,2024-10-25,Home,UTA,GSW,L,2.0,86,29,92,9,42,45,18,8,5,22,2024-25
2507,2024-10-25,Home,POR,NOP,L,2.0,103,37,90,13,37,48,26,7,11,20,2024-25
2508,2024-10-25,Away,CHA,ATL,L,2.0,120,37,96,21,51,53,22,7,4,18,2024-25
2509,2024-10-25,Away,MEM,HOU,L,2.0,108,38,91,10,28,43,24,8,8,19,2024-25
2510,2024-10-25,Away,PHI,TOR,L,2.0,107,29,76,9,29,28,19,11,5,16,2024-25
2511,2024-10-25,Home,LAL,PHX,W,3.0,123,40,75,14,27,37,33,10,5,13,2024-25
2512,2024-10-25,Away,GSW,UTA,W,2.0,127,51,106,20,50,60,35,15,6,15,2024-25
2513,2024-10-26,Home,LAL,SAC,W,1.0,131,48,92,14,34,45,32,8,3,19,2024-25
2514,2024-10-26,Home,MIN,TOR,W,2.0,112,39,83,14,37,41,29,9,8,13,2024-25
2515,2024-10-26,Home,SAS,HOU,W,2.0,109,39,79,8,20,49,23,6,7,17,2024-25
2516,2024-10-26,Home,WAS,CLE,L,2.0,116,37,96,15,43,46,25,6,9,15,2024-25
2517,2024-10-26,Away,MIA,CHA,W,3.0,114,40,86,14,34,43,33,8,6,14,2024-25
2518,2024-10-26,Away,ORL,MEM,L,1.0,111,37,87,17,48,41,21,10,6,19,2024-25
2519,2024-10-26,Home,DEN,LAC,L,2.0,104,35,87,14,35,37,20,13,4,10,2024-25
2520,2024-10-26,Away,HOU,SAS,L,1.0,106,38,92,13,41,34,21,10,3,11,2024-25
2521,2024-10-26,Home,PHX,DAL,W,1.0,114,36,80,14,39,47,26,3,4,11,2024-25
2522,2024-10-26,Home,DET,BOS,L,1.0,118,43,88,14,39,44,27,4,7,15,2024-25
2523,2024-10-26,Away,SAC,LAL,L,2.0,127,45,88,15,44,32,32,12,5,14,2024-25
2524,2024-10-26,Away,TOR,MIN,L,1.0,101,41,90,10,29,46,29,9,4,20,2024-25
2525,2024-10-26,Home,CHI,OKC,L,1.0,95,32,92,15,53,61,23,6,2,26,2024-25
2526,2024-10-26,Home,MEM,ORL,W,1.0,124,46,86,13,34,42,38,10,5,18,2024-25
2527,2024-10-26,Home,CHA,MIA,L,1.0,106,39,89,13,41,46,20,6,5,20,2024-25
2528,2024-10-26,Away,OKC,CHI,W,2.0,114,45,107,8,40,54,21,15,5,10,2024-25
2529,2024-10-26,Away,CLE,WAS,W,1.0,135,47,88,18,39,48,27,13,10,17,2024-25
2530,2024-10-26,Away,LAC,DEN,W,3.0,109,40,82,12,33,44,30,4,5,17,2024-25
2531,2024-10-26,Away,DAL,PHX,L,2.0,102,37,93,13,41,46,22,6,2,9,2024-25
2532,2024-10-26,Away,BOS,DET,W,2.0,124,38,90,22,48,37,19,10,6,10,2024-25
2533,2024-10-27,Away,ATL,OKC,L,2.0,104,36,91,10,31,49,24,7,4,20,2024-25
2534,2024-10-27,Home,BKN,MIL,W,2.0,115,39,91,16,45,47,23,9,3,12,2024-25
2535,2024-10-27,Away,NOP,POR,L,2.0,103,38,88,8,29,39,24,9,8,17,2024-25
2536,2024-10-27,Home,GSW,LAC,L,2.0,104,38,88,14,43,47,19,10,5,21,2024-25
2537,2024-10-27,Away,LAC,GSW,W,1.0,112,42,90,10,32,48,27,11,2,18,2024-25
2538,2024-10-27,Away,PHI,IND,W,2.0,118,42,98,11,42,54,15,9,4,20,2024-25
2539,2024-10-27,Away,MIL,BKN,L,2.0,102,33,74,10,33,43,20,7,3,18,2024-25
2540,2024-10-27,Home,OKC,ATL,W,1.0,128,44,89,16,40,45,26,13,12,10,2024-25
2541,2024-10-27,Home,POR,NOP,W,2.0,125,43,93,14,35,51,25,9,8,16,2024-25
2542,2024-10-27,Home,IND,PHI,L,2.0,114,39,84,13,32,37,28,8,4,20,2024-25
2543,2024-10-28,Home,DAL,UTA,W,2.0,110,43,95,11,39,50,27,9,12,14,2024-25
2544,2024-10-28,Home,SAS,HOU,L,2.0,101,37,87,10,33,49,22,6,6,17,2024-25
2545,2024-10-28,Away,POR,SAC,L,1.0,98,35,83,4,22,46,17,5,4,18,2024-25
2546,2024-10-28,Away,CHI,MEM,W,2.0,126,45,100,25,53,50,36,5,6,9,2024-25
2547,2024-10-28,Home,MIA,DET,W,2.0,106,38,88,15,47,44,24,14,3,12,2024-25
2548,2024-10-28,Home,PHX,LAL,W,2.0,109,40,87,11,36,46,21,7,11,11,2024-25
2549,2024-10-28,Home,NYK,CLE,L,3.0,104,40,90,9,28,43,22,8,3,16,2024-25
2550,2024-10-28,Away,DET,MIA,L,2.0,98,35,91,14,38,54,14,6,6,17,2024-25
2551,2024-10-28,Home,BOS,MIL,W,2.0,119,43,87,18,47,38,24,5,5,14,2024-25
2552,2024-10-28,Away,UTA,DAL,L,3.0,102,34,92,10,35,50,24,7,5,15,2024-25
2553,2024-10-28,Away,HOU,SAS,W,2.0,106,35,85,15,37,43,20,6,2,12,2024-25
2554,2024-10-28,Away,CLE,NYK,W,2.0,110,39,82,12,36,41,21,10,5,14,2024-25
2555,2024-10-28,Home,SAC,POR,W,2.0,111,37,81,14,35,40,25,8,6,16,2024-25
2556,2024-10-28,Home,MEM,CHI,L,2.0,123,51,111,14,43,60,37,5,9,10,2024-25
2557,2024-10-28,Away,DEN,TOR,W,2.0,127,47,96,9,20,52,29,6,6,16,2024-25
2558,2024-10-28,Away,WAS,ATL,W,2.0,121,41,91,21,44,43,24,7,3,18,2024-25
2559,2024-10-28,Home,ORL,IND,W,2.0,119,39,83,13,41,46,26,7,6,15,2024-25
2560,2024-10-28,Away,LAL,PHX,L,2.0,105,39,94,14,32,46,25,5,6,12,2024-25
2561,2024-10-28,Away,IND,ORL,L,1.0,115,41,88,13,29,44,25,7,4,13,2024-25
2562,2024-10-28,Away,MIL,BOS,L,1.0,108,37,82,8,31,43,18,7,6,17,2024-25
2563,2024-10-28,Home,TOR,DEN,L,2.0,125,49,109,10,35,54,30,7,7,15,2024-25
2564,2024-10-28,Home,ATL,WAS,L,1.0,119,39,81,15,40,39,32,12,7,16,2024-25
2565,2024-10-29,Home,UTA,SAC,L,1.0,96,35,89,14,48,42,24,7,4,17,2024-25
2566,2024-10-29,Away,NOP,GSW,L,2.0,106,40,74,9,22,44,23,4,6,24,2024-25
2567,2024-10-29,Home,GSW,NOP,W,2.0,124,46,97,21,46,34,34,15,9,8,2024-25
2568,2024-10-29,Away,DAL,MIN,W,1.0,120,45,93,16,39,40,25,12,2,10,2024-25
2569,2024-10-29,Home,BKN,DEN,L,2.0,139,49,96,20,52,41,37,4,6,9,2024-25
2570,2024-10-29,Away,SAC,UTA,W,1.0,113,48,92,8,31,49,26,9,9,12,2024-25
2571,2024-10-29,Home,MIN,DAL,L,3.0,114,39,77,19,39,42,33,5,2,20,2024-25
2572,2024-10-29,Away,DEN,BKN,W,1.0,144,46,89,13,27,43,31,3,4,5,2024-25
2573,2024-10-30,Home,CLE,LAL,W,2.0,134,56,97,17,41,36,37,14,2,12,2024-25
2574,2024-10-30,Away,NOP,GSW,L,1.0,89,33,90,11,36,49,24,7,6,15,2024-25
2575,2024-10-30,Home,CHI,ORL,W,2.0,102,36,84,13,34,54,23,6,2,15,2024-25
2576,2024-10-30,Away,LAL,CLE,L,2.0,110,38,77,6,28,37,21,6,0,21,2024-25
2577,2024-10-30,Home,MEM,BKN,L,2.0,106,38,81,8,27,38,27,9,3,22,2024-25
2578,2024-10-30,Home,CHA,TOR,W,4.0,138,49,94,20,45,38,31,9,8,16,2024-25
2579,2024-10-30,Away,NYK,MIA,W,2.0,116,40,82,18,40,42,30,8,4,11,2024-25
2580,2024-10-30,Home,OKC,SAS,W,3.0,105,41,89,17,41,39,28,18,6,14,2024-25
2581,2024-10-30,Away,BKN,MEM,W,1.0,119,41,80,15,41,34,27,10,2,19,2024-25
2582,2024-10-30,Away,ATL,WAS,L,2.0,120,45,95,12,39,41,28,10,3,17,2024-25
2583,2024-10-30,Home,MIA,NYK,L,2.0,107,37,81,17,40,39,27,6,3,10,2024-25
2584,2024-10-30,Home,IND,BOS,W,2.0,135,50,104,15,38,57,33,10,5,19,2024-25
2585,2024-10-30,Home,LAC,POR,L,3.0,105,41,90,13,36,49,26,10,5,14,2024-25
2586,2024-10-30,Away,SAS,OKC,L,2.0,93,35,85,12,36,52,22,6,6,22,2024-25
2587,2024-10-30,Away,TOR,CHA,L,2.0,133,52,91,9,28,41,37,9,5,14,2024-25
2588,2024-10-30,Away,ORL,CHI,L,2.0,99,35,86,11,46,42,25,9,8,12,2024-25
2589,2024-10-30,Home,WAS,ATL,W,2.0,133,47,89,16,38,37,32,10,5,16,2024-25
2590,2024-10-30,Away,DET,PHI,W,2.0,105,36,78,15,36,49,23,4,5,17,2024-25
2591,2024-10-30,Away,BOS,IND,L,2.0,132,44,109,19,57,51,23,11,5,14,2024-25
2592,2024-10-30,Home,GSW,NOP,W,1.0,104,41,87,13,38,42,32,5,9,14,2024-25
2593,2024-10-30,Home,PHI,DET,L,3.0,95,33,79,8,28,37,17,7,4,9,2024-25
2594,2024-10-30,Away,POR,LAC,W,2.0,106,41,92,14,33,47,19,9,6,13,2024-25
2595,2024-10-31,Home,LAC,PHX,L,1.0,119,45,93,12,35,48,27,8,8,14,2024-25
2596,2024-10-31,Away,HOU,DAL,W,3.0,108,40,97,8,34,50,21,4,4,10,2024-25
2597,2024-10-31,Home,UTA,SAS,L,2.0,88,32,82,7,32,53,19,6,6,26,2024-25
2598,2024-10-31,Away,SAS,UTA,W,1.0,106,38,92,12,43,42,25,17,7,11,2024-25
2599,2024-10-31,Home,MEM,MIL,W,1.0,122,43,82,8,28,56,26,6,3,17,2024-25
2600,2024-10-31,Away,PHX,LAC,W,3.0,125,42,82,18,39,39,29,12,4,12,2024-25
2601,2024-10-31,Away,MIL,MEM,L,3.0,99,41,96,9,42,38,20,10,4,10,2024-25
2602,2024-10-31,Home,DAL,HOU,L,2.0,102,39,85,10,30,37,21,6,7,10,2024-25
2603,2024-11-01,Away,SAC,ATL,W,3.0,123,43,89,11,33,51,28,9,4,14,2024-25
2604,2024-11-01,Away,IND,NOP,L,2.0,118,46,89,16,38,39,35,3,3,14,2024-25
2605,2024-11-01,Away,BOS,CHA,W,2.0,124,41,86,13,42,41,21,12,5,10,2024-25
2606,2024-11-01,Home,CHA,BOS,L,2.0,109,42,91,19,48,42,20,5,5,16,2024-25
2607,2024-11-01,Away,OKC,POR,W,2.0,137,51,95,19,49,45,31,14,9,13,2024-25
2608,2024-11-01,Home,NOP,IND,W,2.0,125,49,101,12,31,46,28,8,4,8,2024-25
2609,2024-11-01,Home,MIN,DEN,W,3.0,119,43,83,18,42,38,34,8,9,17,2024-25
2610,2024-11-01,Away,LAL,TOR,W,2.0,131,42,88,11,32,43,29,6,5,10,2024-25
2611,2024-11-01,Home,BKN,CHI,W,2.0,120,49,94,11,36,46,34,11,6,11,2024-25
2612,2024-11-01,Home,TOR,LAL,L,2.0,125,52,107,10,35,44,35,4,6,11,2024-25
2613,2024-11-01,Home,POR,OKC,L,2.0,114,39,83,15,35,36,27,8,5,19,2024-25
2614,2024-11-01,Away,DEN,MIN,L,3.0,116,41,92,11,32,46,30,11,2,15,2024-25
2615,2024-11-01,Away,ORL,CLE,L,2.0,109,41,90,11,33,39,26,10,4,14,2024-25
2616,2024-11-01,Home,ATL,SAC,L,2.0,115,41,92,19,50,40,30,8,4,13,2024-25
2617,2024-11-01,Away,NYK,DET,W,2.0,128,52,101,18,38,45,31,16,3,10,2024-25
2618,2024-11-01,Home,CLE,ORL,W,2.0,120,44,87,15,38,49,25,6,4,13,2024-25
2619,2024-11-01,Home,DET,NYK,L,2.0,98,41,81,11,34,38,23,6,9,22,2024-25
2620,2024-11-01,Away,CHI,BKN,L,2.0,112,38,88,17,44,44,24,5,3,16,2024-25
2621,2024-11-02,Away,BOS,CHA,W,1.0,113,36,82,16,52,44,23,4,4,15,2024-25
2622,2024-11-02,Home,SAS,MIN,W,2.0,113,43,83,13,42,44,32,6,5,13,2024-25
2623,2024-11-02,Away,CLE,MIL,W,1.0,114,44,91,15,38,45,31,3,2,7,2024-25
2624,2024-11-02,Away,MIN,SAS,L,1.0,103,39,82,11,37,32,21,7,2,13,2024-25
2625,2024-11-02,Away,SAC,TOR,L,1.0,128,46,100,10,40,49,21,16,3,18,2024-25
2626,2024-11-02,Home,LAC,OKC,L,2.0,92,32,79,11,35,50,23,10,7,22,2024-25
2627,2024-11-02,Home,PHI,MEM,L,3.0,107,36,89,19,46,33,22,11,5,14,2024-25
2628,2024-11-02,Home,PHX,POR,W,2.0,103,35,93,17,52,63,29,4,8,14,2024-25
2629,2024-11-02,Away,OKC,LAC,W,1.0,105,36,84,16,39,41,25,11,3,12,2024-25
2630,2024-11-02,Home,TOR,SAC,W,1.0,131,46,95,17,37,46,31,13,3,19,2024-25
2631,2024-11-02,Home,CHA,BOS,L,1.0,103,40,91,17,42,34,24,10,1,13,2024-25
2632,2024-11-02,Away,MEM,PHI,W,2.0,124,48,87,12,27,52,35,9,6,17,2024-25
2633,2024-11-02,Away,MIA,WAS,W,3.0,118,43,102,15,37,65,19,6,3,14,2024-25
2634,2024-11-02,Away,POR,PHX,L,1.0,97,37,111,14,43,56,17,10,5,6,2024-25
2635,2024-11-02,Home,HOU,GSW,L,2.0,121,44,107,15,45,49,27,10,6,11,2024-25
2636,2024-11-02,Away,GSW,HOU,W,3.0,127,40,78,15,32,47,26,5,4,14,2024-25
2637,2024-11-02,Away,UTA,DEN,L,2.0,103,32,77,13,42,39,24,7,8,24,2024-25
2638,2024-11-02,Home,MIL,CLE,L,2.0,113,43,89,18,39,45,24,3,3,13,2024-25
2639,2024-11-02,Home,DEN,UTA,W,1.0,129,48,99,16,32,52,33,14,1,18,2024-25
2640,2024-11-02,Away,WAS,MIA,L,3.0,98,38,91,7,35,44,23,12,10,12,2024-25
2641,2024-11-03,Away,ORL,DAL,L,2.0,85,31,93,8,41,43,19,8,4,15,2024-25
2642,2024-11-03,Home,DAL,ORL,W,3.0,108,42,85,10,32,53,25,8,5,19,2024-25
2643,2024-11-03,Away,DET,BKN,W,2.0,106,37,77,11,36,47,25,4,6,21,2024-25
2644,2024-11-03,Home,BKN,DET,L,2.0,92,32,71,9,31,27,23,9,3,14,2024-25
2645,2024-11-03,Away,ATL,NOP,W,2.0,126,50,88,15,36,41,29,10,3,16,2024-25
2646,2024-11-03,Home,NOP,ATL,L,2.0,111,39,90,16,38,43,22,6,3,18,2024-25
2647,2024-11-04,Away,SAS,LAC,L,2.0,104,38,86,11,41,45,22,9,10,14,2024-25
2648,2024-11-04,Away,CHA,MIN,L,2.0,93,35,88,10,42,38,19,10,1,14,2024-25
2649,2024-11-04,Home,DET,LAL,W,1.0,115,45,96,8,34,55,22,6,5,12,2024-25
2650,2024-11-04,Home,BKN,MEM,W,1.0,106,40,84,13,36,37,28,7,1,14,2024-25
2651,2024-11-04,Away,POR,NOP,W,2.0,118,46,84,10,29,38,21,10,5,12,2024-25
2652,2024-11-04,Home,DAL,IND,L,1.0,127,46,89,15,36,38,29,4,3,9,2024-25
2653,2024-11-04,Home,DEN,TOR,W,2.0,121,41,83,10,31,44,29,9,10,17,2024-25
2654,2024-11-04,Home,NOP,POR,L,1.0,100,38,84,10,35,34,24,5,3,16,2024-25
2655,2024-11-04,Home,CLE,MIL,W,2.0,116,46,91,17,37,39,28,10,4,10,2024-25
2656,2024-11-04,Home,HOU,NYK,W,2.0,109,43,88,8,33,50,21,4,6,11,2024-25
2657,2024-11-04,Away,MIL,CLE,L,2.0,114,42,86,17,35,49,21,6,6,15,2024-25
2658,2024-11-04,Away,MEM,BKN,L,2.0,104,43,91,8,30,44,29,5,8,15,2024-25
2659,2024-11-04,Away,GSW,WAS,W,2.0,125,44,97,12,37,56,29,5,7,7,2024-25
2660,2024-11-04,Home,CHI,UTA,L,3.0,126,45,95,14,37,36,36,7,7,9,2024-25
2661,2024-11-04,Away,NYK,HOU,L,3.0,97,34,88,11,28,39,20,6,4,10,2024-25
2662,2024-11-04,Home,MIN,CHA,W,2.0,114,39,79,18,38,45,23,7,8,15,2024-25
2663,2024-11-04,Away,BOS,ATL,W,2.0,123,48,99,18,55,50,27,15,7,13,2024-25
2664,2024-11-04,Away,LAL,DET,L,3.0,103,37,85,9,25,37,28,8,1,13,2024-25
2665,2024-11-04,Home,ATL,BOS,L,1.0,93,37,89,6,31,43,23,9,3,20,2024-25
2666,2024-11-04,Away,ORL,OKC,L,1.0,86,29,82,5,34,41,20,12,5,19,2024-25
2667,2024-11-04,Home,MIA,SAC,L,2.0,110,37,85,15,36,36,24,9,6,11,2024-25
2668,2024-11-04,Away,SAC,MIA,W,2.0,111,44,86,10,27,39,23,5,4,14,2024-25
2669,2024-11-04,Home,LAC,SAS,W,2.0,113,41,90,19,37,44,25,6,7,11,2024-25
2670,2024-11-04,Home,WAS,GSW,L,2.0,112,42,96,10,43,47,29,4,8,10,2024-25
2671,2024-11-04,Home,OKC,ORL,W,2.0,102,39,85,12,31,42,23,12,4,17,2024-25
2672,2024-11-04,Away,IND,DAL,W,3.0,134,54,95,13,32,46,30,5,3,10,2024-25
2673,2024-11-04,Away,PHI,PHX,L,2.0,116,40,87,20,51,38,27,10,4,15,2024-25
2674,2024-11-04,Home,PHX,PHI,W,2.0,118,42,82,11,32,43,24,6,4,14,2024-25
2675,2024-11-04,Away,UTA,CHI,W,2.0,135,48,89,16,36,49,35,3,6,13,2024-25
2676,2024-11-04,Away,TOR,DEN,L,2.0,119,47,103,13,39,41,38,12,3,14,2024-25
2677,2024-11-06,Away,TOR,SAC,L,2.0,107,43,88,10,34,34,25,7,1,12,2024-25
2678,2024-11-06,Away,CHI,DAL,L,2.0,99,36,86,12,42,51,25,8,2,23,2024-25
2679,2024-11-06,Away,ORL,IND,L,2.0,111,42,82,7,25,38,26,6,5,16,2024-25
2680,2024-11-06,Away,PHI,LAC,L,2.0,98,40,73,7,25,32,19,10,2,20,2024-25
2681,2024-11-06,Away,GSW,BOS,W,2.0,118,42,91,14,34,53,22,6,5,11,2024-25
2682,2024-11-06,Away,SAS,HOU,L,2.0,100,37,83,14,36,41,20,6,6,20,2024-25
2683,2024-11-06,Home,CHA,DET,W,2.0,108,39,90,14,44,47,22,5,4,12,2024-25
2684,2024-11-06,Home,BOS,GSW,L,2.0,112,38,90,19,54,47,22,5,3,12,2024-25
2685,2024-11-06,Home,DAL,CHI,W,2.0,119,45,93,12,38,47,33,11,4,15,2024-25
2686,2024-11-06,Away,NYK,ATL,L,2.0,116,41,84,22,47,41,29,5,5,16,2024-25
2687,2024-11-06,Away,CLE,NOP,W,2.0,131,52,96,17,35,46,33,6,10,13,2024-25
2688,2024-11-06,Home,SAC,TOR,W,2.0,122,42,90,10,35,47,26,7,5,10,2024-25
2689,2024-11-06,Home,MEM,LAL,W,2.0,131,48,93,17,34,50,28,5,6,18,2024-25
2690,2024-11-06,Away,OKC,DEN,L,2.0,122,44,100,16,40,47,29,15,6,14,2024-25
2691,2024-11-06,Home,HOU,SAS,W,2.0,127,54,96,10,27,45,28,10,5,12,2024-25
2692,2024-11-06,Away,DET,CHA,L,2.0,107,46,94,10,32,46,34,5,4,11,2024-25
2693,2024-11-06,Home,NOP,CLE,L,2.0,122,42,88,13,27,33,21,8,8,10,2024-25
2694,2024-11-06,Home,PHX,MIA,W,2.0,115,42,84,18,43,46,29,5,6,16,2024-25
2695,2024-11-06,Home,ATL,NYK,W,2.0,121,45,100,15,38,48,31,12,4,8,2024-25
2696,2024-11-06,Home,DEN,OKC,W,2.0,124,42,89,16,38,55,34,8,6,18,2024-25
2697,2024-11-06,Home,IND,ORL,W,2.0,118,41,76,12,26,36,21,7,3,11,2024-25
2698,2024-11-06,Away,LAL,MEM,L,2.0,114,41,93,15,48,37,23,10,1,11,2024-25
2699,2024-11-06,Home,LAC,PHI,W,2.0,110,41,72,12,28,29,27,12,1,19,2024-25
2700,2024-11-06,Away,MIA,PHX,L,2.0,112,40,92,13,34,43,27,12,3,10,2024-25
2701,2024-11-07,Away,POR,SAS,L,3.0,105,41,86,9,32,41,23,7,3,14,2024-25
2702,2024-11-07,Home,MIL,UTA,W,3.0,123,43,84,15,35,41,20,13,3,11,2024-25
2703,2024-11-07,Home,SAS,POR,W,1.0,118,44,82,16,39,45,35,9,4,16,2024-25
2704,2024-11-07,Away,MIN,CHI,W,3.0,135,51,93,16,38,40,29,7,4,14,2024-25
2705,2024-11-07,Home,CHI,MIN,L,1.0,119,47,88,15,36,32,30,9,4,13,2024-25
2706,2024-11-07,Away,UTA,MIL,L,3.0,100,33,77,17,41,39,24,5,5,22,2024-25
2707,2024-11-08,Away,POR,MIN,L,1.0,102,39,91,6,25,37,13,11,7,17,2024-25
2708,2024-11-08,Home,CHA,IND,W,2.0,103,38,90,17,50,56,23,6,7,15,2024-25
2709,2024-11-08,Away,PHI,LAL,L,2.0,106,39,96,13,39,44,28,6,4,8,2024-25
2710,2024-11-08,Away,MIL,NYK,L,1.0,94,36,83,7,30,41,20,1,5,12,2024-25
2711,2024-11-08,Home,DET,ATL,W,2.0,122,44,86,13,33,45,27,7,8,21,2024-25
2712,2024-11-08,Home,OKC,HOU,W,2.0,126,46,90,14,37,41,24,9,8,11,2024-25
2713,2024-11-08,Away,LAC,SAC,W,2.0,107,36,81,14,30,48,20,7,2,21,2024-25
2714,2024-11-08,Away,HOU,OKC,L,2.0,107,39,90,11,30,48,19,7,3,17,2024-25
2715,2024-11-08,Away,PHX,DAL,W,2.0,114,43,86,15,39,37,26,6,2,9,2024-25
2716,2024-11-08,Home,BOS,BKN,W,2.0,108,39,90,14,53,39,23,7,9,13,2024-25
2717,2024-11-08,Home,DAL,PHX,L,2.0,113,41,80,11,33,39,18,5,1,11,2024-25
2718,2024-11-08,Away,WAS,MEM,L,4.0,104,38,93,9,35,41,27,14,8,18,2024-25
2719,2024-11-08,Away,IND,CHA,L,2.0,83,33,83,9,29,37,24,10,4,14,2024-25
2720,2024-11-08,Away,MIA,DEN,L,2.0,122,46,94,20,43,33,33,11,1,14,2024-25
2721,2024-11-08,Home,CLE,GSW,W,2.0,136,46,85,20,42,43,33,7,7,20,2024-25
2722,2024-11-08,Home,NYK,MIL,W,2.0,116,43,91,14,46,48,35,7,3,11,2024-25
2723,2024-11-08,Home,LAL,PHI,W,2.0,116,44,85,16,35,45,28,1,13,13,2024-25
2724,2024-11-08,Home,SAC,LAC,L,2.0,98,37,78,3,26,35,19,6,3,14,2024-25
2725,2024-11-08,Home,MEM,WAS,W,2.0,128,46,97,14,43,50,30,10,10,19,2024-25
2726,2024-11-08,Home,MIN,POR,W,1.0,127,47,97,22,50,49,32,9,7,20,2024-25
2727,2024-11-08,Away,BKN,BOS,L,4.0,104,41,100,10,38,51,24,6,3,13,2024-25
2728,2024-11-08,Away,ATL,DET,L,2.0,121,44,97,15,36,44,30,12,7,18,2024-25
2729,2024-11-08,Away,GSW,CLE,L,2.0,117,47,98,13,42,40,32,14,4,17,2024-25
2730,2024-11-08,Home,DEN,MIA,W,2.0,135,50,81,18,35,39,37,5,5,18,2024-25
2731,2024-11-08,Away,NOP,ORL,L,2.0,88,32,84,10,31,31,18,10,1,16,2024-25
2732,2024-11-08,Home,ORL,NOP,W,2.0,115,45,86,8,32,43,28,9,8,15,2024-25
2733,2024-11-09,Away,BKN,CLE,L,1.0,100,34,76,15,43,36,21,4,2,20,2024-25
2734,2024-11-09,Away,CHI,ATL,W,2.0,125,46,92,13,39,47,30,12,6,18,2024-25
2735,2024-11-09,Away,UTA,SAS,W,2.0,111,38,82,10,33,45,23,13,4,18,2024-25
2736,2024-11-09,Away,TOR,LAC,L,3.0,103,40,95,11,37,44,26,8,5,10,2024-25
2737,2024-11-09,Home,LAC,TOR,W,1.0,105,35,76,10,26,47,18,6,8,14,2024-25
2738,2024-11-09,Home,SAS,UTA,L,2.0,110,38,85,17,47,37,29,8,10,20,2024-25
2739,2024-11-09,Home,ATL,CHI,L,1.0,113,41,89,9,29,39,31,8,5,14,2024-25
2740,2024-11-09,Home,CLE,BKN,W,1.0,105,40,74,10,28,33,24,12,5,16,2024-25
2741,2024-11-10,Home,IND,NYK,W,2.0,132,45,88,21,46,32,27,6,4,10,2024-25
2742,2024-11-10,Home,DET,HOU,L,2.0,99,36,84,11,34,46,21,6,6,18,2024-25
2743,2024-11-10,Away,CHA,PHI,L,2.0,105,36,95,14,54,50,22,10,5,21,2024-25
2744,2024-11-10,Home,DEN,DAL,W,2.0,122,45,89,14,29,45,35,6,5,10,2024-25
2745,2024-11-10,Home,MIL,BOS,L,2.0,107,39,81,13,32,41,21,9,8,13,2024-25
2746,2024-11-10,Home,MIN,MIA,L,2.0,94,35,88,13,45,47,22,13,5,20,2024-25
2747,2024-11-10,Away,HOU,DET,W,2.0,101,38,93,7,34,53,19,10,5,12,2024-25
2748,2024-11-10,Home,ORL,WAS,W,2.0,121,41,91,17,48,44,25,6,5,12,2024-25
2749,2024-11-10,Away,DAL,DEN,L,2.0,120,48,90,10,33,42,29,7,5,10,2024-25
2750,2024-11-10,Home,LAL,TOR,W,2.0,123,44,86,12,37,33,30,9,4,5,2024-25
2751,2024-11-10,Away,MIA,MIN,W,2.0,95,34,77,11,31,43,18,14,9,23,2024-25
2752,2024-11-10,Away,SAC,PHX,W,2.0,127,50,102,11,37,57,23,7,3,15,2024-25
2753,2024-11-10,Home,PHI,CHA,W,2.0,107,39,84,9,33,40,24,8,1,17,2024-25
2754,2024-11-10,Away,WAS,ORL,L,2.0,94,33,72,10,33,37,20,4,7,17,2024-25
2755,2024-11-10,Away,BOS,MIL,W,2.0,113,35,86,19,50,42,27,5,2,12,2024-25
2756,2024-11-10,Away,GSW,OKC,W,2.0,127,45,89,21,43,46,35,8,3,15,2024-25
2757,2024-11-10,Home,OKC,GSW,L,2.0,116,42,94,11,33,41,25,4,6,11,2024-25
2758,2024-11-10,Away,NYK,IND,L,2.0,121,46,83,7,25,39,23,5,3,14,2024-25
2759,2024-11-10,Home,POR,MEM,L,2.0,89,34,100,4,42,43,18,9,3,24,2024-25
2760,2024-11-10,Home,PHX,SAC,L,2.0,118,44,105,18,57,48,30,11,3,12,2024-25
2761,2024-11-10,Away,MEM,POR,W,2.0,134,47,85,16,43,51,32,15,13,23,2024-25
2762,2024-11-10,Away,TOR,LAL,L,1.0,103,37,82,10,29,40,26,2,2,18,2024-25
2763,2024-11-11,Home,HOU,WAS,W,1.0,107,40,87,5,23,58,13,12,10,21,2024-25
2764,2024-11-11,Away,LAC,OKC,L,2.0,128,44,80,20,37,47,31,5,5,24,2024-25
2765,2024-11-11,Away,SAC,SAS,L,1.0,96,39,91,10,38,37,18,11,4,11,2024-25
2766,2024-11-11,Home,NOP,BKN,L,3.0,105,42,94,10,30,45,31,13,4,11,2024-25
2767,2024-11-11,Home,SAS,SAC,W,2.0,116,43,85,22,46,44,31,5,5,18,2024-25
2768,2024-11-11,Away,WAS,HOU,L,1.0,92,36,88,11,31,34,21,14,5,19,2024-25
2769,2024-11-11,Home,OKC,LAC,W,1.0,134,47,91,18,46,29,31,16,5,11,2024-25
2770,2024-11-11,Away,CLE,CHI,W,2.0,119,43,97,15,45,43,26,14,3,9,2024-25
2771,2024-11-11,Away,BKN,NOP,W,2.0,107,36,84,19,42,46,24,4,5,17,2024-25
2772,2024-11-11,Home,CHI,CLE,L,2.0,113,43,87,14,38,51,26,7,5,21,2024-25
2773,2024-11-12,Away,ATL,BOS,W,3.0,117,50,99,10,32,44,35,16,2,16,2024-25
2774,2024-11-12,Home,MIL,TOR,W,2.0,99,38,94,16,56,47,25,16,9,17,2024-25
2775,2024-11-12,Away,MIN,POR,L,2.0,108,37,73,13,35,32,22,13,4,23,2024-25
2776,2024-11-12,Away,CHA,ORL,L,2.0,89,34,84,13,38,48,22,7,3,22,2024-25
2777,2024-11-12,Home,DET,MIA,W,2.0,123,43,92,13,36,56,32,4,4,19,2024-25
2778,2024-11-12,Away,TOR,MIL,L,2.0,85,30,86,9,25,54,20,11,6,22,2024-25
2779,2024-11-12,Away,DAL,GSW,L,2.0,117,44,84,11,34,40,26,6,1,18,2024-25
2780,2024-11-12,Away,NYK,PHI,W,2.0,111,44,89,9,31,47,31,8,5,15,2024-25
2781,2024-11-12,Home,PHI,NYK,L,2.0,99,31,83,14,42,40,19,10,6,15,2024-25
2782,2024-11-12,Away,MIA,DET,L,2.0,121,47,101,17,45,43,25,14,3,12,2024-25
2783,2024-11-12,Home,BOS,ATL,L,2.0,116,38,75,18,45,34,28,7,5,20,2024-25
2784,2024-11-12,Home,GSW,DAL,W,2.0,120,45,94,14,41,50,29,13,7,13,2024-25
2785,2024-11-12,Away,PHX,UTA,W,2.0,120,43,86,18,39,42,21,6,11,10,2024-25
2786,2024-11-12,Home,POR,MIN,W,2.0,122,43,84,18,32,39,30,14,7,20,2024-25
2787,2024-11-12,Home,UTA,PHX,L,3.0,112,45,92,15,38,39,32,7,3,13,2024-25
2788,2024-11-12,Home,ORL,CHA,W,2.0,114,43,93,13,44,43,25,12,7,11,2024-25
2789,2024-11-13,Home,NYK,CHI,L,1.0,123,48,94,15,37,40,31,7,3,15,2024-25
2790,2024-11-13,Home,ORL,IND,W,1.0,94,34,84,13,38,50,26,8,10,17,2024-25
2791,2024-11-13,Away,CHI,NYK,W,2.0,124,44,82,14,36,40,31,10,6,18,2024-25
2792,2024-11-13,Away,WAS,SAS,L,2.0,130,49,95,18,44,41,27,5,5,18,2024-25
2793,2024-11-13,Away,LAC,HOU,L,2.0,103,38,96,14,38,42,27,10,3,12,2024-25
2794,2024-11-13,Home,PHI,CLE,L,1.0,106,41,92,14,43,45,24,8,2,12,2024-25
2795,2024-11-13,Home,SAS,WAS,W,2.0,139,48,92,18,44,39,38,7,7,9,2024-25
2796,2024-11-13,Away,MIN,POR,L,1.0,98,37,94,7,39,41,16,12,3,14,2024-25
2797,2024-11-13,Away,CLE,PHI,W,2.0,114,42,85,16,40,46,25,8,1,11,2024-25
2798,2024-11-13,Home,SAC,PHX,W,2.0,127,50,78,15,28,45,38,7,8,17,2024-25
2799,2024-11-13,Home,POR,MIN,W,1.0,106,38,83,9,25,47,17,10,10,20,2024-25
2800,2024-11-13,Home,OKC,NOP,W,2.0,106,39,88,15,39,31,20,16,7,7,2024-25
2801,2024-11-13,Away,MEM,LAL,L,3.0,123,42,89,12,33,41,28,11,6,14,2024-25
2802,2024-11-13,Away,BOS,BKN,W,1.0,139,50,93,22,46,45,35,7,6,8,2024-25
2803,2024-11-13,Away,PHX,SAC,L,1.0,104,36,97,13,43,40,23,12,2,10,2024-25
2804,2024-11-13,Home,HOU,LAC,W,2.0,111,42,97,15,40,59,28,8,11,14,2024-25
2805,2024-11-13,Away,IND,ORL,L,3.0,90,32,84,10,30,41,22,10,6,17,2024-25
2806,2024-11-13,Home,LAL,MEM,W,3.0,128,43,85,20,41,42,31,7,5,18,2024-25
2807,2024-11-13,Home,BKN,BOS,L,2.0,114,40,79,19,43,34,26,4,3,13,2024-25
2808,2024-11-13,Home,MIL,DET,W,1.0,127,45,95,15,35,47,26,10,9,12,2024-25
2809,2024-11-13,Away,NOP,OKC,L,2.0,88,34,86,9,37,58,21,3,4,24,2024-25
2810,2024-11-13,Away,DET,MIL,L,1.0,120,46,100,18,38,45,29,6,7,15,2024-25
2811,2024-11-14,Away,DAL,UTA,L,2.0,113,43,85,12,39,30,25,11,10,17,2024-25
2812,2024-11-14,Home,UTA,DAL,W,2.0,115,43,85,13,34,40,25,11,2,20,2024-25
2813,2024-11-15,Home,TOR,DET,L,3.0,95,35,97,8,31,53,21,7,6,15,2024-25
2814,2024-11-15,Home,OKC,PHX,W,2.0,99,36,91,10,40,53,21,6,11,11,2024-25
2815,2024-11-15,Home,ATL,WAS,W,3.0,129,46,98,12,37,55,28,10,10,16,2024-25
2816,2024-11-15,Away,PHI,ORL,L,2.0,86,29,72,10,31,34,19,10,3,18,2024-25
2817,2024-11-15,Away,MIN,SAC,W,2.0,130,48,101,20,49,41,26,9,4,11,2024-25
2818,2024-11-15,Home,CLE,CHI,W,2.0,144,51,93,21,43,40,33,11,6,13,2024-25
2819,2024-11-15,Away,DET,TOR,W,2.0,99,39,95,8,38,56,24,8,8,14,2024-25
2820,2024-11-15,Away,MEM,GSW,L,2.0,118,42,103,7,42,54,22,8,11,15,2024-25
2821,2024-11-15,Away,PHX,OKC,L,2.0,83,22,75,9,37,50,17,6,4,17,2024-25
2822,2024-11-15,Home,ORL,PHI,W,2.0,98,34,78,11,37,43,15,11,6,18,2024-25
2823,2024-11-15,Home,HOU,LAC,W,2.0,125,46,95,19,44,48,31,11,3,12,2024-25
2824,2024-11-15,Away,MIA,IND,W,3.0,124,45,87,15,42,36,27,16,1,10,2024-25
2825,2024-11-15,Home,IND,MIA,L,2.0,111,44,86,14,35,39,28,8,4,20,2024-25
2826,2024-11-15,Away,LAL,SAS,W,2.0,120,44,88,14,31,41,27,10,3,12,2024-25
2827,2024-11-15,Away,BKN,NYK,L,2.0,122,39,89,19,46,37,27,8,2,9,2024-25
2828,2024-11-15,Home,NOP,DEN,W,2.0,101,37,87,11,35,56,21,4,5,15,2024-25
2829,2024-11-15,Away,DEN,NOP,L,5.0,94,37,87,10,37,38,26,10,1,8,2024-25
2830,2024-11-15,Home,NYK,BKN,W,2.0,124,44,83,13,38,45,25,7,6,13,2024-25
2831,2024-11-15,Home,GSW,MEM,W,3.0,123,43,98,19,46,56,33,9,5,19,2024-25
2832,2024-11-15,Home,SAC,MIN,L,2.0,126,48,96,12,37,51,21,6,7,13,2024-25
2833,2024-11-15,Away,WAS,ATL,L,2.0,117,43,106,15,43,52,28,11,5,16,2024-25
2834,2024-11-15,Home,SAS,LAL,L,2.0,115,43,88,17,45,40,32,6,5,13,2024-25
2835,2024-11-15,Away,LAC,HOU,L,2.0,104,34,90,10,40,51,12,6,6,15,2024-25
2836,2024-11-15,Away,CHI,CLE,L,2.0,126,45,88,20,42,36,32,7,4,17,2024-25
2837,2024-11-16,Home,BOS,TOR,W,3.0,126,44,99,21,61,42,30,2,6,9,2024-25
2838,2024-11-16,Home,CHA,MIL,W,4.0,115,41,93,15,42,53,25,7,4,10,2024-25
2839,2024-11-16,Away,UTA,SAC,L,2.0,117,37,75,12,26,33,16,11,3,16,2024-25
2840,2024-11-16,Away,MIL,CHA,L,3.0,114,47,92,15,36,40,31,6,6,9,2024-25
2841,2024-11-16,Away,TOR,BOS,L,1.0,123,50,98,9,23,46,35,3,2,9,2024-25
2842,2024-11-16,Home,SAC,UTA,W,1.0,121,42,83,19,41,35,24,6,3,14,2024-25
2843,2024-11-16,Home,DAL,SAS,W,2.0,110,44,94,8,31,53,26,9,7,15,2024-25
2844,2024-11-16,Away,SAS,DAL,L,1.0,93,28,88,11,40,45,21,10,9,12,2024-25
2845,2024-11-16,Away,LAL,NOP,W,1.0,104,39,89,12,40,43,24,10,3,11,2024-25
2846,2024-11-16,Home,NOP,LAL,L,1.0,99,35,83,11,29,50,24,7,4,17,2024-25
2847,2024-11-17,Home,NYK,BKN,W,2.0,114,43,88,13,40,47,33,4,5,8,2024-25
2848,2024-11-17,Away,DEN,MEM,L,2.0,90,35,84,10,31,39,23,9,5,15,2024-25
2849,2024-11-17,Away,UTA,LAC,L,1.0,105,39,79,12,40,41,24,7,1,19,2024-25
2850,2024-11-17,Home,LAC,UTA,W,2.0,116,46,94,11,40,41,30,11,5,9,2024-25
2851,2024-11-17,Away,BKN,NYK,L,2.0,104,32,76,17,41,35,31,1,3,9,2024-25
2852,2024-11-17,Home,MIN,PHX,W,2.0,120,42,80,17,39,32,27,8,6,14,2024-25
2853,2024-11-17,Away,MIA,IND,L,2.0,110,36,90,19,43,38,21,4,1,11,2024-25
2854,2024-11-17,Home,CLE,CHA,W,2.0,128,44,77,13,30,48,26,3,4,20,2024-25
2855,2024-11-17,Home,MEM,DEN,W,2.0,105,41,91,13,39,45,31,10,10,13,2024-25
2856,2024-11-17,Home,CHI,HOU,L,2.0,107,36,107,14,56,47,26,8,7,15,2024-25
2857,2024-11-17,Home,POR,ATL,W,4.0,114,44,95,14,38,40,31,16,10,20,2024-25
2858,2024-11-17,Away,CHA,CLE,L,1.0,114,42,103,20,52,40,34,12,6,10,2024-25
2859,2024-11-17,Away,HOU,CHI,W,2.0,143,55,105,10,34,66,34,8,9,11,2024-25
2860,2024-11-17,Home,WAS,DET,L,2.0,104,39,83,12,27,39,21,6,3,17,2024-25
2861,2024-11-17,Away,DAL,OKC,W,1.0,121,40,84,11,27,53,18,4,5,16,2024-25
2862,2024-11-17,Home,IND,MIA,W,2.0,119,44,85,13,29,45,30,6,6,11,2024-25
2863,2024-11-17,Away,DET,WAS,W,2.0,124,46,97,17,38,51,27,11,4,9,2024-25
2864,2024-11-17,Away,PHX,MIN,L,2.0,117,46,85,14,31,41,29,9,2,21,2024-25
2865,2024-11-17,Away,ATL,POR,L,2.0,110,39,85,11,32,47,30,10,7,27,2024-25
2866,2024-11-17,Home,OKC,DAL,L,2.0,119,43,87,14,42,29,29,11,5,8,2024-25
2867,2024-11-18,Away,ATL,SAC,W,1.0,109,39,83,16,38,37,34,7,7,14,2024-25
2868,2024-11-18,Home,PHX,ORL,L,1.0,99,35,83,12,41,45,25,5,2,13,2024-25
2869,2024-11-18,Away,CHI,DET,W,1.0,122,44,91,23,46,46,28,3,5,11,2024-25
2870,2024-11-18,Home,TOR,IND,W,2.0,130,48,82,14,29,46,27,5,9,23,2024-25
2871,2024-11-18,Away,PHI,MIA,L,3.0,89,35,84,10,41,42,25,10,3,15,2024-25
2872,2024-11-18,Away,ORL,PHX,W,3.0,109,39,76,11,29,38,28,5,7,11,2024-25
2873,2024-11-18,Away,GSW,LAC,L,3.0,99,37,84,16,44,45,27,12,4,19,2024-25
2874,2024-11-18,Home,LAC,GSW,W,1.0,102,35,82,16,34,44,29,10,6,20,2024-25
2875,2024-11-18,Away,HOU,MIL,L,1.0,100,40,100,9,32,53,19,9,6,13,2024-25
2876,2024-11-18,Away,WAS,NYK,L,1.0,106,43,91,11,33,41,23,5,3,10,2024-25
2877,2024-11-18,Home,SAC,ATL,L,2.0,108,37,85,20,46,45,24,9,4,17,2024-25
2878,2024-11-18,Away,IND,TOR,L,1.0,119,44,99,15,40,32,29,17,5,11,2024-25
2879,2024-11-18,Home,NYK,WAS,W,1.0,134,51,91,20,40,41,37,4,1,8,2024-25
2880,2024-11-18,Home,MIA,PHI,W,1.0,106,36,87,13,44,53,26,10,2,15,2024-25
2881,2024-11-18,Home,MIL,HOU,W,2.0,101,38,83,13,33,43,21,8,8,16,2024-25
2882,2024-11-18,Home,DET,CHI,L,1.0,112,42,98,15,44,48,27,3,3,9,2024-25
2883,2024-11-19,Away,DEN,MEM,W,2.0,122,48,100,12,36,53,29,15,6,19,2024-25
2884,2024-11-19,Home,DAL,NOP,W,2.0,132,49,94,14,31,48,26,12,7,12,2024-25
2885,2024-11-19,Away,NOP,DAL,L,3.0,91,31,78,11,32,37,19,9,4,21,2024-25
2886,2024-11-19,Home,BOS,CLE,W,3.0,120,44,86,22,41,42,32,4,4,13,2024-25
2887,2024-11-19,Home,LAL,UTA,W,3.0,124,42,76,14,31,34,30,9,5,14,2024-25
2888,2024-11-19,Home,BKN,CHA,W,2.0,116,42,85,18,41,36,31,8,8,15,2024-25
2889,2024-11-19,Home,SAS,OKC,W,3.0,110,39,83,19,46,46,32,5,5,21,2024-25
2890,2024-11-19,Away,UTA,LAL,L,2.0,118,45,90,12,36,42,28,9,0,16,2024-25
2891,2024-11-19,Away,CLE,BOS,L,2.0,117,46,93,10,29,41,30,4,3,7,2024-25
2892,2024-11-19,Home,MEM,DEN,L,2.0,110,41,103,9,38,55,24,9,10,22,2024-25
2893,2024-11-19,Away,CHA,BKN,L,2.0,115,38,82,20,37,44,25,6,8,23,2024-25
2894,2024-11-19,Away,OKC,SAS,L,2.0,104,41,100,16,53,47,24,16,4,14,2024-25
2895,2024-11-20,Home,OKC,POR,W,1.0,109,40,91,9,31,46,24,14,8,14,2024-25
2896,2024-11-20,Home,LAC,ORL,W,2.0,104,38,77,11,22,49,22,10,1,25,2024-25
2897,2024-11-20,Away,IND,HOU,L,2.0,113,44,83,5,22,36,19,7,9,23,2024-25
2898,2024-11-20,Home,HOU,IND,W,2.0,130,47,102,12,36,47,25,16,2,14,2024-25
2899,2024-11-20,Home,MEM,PHI,W,1.0,117,41,85,19,43,41,29,5,6,20,2024-25
2900,2024-11-20,Home,GSW,ATL,W,2.0,120,47,101,14,40,54,36,10,7,15,2024-25
2901,2024-11-20,Away,CHI,MIL,L,2.0,106,41,88,17,45,33,25,7,2,14,2024-25
2902,2024-11-20,Home,MIL,CHI,W,2.0,122,44,80,13,36,45,30,7,2,12,2024-25
2903,2024-11-20,Away,ATL,GSW,L,2.0,97,35,105,12,45,65,27,9,5,17,2024-25
2904,2024-11-20,Away,NYK,PHX,W,2.0,138,50,86,19,39,41,30,10,0,15,2024-25
2905,2024-11-20,Away,PHI,MEM,L,2.0,111,39,87,11,33,41,21,12,6,14,2024-25
2906,2024-11-20,Away,ORL,LAC,L,2.0,93,33,75,8,35,24,21,11,7,14,2024-25
2907,2024-11-20,Home,PHX,NYK,L,2.0,122,45,92,19,50,34,30,9,2,14,2024-25
2908,2024-11-20,Home,CLE,NOP,W,1.0,128,49,93,18,42,52,29,10,9,14,2024-25
2909,2024-11-20,Away,NOP,CLE,L,1.0,100,39,92,8,31,40,23,9,3,11,2024-25
2910,2024-11-20,Away,POR,OKC,L,3.0,99,32,79,15,38,49,18,6,7,24,2024-25
2911,2024-11-21,Home,CHA,DET,W,2.0,123,44,93,20,44,43,23,12,5,16,2024-25
2912,2024-11-21,Home,SAS,UTA,W,2.0,126,41,88,9,32,51,32,8,9,11,2024-25
2913,2024-11-21,Away,UTA,SAS,L,2.0,118,41,98,13,45,49,22,4,7,14,2024-25
2914,2024-11-21,Home,TOR,MIN,W,3.0,110,37,72,7,23,43,22,11,1,17,2024-25
2915,2024-11-21,Away,DET,CHA,L,3.0,121,42,99,17,48,56,30,8,3,19,2024-25
2916,2024-11-21,Away,MIN,TOR,L,4.0,105,33,80,12,35,40,16,12,5,17,2024-25
2917,2024-11-21,Away,ORL,LAL,W,1.0,119,43,91,15,40,48,31,8,5,17,2024-25
2918,2024-11-21,Home,LAL,ORL,L,2.0,118,44,87,13,31,36,21,4,6,10,2024-25
2919,2024-11-22,Away,BKN,PHI,L,3.0,98,39,79,13,37,34,28,1,4,19,2024-25
2920,2024-11-22,Away,IND,MIL,L,2.0,117,43,91,11,34,46,30,11,6,16,2024-25
2921,2024-11-22,Home,NOP,GSW,L,2.0,108,41,92,12,39,43,28,10,9,10,2024-25
2922,2024-11-22,Away,GSW,NOP,W,2.0,112,39,87,12,37,52,27,5,5,17,2024-25
2923,2024-11-22,Home,DEN,DAL,L,3.0,120,43,90,15,29,42,33,4,7,15,2024-25
2924,2024-11-22,Home,LAC,SAC,W,2.0,104,39,94,10,42,54,27,13,3,12,2024-25
2925,2024-11-22,Away,POR,HOU,L,2.0,88,30,91,11,43,45,17,9,8,21,2024-25
2926,2024-11-22,Away,DAL,DEN,W,3.0,123,46,91,10,27,44,24,11,5,13,2024-25
2927,2024-11-22,Away,ATL,CHI,L,2.0,122,49,107,10,34,42,32,11,4,11,2024-25
2928,2024-11-22,Home,HOU,POR,W,2.0,116,42,93,15,39,51,27,14,5,17,2024-25
2929,2024-11-22,Home,CHI,ATL,W,2.0,136,49,86,19,43,41,36,8,10,19,2024-25
2930,2024-11-22,Home,PHI,BKN,W,2.0,113,41,92,16,43,40,25,13,9,12,2024-25
2931,2024-11-22,Home,MIL,IND,W,2.0,129,48,90,17,36,44,33,10,4,18,2024-25
2932,2024-11-22,Away,SAC,LAC,L,4.0,88,32,83,7,35,48,19,5,8,15,2024-25
2933,2024-11-22,Away,BOS,WAS,W,3.0,108,36,85,11,46,43,22,11,7,12,2024-25
2934,2024-11-22,Home,WAS,BOS,L,4.0,96,39,90,7,28,48,19,6,4,20,2024-25
2935,2024-11-23,Home,HOU,POR,L,1.0,98,32,90,8,32,43,17,8,5,10,2024-25
2936,2024-11-23,Away,DET,ORL,L,2.0,100,35,75,13,33,34,16,7,8,17,2024-25
2937,2024-11-23,Home,SAS,GSW,W,2.0,104,38,85,13,47,48,29,5,9,9,2024-25
2938,2024-11-23,Home,LAL,DEN,L,2.0,102,39,88,13,36,32,27,11,3,15,2024-25
2939,2024-11-23,Away,MEM,CHI,W,3.0,142,55,96,19,42,49,38,5,4,14,2024-25
2940,2024-11-23,Away,GSW,SAS,L,1.0,94,36,95,14,44,49,29,4,3,10,2024-25
2941,2024-11-23,Away,POR,HOU,W,1.0,104,34,90,18,44,53,16,5,12,18,2024-25
2942,2024-11-23,Home,MIL,CHA,W,1.0,125,43,89,18,37,51,20,3,9,14,2024-25
2943,2024-11-23,Home,UTA,NYK,W,2.0,121,44,87,19,34,52,30,4,4,18,2024-25
2944,2024-11-23,Away,CHA,MIL,L,2.0,119,41,100,19,47,48,22,6,5,10,2024-25
2945,2024-11-23,Home,CHI,MEM,L,1.0,131,49,97,19,42,35,29,4,8,11,2024-25
2946,2024-11-23,Away,NYK,UTA,L,3.0,106,39,100,17,51,40,25,10,10,9,2024-25
2947,2024-11-23,Home,ORL,DET,W,2.0,111,40,87,12,39,44,25,13,9,15,2024-25
2948,2024-11-23,Away,DEN,LAL,W,1.0,127,50,82,16,32,48,37,7,2,18,2024-25
2949,2024-11-24,Away,TOR,CLE,L,3.0,108,37,92,12,39,55,22,9,5,16,2024-25
2950,2024-11-24,Home,PHI,LAC,L,2.0,99,34,86,9,39,33,22,8,5,14,2024-25
2951,2024-11-24,Away,MIN,BOS,L,3.0,105,37,88,15,41,49,19,2,1,8,2024-25
2952,2024-11-24,Home,CLE,TOR,W,4.0,122,48,97,16,41,49,27,11,4,14,2024-25
2953,2024-11-24,Away,DAL,MIA,L,2.0,118,44,105,10,40,59,29,6,9,14,2024-25
2954,2024-11-24,Home,SAC,BKN,L,2.0,103,37,77,9,25,44,21,6,6,16,2024-25
2955,2024-11-24,Away,BKN,SAC,W,2.0,108,36,75,19,39,31,24,7,5,14,2024-25
2956,2024-11-24,Away,WAS,IND,L,2.0,103,36,79,11,35,41,24,8,5,17,2024-25
2957,2024-11-24,Home,IND,WAS,W,2.0,115,41,86,12,27,45,31,8,3,12,2024-25
2958,2024-11-24,Away,LAC,PHI,W,2.0,125,47,81,12,30,44,31,9,5,17,2024-25
2959,2024-11-24,Home,MIA,DAL,W,6.0,123,46,107,14,41,57,27,6,6,9,2024-25
2960,2024-11-24,Home,BOS,MIN,W,2.0,107,37,87,21,56,40,25,5,7,7,2024-25
2961,2024-11-25,Away,DAL,ATL,W,1.0,129,47,94,16,35,51,24,6,8,18,2024-25
2962,2024-11-25,Away,ORL,CHA,W,2.0,95,37,94,12,46,39,21,12,6,8,2024-25
2963,2024-11-25,Home,MEM,POR,W,2.0,123,43,87,12,28,60,35,7,13,19,2024-25
2964,2024-11-25,Away,POR,MEM,L,2.0,98,34,102,8,46,44,22,10,7,11,2024-25
2965,2024-11-25,Home,GSW,BKN,L,2.0,120,45,93,19,46,43,32,8,5,13,2024-25
2966,2024-11-25,Home,ATL,DAL,L,3.0,119,48,101,9,31,39,32,10,6,14,2024-25
2967,2024-11-25,Home,BOS,LAC,W,1.0,126,45,88,22,51,47,33,10,11,11,2024-25
2968,2024-11-25,Away,LAC,BOS,L,1.0,94,39,90,7,26,44,18,8,3,14,2024-25
2969,2024-11-25,Away,OKC,SAC,W,5.0,130,48,86,14,31,44,28,6,3,15,2024-25
2970,2024-11-25,Away,NOP,IND,L,3.0,110,45,87,9,33,44,35,9,3,15,2024-25
2971,2024-11-25,Home,IND,NOP,W,1.0,114,43,91,17,47,41,30,10,2,15,2024-25
2972,2024-11-25,Away,BKN,GSW,W,1.0,128,41,83,20,45,42,23,6,3,12,2024-25
2973,2024-11-25,Home,CHA,ORL,L,2.0,84,31,75,7,32,52,14,6,5,27,2024-25
2974,2024-11-25,Away,NYK,DEN,W,2.0,145,56,92,19,36,43,45,5,4,11,2024-25
2975,2024-11-25,Home,DEN,NYK,L,2.0,118,41,92,11,33,33,23,5,3,11,2024-25
2976,2024-11-25,Home,DET,TOR,W,2.0,102,34,76,12,37,38,27,4,7,14,2024-25
2977,2024-11-25,Away,TOR,DET,L,1.0,100,41,104,10,35,50,26,7,5,10,2024-25
2978,2024-11-25,Home,SAC,OKC,L,1.0,109,42,87,8,32,31,24,10,4,12,2024-25
2979,2024-11-26,Away,CHI,WAS,W,3.0,127,47,94,14,40,50,29,6,4,11,2024-25
2980,2024-11-26,Away,SAS,UTA,W,3.0,128,45,93,18,48,39,30,12,5,10,2024-25
2981,2024-11-26,Home,WAS,CHI,L,2.0,108,39,91,10,37,43,27,7,3,14,2024-25
2982,2024-11-26,Home,UTA,SAS,L,3.0,115,43,84,13,35,41,24,6,4,21,2024-25
2983,2024-11-26,Away,MIL,MIA,W,3.0,106,36,77,20,42,41,23,5,7,13,2024-25
2984,2024-11-26,Home,PHX,LAL,W,6.0,127,51,99,17,42,46,31,9,3,9,2024-25
2985,2024-11-26,Away,HOU,MIN,W,3.0,117,45,99,15,37,44,31,12,9,12,2024-25
2986,2024-11-26,Home,MIA,MIL,L,2.0,103,35,77,10,29,38,26,6,2,8,2024-25
2987,2024-11-26,Away,LAL,PHX,L,3.0,100,37,85,8,34,42,25,7,6,12,2024-25
2988,2024-11-26,Home,MIN,HOU,L,2.0,111,42,98,9,38,52,21,6,4,17,2024-25
2989,2024-11-27,Home,CHA,MIA,L,2.0,94,37,98,17,51,43,22,10,5,13,2024-25
2990,2024-11-27,Home,UTA,DEN,L,1.0,103,38,90,16,43,47,25,7,5,19,2024-25
2991,2024-11-27,Home,GSW,OKC,L,2.0,101,35,98,16,50,57,25,7,6,16,2024-25
2992,2024-11-27,Away,MIA,CHA,W,1.0,98,33,73,14,37,44,21,6,5,22,2024-25
2993,2024-11-27,Away,LAL,SAS,W,1.0,119,48,90,13,34,46,31,8,3,13,2024-25
2994,2024-11-27,Home,WAS,LAC,L,1.0,96,35,85,8,33,40,21,9,4,20,2024-25
2995,2024-11-27,Away,POR,IND,L,2.0,114,44,87,16,35,38,31,6,5,14,2024-25
2996,2024-11-27,Away,NYK,DAL,L,2.0,114,40,86,7,29,33,20,9,3,9,2024-25
2997,2024-11-27,Away,BKN,PHX,W,2.0,127,44,87,18,42,36,32,8,1,13,2024-25
2998,2024-11-27,Home,IND,POR,W,2.0,121,46,94,13,32,47,27,10,10,12,2024-25
2999,2024-11-27,Home,NOP,TOR,L,2.0,93,36,93,11,35,47,24,12,4,17,2024-25
3000,2024-11-27,Home,PHX,BKN,L,1.0,117,41,77,12,31,37,25,7,5,17,2024-25
3001,2024-11-27,Home,MIN,SAC,L,1.0,104,33,74,14,39,33,25,11,9,15,2024-25
3002,2024-11-27,Home,SAS,LAL,L,1.0,101,36,85,14,40,38,26,7,4,15,2024-25
3003,2024-11-27,Away,OKC,GSW,W,2.0,105,39,85,11,37,48,26,10,9,14,2024-25
3004,2024-11-27,Away,DEN,UTA,W,2.0,122,46,84,11,33,39,30,10,8,11,2024-25
3005,2024-11-27,Away,LAC,WAS,W,2.0,121,45,89,12,33,47,27,18,4,16,2024-25
3006,2024-11-27,Away,ATL,CLE,W,2.0,135,46,97,20,42,51,39,6,6,15,2024-25
3007,2024-11-27,Away,TOR,NOP,W,2.0,119,47,95,21,52,52,38,11,4,16,2024-25
3008,2024-11-27,Home,ORL,CHI,W,2.0,133,46,90,15,39,39,30,10,8,13,2024-25
3009,2024-11-27,Home,CLE,ATL,L,3.0,124,44,95,15,48,44,31,11,5,13,2024-25
3010,2024-11-27,Away,CHI,ORL,L,1.0,119,46,87,16,42,37,30,9,6,18,2024-25
3011,2024-11-27,Home,MEM,DET,W,2.0,131,51,93,17,46,42,31,13,4,17,2024-25
3012,2024-11-27,Away,DET,MEM,L,2.0,111,40,85,13,38,42,24,6,4,20,2024-25
3013,2024-11-27,Away,SAC,MIN,W,2.0,115,46,94,12,37,47,28,8,3,17,2024-25
3014,2024-11-27,Home,DAL,NYK,W,2.0,129,48,85,17,33,43,27,6,4,13,2024-25
3015,2024-11-27,Away,HOU,PHI,W,1.0,122,40,88,10,31,51,23,10,14,21,2024-25
3016,2024-11-27,Home,PHI,HOU,L,3.0,115,43,96,12,33,42,19,12,7,16,2024-25
3017,2024-11-29,Away,CLE,ATL,L,2.0,101,38,93,11,38,40,21,9,0,13,2024-25
3018,2024-11-29,Away,SAC,POR,L,2.0,106,35,78,15,42,41,29,7,4,20,2024-25
3019,2024-11-29,Home,IND,DET,L,2.0,106,41,85,12,33,32,23,9,4,16,2024-25
3020,2024-11-29,Away,NYK,CHA,W,2.0,99,36,81,12,32,44,20,7,5,21,2024-25
3021,2024-11-29,Home,POR,SAC,W,2.0,115,46,90,11,37,40,27,10,3,12,2024-25
3022,2024-11-29,Away,NOP,MEM,L,2.0,109,38,91,9,29,46,16,9,7,15,2024-25
3023,2024-11-29,Away,TOR,MIA,L,2.0,111,43,80,11,29,46,34,4,3,19,2024-25
3024,2024-11-29,Away,LAC,MIN,L,2.0,92,36,84,10,31,39,20,17,3,15,2024-25
3025,2024-11-29,Home,MIA,TOR,W,2.0,121,43,94,21,54,33,32,10,0,10,2024-25
3026,2024-11-29,Home,BKN,ORL,L,2.0,100,38,77,14,29,35,22,5,5,20,2024-25
3027,2024-11-29,Away,OKC,LAL,W,2.0,101,38,93,13,40,47,20,12,3,10,2024-25
3028,2024-11-29,Home,LAL,OKC,L,2.0,93,33,73,11,38,47,25,4,6,17,2024-25
3029,2024-11-29,Away,DET,IND,W,2.0,130,48,83,18,38,44,35,9,5,18,2024-25
3030,2024-11-29,Home,ATL,CLE,W,2.0,117,44,85,14,34,53,33,9,5,21,2024-25
3031,2024-11-29,Away,BOS,CHI,W,4.0,138,49,98,23,54,51,24,6,2,9,2024-25
3032,2024-11-29,Home,MEM,NOP,W,2.0,120,47,96,12,41,51,36,9,5,16,2024-25
3033,2024-11-29,Away,ORL,BKN,W,2.0,123,44,83,18,35,40,29,13,13,17,2024-25
3034,2024-11-29,Home,CHA,NYK,L,2.0,98,36,89,15,47,39,25,8,6,15,2024-25
3035,2024-11-29,Home,CHI,BOS,L,2.0,129,48,93,20,51,43,28,7,2,8,2024-25
3036,2024-11-29,Home,MIN,LAC,W,2.0,93,31,75,15,39,49,25,8,5,22,2024-25
3037,2024-11-30,Home,PHX,GSW,W,3.0,113,38,79,18,35,45,31,4,9,14,2024-25
3038,2024-11-30,Home,DET,PHI,L,1.0,96,35,91,11,40,42,22,6,5,17,2024-25
3039,2024-11-30,Away,PHI,DET,W,3.0,111,42,85,11,31,50,19,9,8,17,2024-25
3040,2024-11-30,Away,WAS,MIL,L,3.0,114,41,87,9,32,41,24,7,3,12,2024-25
3041,2024-11-30,Away,DAL,UTA,W,3.0,106,41,90,15,39,48,30,12,6,15,2024-25
3042,2024-11-30,Home,UTA,DAL,L,3.0,94,34,95,9,39,53,20,10,7,15,2024-25
3043,2024-11-30,Home,CHA,ATL,L,1.0,104,35,94,18,48,45,23,13,6,15,2024-25
3044,2024-11-30,Home,MIL,WAS,W,4.0,124,44,86,16,35,38,31,5,6,12,2024-25
3045,2024-11-30,Away,ATL,CHA,W,1.0,107,38,78,10,33,49,27,8,7,22,2024-25
3046,2024-11-30,Away,GSW,PHX,L,3.0,105,38,92,14,40,43,28,8,5,9,2024-25
3047,2024-12-01,Away,DEN,LAC,L,4.0,122,51,88,10,24,39,37,7,3,14,2024-25
3048,2024-12-01,Away,LAL,UTA,W,2.0,105,39,88,7,33,42,23,7,4,5,2024-25
3049,2024-12-01,Home,POR,DAL,L,2.0,131,49,84,18,31,39,29,7,0,21,2024-25
3050,2024-12-01,Home,SAC,SAS,L,2.0,125,47,101,12,32,51,32,8,5,10,2024-25
3051,2024-12-01,Home,MEM,IND,W,2.0,136,49,93,16,46,40,36,9,6,10,2024-25
3052,2024-12-01,Home,TOR,MIA,W,2.0,119,47,88,10,29,47,30,4,5,16,2024-25
3053,2024-12-01,Home,NYK,NOP,W,2.0,118,42,92,20,45,60,30,10,9,17,2024-25
3054,2024-12-01,Away,DAL,POR,W,1.0,137,48,87,18,36,33,33,13,0,13,2024-25
3055,2024-12-01,Away,NOP,NYK,L,2.0,85,35,94,4,27,42,20,14,9,14,2024-25
3056,2024-12-01,Away,MIA,TOR,L,2.0,116,39,88,15,40,45,25,11,4,14,2024-25
3057,2024-12-01,Away,OKC,HOU,L,2.0,116,42,94,13,39,46,30,5,4,7,2024-25
3058,2024-12-01,Away,IND,MEM,L,2.0,121,43,90,14,42,41,28,8,3,15,2024-25
3059,2024-12-01,Away,BOS,CLE,L,2.0,111,38,95,17,49,46,17,11,6,11,2024-25
3060,2024-12-01,Home,HOU,OKC,W,4.0,119,38,92,13,37,51,20,3,6,10,2024-25
3061,2024-12-01,Home,LAC,DEN,W,2.0,126,43,90,18,39,42,28,8,4,14,2024-25
3062,2024-12-01,Away,SAS,SAC,W,4.0,127,42,82,23,46,38,32,6,9,16,2024-25
3063,2024-12-01,Home,BKN,ORL,L,2.0,92,30,79,8,31,33,19,10,3,17,2024-25
3064,2024-12-01,Home,UTA,LAL,L,1.0,104,40,79,14,40,44,27,4,4,15,2024-25
3065,2024-12-01,Home,CLE,BOS,W,2.0,115,39,80,17,36,44,22,5,7,18,2024-25
3066,2024-12-01,Away,ORL,BKN,W,2.0,100,34,74,7,28,52,23,10,11,22,2024-25
3067,2024-12-02,Home,CHI,BKN,W,3.0,128,48,92,16,47,54,33,8,5,17,2024-25
3068,2024-12-02,Home,BOS,MIA,W,1.0,108,39,89,19,55,54,25,5,9,17,2024-25
3069,2024-12-02,Away,MIA,BOS,L,1.0,89,31,87,8,35,44,24,6,1,10,2024-25
3070,2024-12-02,Away,BKN,CHI,L,1.0,102,38,95,14,42,41,24,9,5,13,2024-25
3071,2024-12-02,Home,ATL,NOP,W,2.0,124,49,96,10,38,51,30,12,4,18,2024-25
3072,2024-12-02,Away,NOP,ATL,L,1.0,112,44,100,13,42,41,21,15,5,16,2024-25
3073,2024-12-02,Away,LAL,MIN,L,1.0,80,32,79,6,31,39,19,8,2,21,2024-25
3074,2024-12-02,Home,MIN,LAL,W,3.0,109,41,81,15,35,43,31,11,2,15,2024-25
3075,2024-12-03,Away,ORL,NYK,L,2.0,106,38,87,9,39,38,20,9,4,16,2024-25
3076,2024-12-03,Home,TOR,IND,W,2.0,122,44,81,13,33,42,28,9,4,21,2024-25
3077,2024-12-03,Home,CLE,WAS,W,2.0,118,43,89,16,46,45,31,11,4,11,2024-25
3078,2024-12-03,Home,SAC,HOU,W,2.0,120,47,91,14,30,34,33,7,8,10,2024-25
3079,2024-12-03,Away,GSW,DEN,L,3.0,115,44,95,12,38,48,36,12,3,15,2024-25
3080,2024-12-03,Away,WAS,CLE,L,3.0,87,32,83,4,26,52,18,4,8,21,2024-25
3081,2024-12-03,Away,UTA,OKC,L,2.0,106,38,70,13,35,36,21,3,6,29,2024-25
3082,2024-12-03,Away,PHI,CHA,W,3.0,110,38,82,16,40,31,26,9,3,12,2024-25
3083,2024-12-03,Home,LAC,POR,W,2.0,127,47,85,19,37,35,29,8,8,14,2024-25
3084,2024-12-03,Home,CHA,PHI,L,3.0,104,34,77,13,34,47,22,5,3,19,2024-25
3085,2024-12-03,Away,POR,LAC,L,2.0,105,41,80,10,29,29,25,6,4,18,2024-25
3086,2024-12-03,Home,PHX,SAS,W,3.0,104,38,78,11,32,44,26,10,5,14,2024-25
3087,2024-12-03,Away,IND,TOR,L,2.0,111,38,84,12,30,34,21,8,6,21,2024-25
3088,2024-12-03,Away,HOU,SAC,L,2.0,111,41,93,14,39,53,14,6,1,16,2024-25
3089,2024-12-03,Away,SAS,PHX,L,2.0,93,35,100,8,44,53,26,9,2,14,2024-25
3090,2024-12-03,Away,MIL,DET,W,3.0,128,45,80,23,41,36,26,10,6,18,2024-25
3091,2024-12-03,Home,DET,MIL,L,3.0,107,40,87,11,33,41,22,11,7,18,2024-25
3092,2024-12-03,Home,DAL,MEM,W,2.0,121,39,81,13,32,49,24,8,8,25,2024-25
3093,2024-12-03,Home,NYK,ORL,W,2.0,121,43,85,15,35,39,30,6,4,19,2024-25
3094,2024-12-03,Home,DEN,GSW,W,2.0,119,40,79,11,24,38,32,9,5,15,2024-25
3095,2024-12-03,Home,OKC,UTA,W,2.0,133,53,102,17,47,34,32,18,3,8,2024-25
3096,2024-12-03,Away,MEM,DAL,L,2.0,116,45,97,13,40,39,27,15,3,19,2024-25
3097,2024-12-04,Home,BKN,IND,W,2.0,99,35,81,12,36,43,24,12,6,17,2024-25
3098,2024-12-04,Home,MIL,ATL,L,1.0,104,33,78,15,45,40,23,7,4,18,2024-25
3099,2024-12-04,Away,IND,BKN,L,1.0,90,32,75,8,33,39,20,6,10,16,2024-25
3100,2024-12-04,Away,LAL,MIA,L,2.0,93,37,88,5,22,36,29,9,4,13,2024-25
3101,2024-12-04,Away,DET,BOS,L,1.0,120,43,84,20,39,34,27,10,5,19,2024-25
3102,2024-12-04,Away,MIN,LAC,W,2.0,108,41,85,16,44,50,31,15,5,15,2024-25
3103,2024-12-04,Home,MIA,LAL,W,2.0,134,52,90,24,47,52,42,11,5,16,2024-25
3104,2024-12-04,Home,PHI,ORL,L,1.0,102,40,82,11,30,35,23,9,1,14,2024-25
3105,2024-12-04,Home,BOS,DET,W,2.0,130,45,94,21,53,43,30,11,7,16,2024-25
3106,2024-12-04,Away,ATL,MIL,W,2.0,119,45,102,9,32,54,29,16,3,14,2024-25
3107,2024-12-04,Away,ORL,PHI,W,1.0,106,41,84,8,29,42,21,13,7,14,2024-25
3108,2024-12-04,Home,LAC,MIN,L,1.0,80,29,83,11,40,46,13,7,2,23,2024-25
3109,2024-12-05,Away,CHI,SAS,W,3.0,139,52,90,17,37,50,36,6,5,19,2024-25
3110,2024-12-05,Home,WAS,DAL,L,2.0,101,39,99,13,40,39,25,10,3,12,2024-25
3111,2024-12-05,Home,GSW,HOU,W,2.0,99,36,86,9,28,54,19,5,3,10,2024-25
3112,2024-12-05,Away,OKC,TOR,W,2.0,129,49,102,17,47,55,28,15,11,6,2024-25
3113,2024-12-05,Home,NYK,CHA,W,2.0,125,41,76,18,33,43,29,7,4,9,2024-25
3114,2024-12-05,Away,CHA,NYK,L,2.0,101,40,89,15,39,40,27,3,4,11,2024-25
3115,2024-12-05,Away,SAC,MEM,L,2.0,110,39,98,8,35,46,19,11,1,13,2024-25
3116,2024-12-05,Home,SAS,CHI,L,2.0,124,44,95,8,28,41,26,11,4,11,2024-25
3117,2024-12-05,Away,PHX,NOP,L,2.0,124,43,85,17,45,46,32,10,3,17,2024-25
3118,2024-12-05,Home,NOP,PHX,W,3.0,126,47,95,14,36,44,23,13,4,13,2024-25
3119,2024-12-05,Away,DAL,WAS,W,2.0,137,48,89,20,38,58,27,8,12,16,2024-25
3120,2024-12-05,Away,HOU,GSW,L,2.0,93,35,93,10,38,45,20,9,9,8,2024-25
3121,2024-12-05,Home,MEM,SAC,W,2.0,115,38,80,13,38,49,27,9,5,22,2024-25
3122,2024-12-05,Away,DEN,CLE,L,2.0,114,46,96,6,24,49,25,12,5,16,2024-25
3123,2024-12-05,Home,TOR,OKC,L,2.0,92,32,90,11,45,51,24,5,7,20,2024-25
3124,2024-12-05,Home,CLE,DEN,W,2.0,126,47,94,22,48,47,32,9,3,17,2024-25
3125,2024-12-06,Away,IND,CHI,W,2.0,132,52,92,18,30,46,33,9,4,13,2024-25
3126,2024-12-06,Home,ATL,LAL,W,2.0,134,50,100,17,40,48,40,10,5,17,2024-25
3127,2024-12-06,Away,ORL,PHI,L,2.0,94,33,78,13,46,38,21,8,6,21,2024-25
3128,2024-12-06,Home,POR,UTA,L,3.0,99,37,95,14,47,34,23,4,7,11,2024-25
3129,2024-12-06,Home,BOS,MIL,W,2.0,111,40,87,17,53,41,27,5,6,6,2024-25
3130,2024-12-06,Away,MIL,BOS,L,2.0,105,40,94,11,29,51,16,4,2,9,2024-25
3131,2024-12-06,Home,GSW,MIN,L,1.0,90,32,82,11,39,41,21,9,4,22,2024-25
3132,2024-12-06,Home,PHI,ORL,W,2.0,102,38,79,7,26,37,23,11,0,16,2024-25
3133,2024-12-06,Away,MIN,GSW,W,2.0,107,40,88,14,42,48,32,12,6,21,2024-25
3134,2024-12-06,Home,CHI,IND,L,1.0,123,46,97,21,50,38,33,8,6,12,2024-25
3135,2024-12-06,Home,SAS,SAC,L,1.0,113,39,91,14,41,42,28,8,5,14,2024-25
3136,2024-12-06,Away,SAC,SAS,W,1.0,140,51,90,16,34,44,33,7,6,11,2024-25
3137,2024-12-06,Away,UTA,POR,W,3.0,141,53,96,14,32,61,34,6,11,14,2024-25
3138,2024-12-06,Away,LAL,ATL,L,2.0,132,51,99,16,35,40,33,11,10,15,2024-25
3139,2024-12-07,Home,CHA,CLE,L,2.0,102,37,86,11,39,37,21,6,5,11,2024-25
3140,2024-12-07,Away,DEN,WAS,L,2.0,113,46,95,5,25,48,34,11,6,15,2024-25
3141,2024-12-07,Away,MEM,BOS,W,2.0,127,47,94,15,33,52,25,13,7,13,2024-25
3142,2024-12-07,Away,PHX,MIA,L,2.0,111,36,82,16,41,41,29,8,3,14,2024-25
3143,2024-12-07,Home,TOR,DAL,L,2.0,118,43,93,15,39,39,37,13,3,13,2024-25
3144,2024-12-07,Away,OKC,NOP,W,2.0,119,45,85,12,32,45,27,13,3,20,2024-25
3145,2024-12-07,Home,NOP,OKC,L,2.0,109,38,79,11,37,35,25,15,6,18,2024-25
3146,2024-12-07,Home,BOS,MEM,L,1.0,121,42,105,18,60,51,26,6,7,13,2024-25
3147,2024-12-07,Away,DAL,TOR,W,2.0,125,38,81,17,45,52,21,10,8,18,2024-25
3148,2024-12-07,Home,MIA,PHX,W,3.0,121,45,86,13,32,41,30,9,4,12,2024-25
3149,2024-12-07,Home,WAS,DEN,W,2.0,122,45,93,16,41,46,31,9,12,17,2024-25
3150,2024-12-07,Away,CLE,CHA,W,2.0,116,42,84,14,38,47,28,6,6,12,2024-25
3151,2024-12-07,Home,NYK,DET,L,2.0,111,42,79,11,34,31,27,11,5,15,2024-25
3152,2024-12-07,Away,DET,NYK,W,3.0,120,43,83,18,36,43,28,7,0,19,2024-25
3153,2024-12-08,Away,NOP,SAS,L,1.0,116,43,99,13,38,43,26,9,8,8,2024-25
3154,2024-12-08,Home,IND,CHA,L,2.0,109,42,82,12,36,29,23,9,7,17,2024-25
3155,2024-12-08,Home,BKN,MIL,L,4.0,113,41,81,16,35,30,24,9,3,13,2024-25
3156,2024-12-08,Away,MIN,GSW,L,2.0,106,36,79,19,42,39,22,6,8,16,2024-25
3157,2024-12-08,Away,PHX,ORL,L,1.0,110,39,83,13,28,39,24,7,6,21,2024-25
3158,2024-12-08,Home,WAS,MEM,L,1.0,112,43,100,6,32,52,20,10,5,21,2024-25
3159,2024-12-08,Home,LAL,POR,W,2.0,107,38,83,13,34,40,25,14,7,11,2024-25
3160,2024-12-08,Away,MIL,BKN,W,2.0,118,39,68,15,31,31,26,6,7,16,2024-25
3161,2024-12-08,Home,SAC,UTA,W,2.0,141,57,100,22,44,43,39,10,7,8,2024-25
3162,2024-12-08,Away,DEN,ATL,W,1.0,141,56,89,12,27,43,43,9,5,20,2024-25
3163,2024-12-08,Away,POR,LAL,L,2.0,98,35,84,9,36,49,17,4,3,18,2024-25
3164,2024-12-08,Away,MEM,WAS,W,1.0,140,50,96,17,43,46,34,12,8,18,2024-25
3165,2024-12-08,Home,ORL,PHX,W,2.0,115,42,88,12,36,44,17,11,6,13,2024-25
3166,2024-12-08,Home,SAS,NOP,W,2.0,121,42,93,12,39,55,27,7,11,13,2024-25
3167,2024-12-08,Home,MIA,CLE,W,1.0,122,41,86,16,37,47,27,4,4,12,2024-25
3168,2024-12-08,Away,CLE,MIA,L,1.0,113,41,86,14,33,36,25,5,1,9,2024-25
3169,2024-12-08,Away,PHI,CHI,W,2.0,108,43,92,9,36,56,25,8,5,16,2024-25
3170,2024-12-08,Away,HOU,LAC,W,3.0,117,40,82,15,41,50,23,4,4,15,2024-25
3171,2024-12-08,Home,LAC,HOU,L,4.0,106,41,92,11,34,33,21,11,3,8,2024-25
3172,2024-12-08,Home,CHI,PHI,L,2.0,100,35,86,19,54,35,29,9,3,15,2024-25
3173,2024-12-08,Home,ATL,DEN,L,2.0,111,41,101,9,40,45,26,12,2,12,2024-25
3174,2024-12-08,Away,UTA,SAC,L,2.0,97,31,80,15,42,38,21,6,6,20,2024-25
3175,2024-12-08,Away,CHA,IND,W,1.0,113,40,78,14,29,45,24,11,3,25,2024-25
3176,2024-12-08,Home,GSW,MIN,W,2.0,114,42,90,16,41,45,28,8,6,13,2024-25
3177,2024-12-09,Away,NYK,TOR,W,2.0,113,42,82,17,40,40,32,7,7,10,2024-25
3178,2024-12-09,Home,TOR,NYK,L,2.0,108,43,96,13,35,51,23,4,4,13,2024-25
3179,2024-12-10,Home,MIL,ORL,W,2.0,114,42,77,11,30,37,27,9,6,16,2024-25
3180,2024-12-10,Home,OKC,DAL,W,3.0,118,46,101,20,50,52,29,14,5,14,2024-25
3181,2024-12-10,Away,DAL,OKC,L,3.0,104,38,80,15,36,44,25,10,2,19,2024-25
3182,2024-12-10,Away,ORL,MIL,L,2.0,109,41,93,6,27,46,19,11,4,14,2024-25
3183,2024-12-11,Away,ATL,NYK,W,3.0,108,43,104,9,31,58,27,5,7,11,2024-25
3184,2024-12-11,Home,NYK,ATL,L,2.0,100,40,93,11,42,49,27,8,11,15,2024-25
3185,2024-12-11,Home,HOU,GSW,W,3.0,91,38,83,6,27,36,23,10,5,17,2024-25
3186,2024-12-11,Away,GSW,HOU,L,3.0,90,37,84,12,38,39,22,13,8,22,2024-25
3187,2024-12-12,Away,DET,BOS,L,5.0,99,42,98,7,37,43,27,8,4,8,2024-25
3188,2024-12-12,Home,NOP,SAC,L,4.0,109,39,83,14,37,43,22,6,4,17,2024-25
3189,2024-12-12,Away,TOR,MIA,L,3.0,104,41,92,11,32,42,29,8,5,12,2024-25
3190,2024-12-12,Home,MIA,TOR,W,4.0,114,40,83,13,32,52,21,4,3,17,2024-25
3191,2024-12-12,Home,BOS,DET,W,5.0,123,46,90,20,48,51,34,6,4,14,2024-25
3192,2024-12-12,Away,SAC,NOP,W,4.0,111,37,92,10,33,50,24,12,2,11,2024-25
3193,2024-12-13,Away,IND,PHI,W,5.0,121,47,91,14,38,41,35,9,4,10,2024-25
3194,2024-12-13,Home,POR,SAS,L,5.0,116,42,82,16,41,36,25,9,5,16,2024-25
3195,2024-12-13,Home,DEN,LAC,W,5.0,120,42,77,10,29,46,23,15,2,22,2024-25
3196,2024-12-13,Away,SAS,POR,W,5.0,118,44,85,14,30,41,32,5,6,15,2024-25
3197,2024-12-13,Away,WAS,CLE,L,5.0,105,41,86,14,40,44,24,7,7,18,2024-25
3198,2024-12-13,Away,CHA,CHI,L,5.0,95,35,98,8,46,54,22,7,5,17,2024-25
3199,2024-12-13,Home,CHI,CHA,W,5.0,109,37,93,14,51,52,27,12,11,16,2024-25
3200,2024-12-13,Away,LAC,DEN,L,5.0,98,37,83,14,41,31,24,18,2,19,2024-25
3201,2024-12-13,Home,MIN,LAL,W,5.0,97,35,87,9,32,48,18,12,5,14,2024-25
3202,2024-12-13,Away,PHX,UTA,W,5.0,134,47,89,22,45,37,36,10,7,8,2024-25
3203,2024-12-13,Home,UTA,PHX,L,5.0,126,43,77,22,39,34,30,5,6,15,2024-25
3204,2024-12-13,Away,BKN,MEM,L,5.0,119,42,92,20,53,41,30,9,7,18,2024-25
3205,2024-12-13,Home,PHI,IND,L,5.0,107,37,85,10,25,47,18,5,4,15,2024-25
3206,2024-12-13,Home,CLE,WAS,W,5.0,115,36,91,15,50,50,27,10,5,11,2024-25
3207,2024-12-13,Home,MEM,BKN,W,5.0,135,52,99,17,36,49,33,9,4,13,2024-25
3208,2024-12-13,Away,LAL,MIN,L,5.0,87,33,86,10,35,53,17,7,6,22,2024-25
3209,2024-12-14,Away,HOU,OKC,L,3.0,96,35,96,11,46,49,17,7,3,16,2024-25
3210,2024-12-14,Away,OKC,HOU,W,4.0,111,36,80,11,30,43,19,12,4,12,2024-25
3211,2024-12-14,Away,ATL,MIL,L,3.0,102,35,82,10,24,44,23,3,6,13,2024-25
3212,2024-12-14,Away,MIL,ATL,W,4.0,110,39,86,14,45,47,28,8,8,13,2024-25
3213,2024-12-15,Away,POR,PHX,L,2.0,109,42,94,15,49,48,30,6,4,13,2024-25
3214,2024-12-15,Home,IND,NOP,W,2.0,119,41,81,16,38,43,33,10,9,17,2024-25
3215,2024-12-15,Home,GSW,DAL,L,4.0,133,49,103,27,54,37,39,8,2,10,2024-25
3216,2024-12-15,Home,PHX,POR,W,2.0,116,43,89,15,39,46,23,7,2,11,2024-25
3217,2024-12-15,Away,DAL,GSW,W,5.0,143,52,87,21,41,47,36,8,5,16,2024-25
3218,2024-12-15,Home,SAS,MIN,L,2.0,92,37,91,11,45,50,34,6,8,19,2024-25
3219,2024-12-15,Away,MIN,SAS,W,2.0,106,40,100,12,35,51,26,11,4,12,2024-25
3220,2024-12-15,Home,ORL,NYK,L,5.0,91,36,86,9,30,39,24,8,10,15,2024-25
3221,2024-12-15,Away,BOS,WAS,W,3.0,112,40,93,18,46,56,26,11,5,18,2024-25
3222,2024-12-15,Away,NOP,IND,L,3.0,104,38,97,10,33,49,18,11,4,18,2024-25
3223,2024-12-15,Home,WAS,BOS,L,2.0,98,40,99,13,40,51,22,10,7,16,2024-25
3224,2024-12-15,Away,MEM,LAL,L,2.0,110,38,97,9,28,50,25,10,3,21,2024-25
3225,2024-12-15,Home,LAL,MEM,W,2.0,116,39,82,10,34,44,23,10,7,23,2024-25
3226,2024-12-15,Away,NYK,ORL,W,4.0,100,33,71,10,24,45,20,8,3,19,2024-25
3227,2024-12-16,Home,LAC,UTA,W,3.0,144,49,82,21,39,41,28,13,6,16,2024-25
3228,2024-12-16,Away,CHI,TOR,W,3.0,122,43,93,14,40,41,33,12,8,12,2024-25
3229,2024-12-16,Away,PHI,CHA,W,3.0,121,41,80,16,38,42,21,14,4,20,2024-25
3230,2024-12-16,Away,DEN,SAC,W,3.0,130,51,102,10,28,55,38,9,4,15,2024-25
3231,2024-12-16,Home,SAC,DEN,L,4.0,129,49,102,12,35,42,28,10,9,11,2024-25
3232,2024-12-16,Home,CHA,PHI,L,3.0,108,42,83,12,38,38,30,12,8,20,2024-25
3233,2024-12-16,Away,UTA,LAC,L,3.0,107,36,80,13,39,35,22,8,3,23,2024-25
3234,2024-12-16,Home,BKN,CLE,L,3.0,101,34,81,14,34,35,25,11,2,22,2024-25
3235,2024-12-16,Home,TOR,CHI,L,4.0,121,45,92,9,26,44,28,7,6,18,2024-25
3236,2024-12-16,Away,CLE,BKN,W,3.0,130,43,81,19,47,42,33,14,6,17,2024-25
3237,2024-12-16,Away,MIA,DET,L,4.0,124,45,99,12,43,44,30,16,2,13,2024-25
3238,2024-12-16,Home,DET,MIA,W,4.0,125,44,90,20,40,52,32,8,4,22,2024-25
3239,2024-12-19,Home,HOU,NOP,W,5.0,133,50,87,17,39,42,34,7,6,12,2024-25
3240,2024-12-19,Home,TOR,BKN,L,3.0,94,34,86,15,44,34,26,6,4,12,2024-25
3241,2024-12-19,Away,DEN,POR,L,3.0,124,47,87,15,34,40,35,7,3,11,2024-25
3242,2024-12-19,Away,OKC,ORL,W,5.0,105,40,83,10,31,32,23,15,6,13,2024-25
3243,2024-12-19,Away,CHI,BOS,W,3.0,117,42,94,19,52,56,23,2,2,12,2024-25
3244,2024-12-19,Home,POR,DEN,W,4.0,126,45,97,16,46,45,29,7,7,10,2024-25
3245,2024-12-19,Away,CHA,WAS,L,3.0,114,43,106,8,43,52,30,12,2,8,2024-25
3246,2024-12-19,Home,ORL,OKC,L,4.0,99,35,78,11,35,40,25,6,6,20,2024-25
3247,2024-12-19,Away,LAC,DAL,W,3.0,118,44,85,14,33,47,30,9,3,15,2024-25
3248,2024-12-19,Home,SAS,ATL,W,4.0,133,49,101,19,42,42,32,15,8,17,2024-25
3249,2024-12-19,Home,MEM,GSW,W,4.0,144,53,98,27,48,60,38,11,8,17,2024-25
3250,2024-12-19,Away,LAL,SAC,W,4.0,113,38,94,12,33,53,22,8,10,13,2024-25
3251,2024-12-19,Home,DAL,LAC,L,4.0,95,34,86,7,30,40,21,9,5,13,2024-25
3252,2024-12-19,Away,ATL,SAS,L,5.0,126,46,97,16,38,53,32,14,6,23,2024-25
3253,2024-12-19,Home,BOS,CHI,L,4.0,108,38,97,14,56,45,21,6,8,4,2024-25
3254,2024-12-19,Home,MIN,NYK,L,4.0,107,41,89,17,42,37,29,10,5,13,2024-25
3255,2024-12-19,Away,IND,PHX,W,4.0,120,39,89,16,41,47,30,9,7,9,2024-25
3256,2024-12-19,Away,NOP,HOU,L,4.0,113,41,92,13,28,37,25,6,2,12,2024-25
3257,2024-12-19,Away,GSW,MEM,L,4.0,93,32,90,12,36,36,20,11,5,18,2024-25
3258,2024-12-19,Home,WAS,CHA,W,4.0,123,41,83,17,42,52,33,5,8,18,2024-25
3259,2024-12-19,Away,BKN,TOR,W,3.0,101,33,82,9,39,53,18,3,6,17,2024-25
3260,2024-12-19,Home,PHX,IND,L,4.0,111,40,82,9,30,44,28,6,4,16,2024-25
3261,2024-12-19,Away,UTA,DET,W,3.0,126,39,83,20,40,62,23,5,8,27,2024-25
3262,2024-12-19,Away,NYK,MIN,W,4.0,133,50,97,20,45,57,39,10,2,15,2024-25
3263,2024-12-19,Home,SAC,LAL,L,3.0,100,37,82,11,29,43,27,7,6,16,2024-25
3264,2024-12-19,Home,DET,UTA,L,3.0,119,46,105,13,47,39,26,10,8,10,2024-25
3265,2024-12-20,Home,MIA,OKC,L,4.0,97,36,83,12,40,41,20,9,3,19,2024-25
3266,2024-12-20,Home,CLE,MIL,W,4.0,124,46,91,20,47,48,30,11,0,18,2024-25
3267,2024-12-20,Away,OKC,MIA,W,1.0,104,39,86,14,34,48,24,8,5,14,2024-25
3268,2024-12-20,Home,PHI,CHA,W,4.0,108,41,83,12,33,39,30,14,6,15,2024-25
3269,2024-12-20,Away,MIL,CLE,L,6.0,101,40,85,10,27,45,23,14,4,20,2024-25
3270,2024-12-20,Away,CHA,PHI,L,1.0,98,36,78,10,31,44,22,7,4,17,2024-25
3271,2024-12-21,Home,BKN,UTA,L,2.0,94,38,94,7,40,50,24,9,3,19,2024-25
3272,2024-12-21,Home,CHI,BOS,L,2.0,98,37,98,14,41,43,28,8,4,13,2024-25
3273,2024-12-21,Home,PHX,DET,L,2.0,125,45,78,14,29,35,30,9,1,19,2024-25
3274,2024-12-21,Away,WAS,MIL,L,2.0,101,36,81,18,42,47,20,7,4,19,2024-25
3275,2024-12-21,Home,MIN,GSW,L,2.0,103,36,86,14,38,45,27,5,2,15,2024-25
3276,2024-12-21,Home,CLE,PHI,W,1.0,126,48,90,22,43,49,31,8,1,13,2024-25
3277,2024-12-21,Away,MIA,ORL,L,1.0,114,36,75,9,32,38,16,7,2,15,2024-25
3278,2024-12-21,Home,MIL,WAS,W,1.0,112,44,98,20,48,44,35,12,2,13,2024-25
3279,2024-12-21,Home,NOP,NYK,L,2.0,93,34,83,12,34,45,23,8,5,19,2024-25
3280,2024-12-21,Home,ATL,MEM,L,2.0,112,39,80,14,38,41,29,11,6,25,2024-25
3281,2024-12-21,Away,BOS,CHI,W,2.0,123,48,100,15,45,59,27,8,4,12,2024-25
3282,2024-12-21,Away,NYK,NOP,W,2.0,104,38,87,15,37,42,24,11,3,17,2024-25
3283,2024-12-21,Away,UTA,BKN,W,2.0,105,41,86,14,41,45,25,11,8,18,2024-25
3284,2024-12-21,Home,SAS,POR,W,2.0,114,44,93,10,36,49,33,7,13,12,2024-25
3285,2024-12-21,Away,MEM,ATL,W,2.0,128,50,97,18,41,40,35,13,1,18,2024-25
3286,2024-12-21,Away,LAC,DAL,L,2.0,97,34,81,10,37,40,18,8,7,17,2024-25
3287,2024-12-21,Away,LAL,SAC,W,2.0,103,40,83,9,35,48,23,10,6,14,2024-25
3288,2024-12-21,Away,PHI,CLE,L,1.0,99,34,85,11,34,41,13,7,3,13,2024-25
3289,2024-12-21,Away,GSW,MIN,W,2.0,113,40,87,16,42,45,30,9,6,11,2024-25
3290,2024-12-21,Away,POR,SAS,L,2.0,94,38,96,12,43,44,21,8,3,13,2024-25
3291,2024-12-21,Home,ORL,MIA,W,2.0,121,43,87,11,37,41,24,5,9,13,2024-25
3292,2024-12-21,Home,DAL,LAC,W,2.0,113,40,88,14,35,43,25,12,5,13,2024-25
3293,2024-12-21,Home,SAC,LAL,L,2.0,99,39,90,10,37,46,25,10,1,14,2024-25
3294,2024-12-21,Away,DET,PHX,W,2.0,133,49,89,19,39,35,31,13,4,13,2024-25
3295,2024-12-22,Away,DEN,NOP,W,3.0,132,49,97,10,33,54,34,10,8,22,2024-25
3296,2024-12-22,Away,HOU,TOR,W,3.0,114,40,89,7,28,53,18,12,6,21,2024-25
3297,2024-12-22,Away,IND,SAC,W,3.0,122,50,86,17,39,50,36,7,5,12,2024-25
3298,2024-12-22,Home,SAC,IND,L,1.0,95,35,96,12,38,47,21,3,3,10,2024-25
3299,2024-12-22,Home,NOP,DEN,L,1.0,129,50,108,12,40,43,37,16,9,15,2024-25
3300,2024-12-22,Home,TOR,HOU,L,3.0,110,42,92,17,43,42,33,10,3,21,2024-25
3301,2024-12-23,Home,CHI,MIL,L,2.0,91,36,90,10,48,46,27,9,1,15,2024-25
3302,2024-12-23,Away,WAS,OKC,L,2.0,105,36,91,16,43,51,25,7,8,19,2024-25
3303,2024-12-23,Away,POR,DAL,L,2.0,108,43,93,8,29,48,23,6,1,19,2024-25
3304,2024-12-23,Home,GSW,IND,L,2.0,105,39,90,12,38,44,29,7,7,11,2024-25
3305,2024-12-23,Home,DAL,POR,W,2.0,132,48,90,12,36,41,27,10,4,11,2024-25
3306,2024-12-23,Home,CHA,HOU,L,3.0,101,37,89,10,36,44,25,8,6,11,2024-25
3307,2024-12-23,Away,DET,LAL,W,2.0,117,47,92,11,30,37,24,12,5,12,2024-25
3308,2024-12-23,Away,BKN,MIA,L,2.0,95,33,84,13,34,42,23,9,2,15,2024-25
3309,2024-12-23,Away,UTA,CLE,L,2.0,113,38,92,19,44,51,27,6,5,17,2024-25
3310,2024-12-23,Away,BOS,ORL,L,2.0,104,37,84,8,33,41,13,13,5,19,2024-25
3311,2024-12-23,Home,PHI,SAS,W,2.0,111,39,93,16,44,47,22,11,2,11,2024-25
3312,2024-12-23,Home,NYK,TOR,W,2.0,139,51,86,17,37,35,34,9,1,17,2024-25
3313,2024-12-23,Away,MIN,ATL,L,2.0,104,39,91,14,43,43,31,12,3,21,2024-25
3314,2024-12-23,Away,PHX,DEN,L,2.0,90,33,83,13,33,39,23,6,5,15,2024-25
3315,2024-12-23,Away,MIL,CHI,W,2.0,112,40,87,18,43,49,24,7,1,13,2024-25
3316,2024-12-23,Away,LAC,MEM,W,2.0,114,42,96,9,27,53,22,15,6,17,2024-25
3317,2024-12-23,Home,DEN,PHX,W,1.0,117,46,90,16,41,46,35,6,4,12,2024-25
3318,2024-12-23,Away,HOU,CHA,W,1.0,114,43,99,13,42,60,23,4,8,12,2024-25
3319,2024-12-23,Home,ORL,BOS,W,2.0,108,37,83,13,33,42,26,11,9,20,2024-25
3320,2024-12-23,Away,IND,GSW,W,1.0,111,45,92,11,35,43,26,7,4,12,2024-25
3321,2024-12-23,Home,CLE,UTA,W,2.0,124,43,91,20,46,40,33,10,3,9,2024-25
3322,2024-12-23,Home,ATL,MIN,W,2.0,117,39,73,18,36,38,27,15,6,23,2024-25
3323,2024-12-23,Home,OKC,WAS,W,3.0,123,47,106,10,38,59,25,15,9,12,2024-25
3324,2024-12-23,Home,LAL,DET,L,2.0,114,40,74,14,30,38,28,8,3,20,2024-25
3325,2024-12-23,Away,SAS,PHI,L,2.0,106,37,81,15,45,42,24,4,12,18,2024-25
3326,2024-12-23,Home,MIA,BKN,W,2.0,110,36,73,17,41,44,27,6,3,16,2024-25
3327,2024-12-23,Away,TOR,NYK,L,1.0,125,42,77,11,28,30,28,6,3,15,2024-25
3328,2024-12-23,Home,MEM,LAC,L,2.0,110,38,99,16,42,56,26,8,6,20,2024-25
3329,2024-12-25,Away,SAS,NYK,L,2.0,114,42,83,16,38,45,33,3,6,15,2024-25
3330,2024-12-25,Home,BOS,PHI,L,2.0,114,43,95,20,49,51,24,3,4,13,2024-25
3331,2024-12-25,Away,DEN,PHX,L,2.0,100,36,78,8,29,46,20,3,2,16,2024-25
3332,2024-12-25,Away,MIN,DAL,W,2.0,105,40,86,14,32,46,23,8,5,10,2024-25
3333,2024-12-25,Home,GSW,LAL,L,2.0,113,41,89,18,45,44,26,2,8,13,2024-25
3334,2024-12-25,Away,PHI,BOS,W,2.0,118,41,88,17,40,39,28,10,5,6,2024-25
3335,2024-12-25,Home,NYK,SAS,W,2.0,117,45,100,13,39,47,26,7,3,5,2024-25
3336,2024-12-25,Home,PHX,DEN,W,2.0,110,41,88,11,36,42,31,12,4,9,2024-25
3337,2024-12-25,Home,DAL,MIN,L,2.0,99,36,87,16,43,43,15,6,8,13,2024-25
3338,2024-12-25,Away,LAL,GSW,W,2.0,115,41,91,15,42,41,30,6,4,9,2024-25
3339,2024-12-26,Away,OKC,IND,W,3.0,120,44,95,13,37,45,20,4,4,3,2024-25
3340,2024-12-26,Away,MIA,ORL,W,3.0,89,31,76,15,30,35,21,14,6,21,2024-25
3341,2024-12-26,Home,ATL,CHI,W,3.0,141,46,89,17,45,44,32,9,5,14,2024-25
3342,2024-12-26,Away,UTA,POR,L,3.0,120,41,86,21,42,46,26,9,5,13,2024-25
3343,2024-12-26,Home,SAC,DET,L,4.0,113,39,82,14,39,44,20,3,6,14,2024-25
3344,2024-12-26,Home,MEM,TOR,W,3.0,155,58,109,18,45,63,36,8,8,18,2024-25
3345,2024-12-26,Home,WAS,CHA,W,3.0,113,39,91,14,44,43,25,9,7,11,2024-25
3346,2024-12-26,Away,BKN,MIL,W,3.0,111,39,82,16,38,38,25,8,1,21,2024-25
3347,2024-12-26,Home,ORL,MIA,L,3.0,88,34,77,5,29,42,14,12,6,23,2024-25
3348,2024-12-26,Home,IND,OKC,L,3.0,114,42,89,14,36,51,28,1,8,11,2024-25
3349,2024-12-26,Home,POR,UTA,W,3.0,122,45,89,15,38,43,26,10,8,11,2024-25
3350,2024-12-26,Away,CHA,WAS,L,3.0,110,41,94,17,42,50,31,6,4,19,2024-25
3351,2024-12-26,Away,DET,SAC,W,3.0,114,38,91,17,44,44,25,6,4,10,2024-25
3352,2024-12-26,Home,MIL,BKN,L,3.0,105,41,83,15,38,39,23,12,3,23,2024-25
3353,2024-12-26,Home,NOP,HOU,L,4.0,111,43,99,12,37,44,29,12,2,16,2024-25
3354,2024-12-26,Away,HOU,NOP,W,3.0,128,46,97,18,47,54,19,7,9,16,2024-25
3355,2024-12-26,Away,TOR,MEM,L,3.0,126,49,108,14,43,40,39,8,3,15,2024-25
3356,2024-12-26,Away,CHI,ATL,L,3.0,133,53,98,22,43,36,36,8,1,16,2024-25
3357,2024-12-27,Away,NYK,ORL,W,2.0,108,40,75,4,15,44,18,10,3,18,2024-25
3358,2024-12-27,Home,BKN,SAS,L,1.0,87,35,90,12,41,45,22,8,4,18,2024-25
3359,2024-12-27,Away,GSW,LAC,L,2.0,92,35,95,7,38,47,24,14,2,14,2024-25
3360,2024-12-27,Home,NOP,MEM,L,1.0,124,43,96,11,38,45,30,13,10,17,2024-25
3361,2024-12-27,Away,MIN,HOU,W,2.0,113,42,83,21,43,40,25,8,6,16,2024-25
3362,2024-12-27,Away,IND,BOS,L,1.0,105,38,91,11,39,39,27,5,3,12,2024-25
3363,2024-12-27,Home,HOU,MIN,L,1.0,112,45,92,10,30,47,19,7,3,14,2024-25
3364,2024-12-27,Away,CLE,DEN,W,4.0,149,54,96,23,48,38,40,10,7,11,2024-25
3365,2024-12-27,Away,DAL,PHX,W,2.0,98,35,80,12,34,41,24,6,5,15,2024-25
3366,2024-12-27,Away,MEM,NOP,W,1.0,132,42,89,17,41,42,30,12,7,17,2024-25
3367,2024-12-27,Home,PHX,DAL,L,2.0,89,32,83,13,35,42,23,11,7,16,2024-25
3368,2024-12-27,Home,BOS,IND,W,2.0,142,47,92,23,56,52,31,9,6,10,2024-25
3369,2024-12-27,Away,SAS,BKN,W,2.0,96,32,78,12,28,43,26,10,8,15,2024-25
3370,2024-12-27,Home,LAC,GSW,W,4.0,102,40,75,10,32,39,19,6,10,23,2024-25
3371,2024-12-27,Home,DEN,CLE,L,2.0,135,53,94,15,31,38,39,8,3,13,2024-25
3372,2024-12-27,Home,ORL,NYK,L,1.0,85,32,87,10,33,33,20,7,3,17,2024-25
3373,2024-12-28,Away,MIA,ATL,L,2.0,110,40,90,13,41,42,23,9,4,9,2024-25
3374,2024-12-28,Home,LAL,SAC,W,3.0,132,46,77,14,26,33,33,4,3,11,2024-25
3375,2024-12-28,Away,DET,DEN,L,2.0,121,46,95,12,39,41,29,8,1,12,2024-25
3376,2024-12-28,Away,SAC,LAL,L,2.0,122,50,98,11,40,39,38,7,2,10,2024-25
3377,2024-12-28,Away,OKC,CHA,W,2.0,106,42,88,10,38,49,29,9,1,17,2024-25
3378,2024-12-28,Home,CHI,MIL,W,2.0,116,45,95,14,36,52,33,4,6,11,2024-25
3379,2024-12-28,Home,ATL,MIA,W,2.0,120,44,86,15,37,47,34,7,2,13,2024-25
3380,2024-12-28,Home,WAS,NYK,L,2.0,132,51,99,17,38,44,32,7,4,17,2024-25
3381,2024-12-28,Home,GSW,PHX,W,1.0,109,41,98,12,45,49,26,8,7,12,2024-25
3382,2024-12-28,Home,POR,DAL,W,2.0,126,46,92,11,26,50,27,8,7,14,2024-25
3383,2024-12-28,Away,DAL,POR,L,1.0,122,43,89,15,38,40,20,6,10,13,2024-25
3384,2024-12-28,Home,UTA,PHI,L,2.0,111,43,89,12,36,48,27,3,3,22,2024-25
3385,2024-12-28,Away,PHI,UTA,W,3.0,114,36,83,13,36,32,22,15,8,8,2024-25
3386,2024-12-28,Home,DEN,DET,W,1.0,134,46,82,13,27,40,29,9,6,14,2024-25
3387,2024-12-28,Away,PHX,GSW,L,1.0,105,39,92,9,35,46,21,7,12,14,2024-25
3388,2024-12-28,Away,NYK,WAS,W,1.0,136,51,97,10,40,43,26,7,3,15,2024-25
3389,2024-12-28,Away,MIL,CHI,L,2.0,111,41,102,15,45,43,27,6,7,8,2024-25
3390,2024-12-28,Home,CHA,OKC,L,2.0,94,29,80,11,34,44,17,9,5,18,2024-25
3391,2024-12-29,Away,SAS,MIN,L,2.0,110,38,87,11,39,41,25,6,4,10,2024-25
3392,2024-12-29,Away,ATL,TOR,W,1.0,136,46,95,18,45,40,30,22,8,15,2024-25
3393,2024-12-29,Away,MIA,HOU,W,1.0,104,37,84,10,33,52,21,6,3,15,2024-25
3394,2024-12-29,Away,IND,BOS,W,2.0,123,46,87,9,23,50,27,6,2,9,2024-25
3395,2024-12-29,Home,MIN,SAS,W,2.0,112,43,100,11,44,56,23,4,5,10,2024-25
3396,2024-12-29,Away,MEM,OKC,L,2.0,106,37,97,14,51,51,30,6,4,21,2024-25
3397,2024-12-29,Home,HOU,MIA,L,2.0,100,38,97,13,40,52,24,5,4,13,2024-25
3398,2024-12-29,Home,OKC,MEM,W,1.0,130,52,103,14,44,45,35,10,9,10,2024-25
3399,2024-12-29,Home,TOR,ATL,L,3.0,107,38,85,7,24,52,26,10,4,31,2024-25
3400,2024-12-29,Away,BKN,ORL,L,2.0,101,32,73,13,30,38,22,7,3,17,2024-25
3401,2024-12-29,Home,BOS,IND,L,2.0,114,43,93,16,54,41,26,6,6,8,2024-25
3402,2024-12-29,Home,ORL,BKN,W,2.0,102,37,83,12,36,42,30,7,3,13,2024-25
3403,2024-12-30,Home,NOP,LAC,L,3.0,113,42,82,18,37,35,30,13,5,16,2024-25
3404,2024-12-30,Away,LAC,NOP,W,3.0,116,41,86,13,37,40,24,11,2,17,2024-25
3405,2024-12-30,Away,NYK,WAS,W,2.0,126,45,98,15,44,54,34,9,2,8,2024-25
3406,2024-12-30,Away,PHI,POR,W,2.0,125,43,75,11,24,32,20,12,3,19,2024-25
3407,2024-12-30,Home,GSW,CLE,L,2.0,95,33,99,9,38,55,20,5,8,15,2024-25
3408,2024-12-30,Away,CHI,CHA,W,2.0,115,39,104,18,60,63,31,11,4,15,2024-25
3409,2024-12-30,Away,DEN,UTA,W,2.0,132,53,105,9,30,51,38,13,3,7,2024-25
3410,2024-12-30,Away,DAL,SAC,L,2.0,100,32,76,12,31,36,17,8,13,18,2024-25
3411,2024-12-30,Home,UTA,DEN,L,2.0,121,44,86,13,38,37,28,6,2,16,2024-25
3412,2024-12-30,Home,CHA,CHI,L,2.0,108,42,101,10,43,56,23,8,6,14,2024-25
3413,2024-12-30,Home,POR,PHI,L,2.0,103,37,77,8,36,33,23,8,4,26,2024-25
3414,2024-12-30,Home,SAC,DAL,W,2.0,110,42,100,10,32,58,25,8,1,16,2024-25
3415,2024-12-30,Away,CLE,GSW,W,3.0,113,44,96,18,47,54,25,10,6,16,2024-25
3416,2024-12-30,Home,WAS,NYK,L,2.0,106,39,92,12,43,46,25,6,8,13,2024-25
3417,2024-12-31,Home,SAS,LAC,W,2.0,122,48,98,9,40,58,37,10,7,9,2024-25
3418,2024-12-31,Away,TOR,BOS,L,2.0,71,27,86,10,40,44,18,8,4,21,2024-25
3419,2024-12-31,Home,LAL,CLE,L,3.0,110,42,95,9,35,43,26,7,3,9,2024-25
3420,2024-12-31,Home,BOS,TOR,W,2.0,125,47,87,22,43,49,29,14,7,13,2024-25
3421,2024-12-31,Home,PHX,MEM,L,3.0,112,42,92,9,30,43,28,9,10,17,2024-25
3422,2024-12-31,Home,IND,MIL,L,2.0,112,40,90,13,37,50,26,8,7,18,2024-25
3423,2024-12-31,Home,OKC,MIN,W,2.0,113,42,89,12,36,37,25,16,2,12,2024-25
3424,2024-12-31,Away,MIN,OKC,L,2.0,105,39,79,15,38,43,21,3,7,24,2024-25
3425,2024-12-31,Away,LAC,SAS,L,1.0,86,30,87,11,41,41,17,7,3,14,2024-25
3426,2024-12-31,Away,MIL,IND,W,3.0,120,45,97,12,33,51,27,10,0,12,2024-25
3427,2024-12-31,Away,MEM,PHX,W,2.0,117,40,94,15,44,51,27,10,6,17,2024-25
3428,2024-12-31,Away,CLE,LAL,W,1.0,122,45,93,18,46,48,32,5,8,11,2024-25
3429,2025-01-01,Away,PHI,SAC,L,2.0,107,40,84,15,40,34,24,10,5,19,2024-25
3430,2025-01-01,Home,HOU,DAL,W,3.0,110,42,89,8,25,35,16,17,1,14,2024-25
3431,2025-01-01,Away,CHI,WAS,L,2.0,107,41,92,14,47,44,28,11,6,20,2024-25
3432,2025-01-01,Home,MIA,NOP,W,3.0,119,44,83,14,34,38,34,6,1,13,2024-25
3433,2025-01-01,Away,NOP,MIA,L,2.0,108,40,80,9,34,31,25,4,7,11,2024-25
3434,2025-01-01,Away,UTA,NYK,L,2.0,103,39,96,13,43,45,23,7,6,17,2024-25
3435,2025-01-01,Home,TOR,BKN,W,1.0,130,52,88,16,32,39,36,8,6,11,2024-25
3436,2025-01-01,Away,ATL,DEN,L,3.0,120,45,100,16,46,44,34,10,5,14,2024-25
3437,2025-01-01,Home,DEN,ATL,W,2.0,139,53,94,12,30,43,44,8,5,13,2024-25
3438,2025-01-01,Away,DAL,HOU,L,2.0,99,40,75,11,28,38,19,9,12,20,2024-25
3439,2025-01-01,Home,WAS,CHI,W,2.0,125,49,99,17,36,42,36,11,3,17,2024-25
3440,2025-01-01,Home,NYK,UTA,W,2.0,119,47,85,9,23,47,31,10,6,13,2024-25
3441,2025-01-01,Away,BKN,TOR,L,3.0,113,42,87,11,37,32,28,8,2,13,2024-25
3442,2025-01-01,Away,ORL,DET,L,3.0,96,37,91,8,35,33,18,18,5,13,2024-25
3443,2025-01-01,Home,SAC,PHI,W,2.0,113,41,84,9,31,45,24,11,4,17,2024-25
3444,2025-01-01,Home,DET,ORL,W,4.0,105,41,79,12,29,49,25,7,3,24,2024-25
3445,2025-01-02,Away,POR,LAL,L,3.0,106,40,80,9,26,42,24,6,4,18,2024-25
3446,2025-01-02,Home,MIN,BOS,L,2.0,115,37,74,21,39,41,24,1,2,16,2024-25
3447,2025-01-02,Away,BKN,MIL,W,1.0,113,38,88,12,39,51,26,8,3,14,2024-25
3448,2025-01-02,Home,OKC,LAC,W,2.0,116,43,86,14,38,35,29,11,3,10,2024-25
3449,2025-01-02,Away,BOS,MIN,W,2.0,118,46,92,22,57,31,30,9,4,4,2024-25
3450,2025-01-02,Away,PHI,GSW,L,1.0,105,34,81,9,31,33,17,11,6,11,2024-25
3451,2025-01-02,Home,LAL,POR,W,2.0,114,43,94,15,43,43,30,8,3,13,2024-25
3452,2025-01-02,Home,GSW,PHI,W,3.0,139,53,87,22,39,43,41,5,8,12,2024-25
3453,2025-01-02,Away,LAC,OKC,L,2.0,98,38,81,11,32,45,25,6,1,20,2024-25
3454,2025-01-02,Home,MIA,IND,L,1.0,115,43,75,11,26,39,34,6,6,16,2024-25
3455,2025-01-02,Away,IND,MIA,W,2.0,128,51,96,17,40,39,35,9,4,8,2024-25
3456,2025-01-02,Home,MIL,BKN,L,2.0,110,40,90,11,37,46,21,6,6,14,2024-25
3457,2025-01-03,Away,CHA,DET,L,4.0,94,33,80,9,30,45,25,8,6,18,2024-25
3458,2025-01-03,Home,OKC,NYK,W,1.0,117,43,84,14,27,41,27,9,7,13,2024-25
3459,2025-01-03,Away,MEM,SAC,L,3.0,133,43,89,17,37,51,31,5,4,17,2024-25
3460,2025-01-03,Home,NOP,WAS,W,2.0,132,48,96,18,41,37,36,10,6,8,2024-25
3461,2025-01-03,Away,ORL,TOR,W,2.0,106,37,79,19,44,42,32,10,8,14,2024-25
3462,2025-01-03,Home,DAL,CLE,L,2.0,122,43,100,12,44,53,29,3,4,12,2024-25
3463,2025-01-03,Away,BOS,HOU,W,1.0,109,39,77,19,39,41,20,6,8,14,2024-25
3464,2025-01-03,Away,ATL,LAL,L,2.0,102,41,100,6,34,39,22,10,3,8,2024-25
3465,2025-01-03,Home,HOU,BOS,L,2.0,86,32,88,10,36,37,9,6,4,14,2024-25
3466,2025-01-03,Away,NYK,OKC,L,2.0,107,43,90,9,32,42,22,7,2,12,2024-25
3467,2025-01-03,Home,DET,CHA,W,2.0,98,39,93,12,37,51,21,13,7,15,2024-25
3468,2025-01-03,Away,WAS,NOP,L,2.0,120,45,84,9,28,48,28,6,0,21,2024-25
3469,2025-01-03,Away,CLE,DAL,W,3.0,134,52,98,15,40,46,38,5,7,8,2024-25
3470,2025-01-03,Home,SAC,MEM,W,2.0,138,49,99,21,47,37,32,10,8,10,2024-25
3471,2025-01-03,Away,SAS,DEN,W,3.0,113,46,99,13,36,56,31,4,3,13,2024-25
3472,2025-01-03,Home,TOR,ORL,L,2.0,97,38,80,10,29,37,28,6,1,11,2024-25
3473,2025-01-03,Home,LAL,ATL,W,1.0,119,43,88,13,30,56,28,4,6,19,2024-25
3474,2025-01-03,Home,DEN,SAS,L,2.0,110,42,97,15,39,46,33,7,7,8,2024-25
3475,2025-01-04,Away,NYK,CHI,L,1.0,126,48,97,8,30,49,27,7,3,13,2024-25
3476,2025-01-04,Home,BKN,PHI,L,2.0,94,34,82,14,41,39,22,6,4,22,2024-25
3477,2025-01-04,Home,DET,MIN,W,1.0,119,45,93,13,38,47,26,12,2,14,2024-25
3478,2025-01-04,Away,PHI,BKN,W,2.0,123,42,82,15,40,50,31,11,2,18,2024-25
3479,2025-01-04,Away,MEM,GSW,L,1.0,113,46,88,9,27,43,29,9,7,23,2024-25
3480,2025-01-04,Home,MIA,UTA,L,2.0,100,35,80,9,35,32,25,9,7,15,2024-25
3481,2025-01-04,Home,IND,PHX,W,2.0,126,46,96,15,40,47,35,7,4,8,2024-25
3482,2025-01-04,Home,GSW,MEM,W,2.0,121,44,84,23,43,29,32,13,5,18,2024-25
3483,2025-01-04,Away,UTA,MIA,W,3.0,136,52,100,19,46,57,31,11,4,14,2024-25
3484,2025-01-04,Away,POR,MIL,W,2.0,105,41,85,13,36,55,21,7,3,18,2024-25
3485,2025-01-04,Home,LAC,ATL,W,2.0,131,53,96,13,36,48,36,15,3,17,2024-25
3486,2025-01-04,Home,MIL,POR,L,2.0,102,41,95,13,41,43,25,14,3,11,2024-25
3487,2025-01-04,Home,SAS,DEN,L,1.0,111,41,104,13,48,58,28,3,7,14,2024-25
3488,2025-01-04,Away,PHX,IND,L,4.0,108,38,78,12,30,36,30,3,7,13,2024-25
3489,2025-01-04,Away,ATL,LAC,L,1.0,105,38,88,16,46,43,30,11,4,23,2024-25
3490,2025-01-04,Away,MIN,DET,L,2.0,105,34,80,16,40,33,20,7,4,17,2024-25
3491,2025-01-04,Away,DEN,SAS,W,1.0,122,47,108,10,33,58,32,11,7,7,2024-25
3492,2025-01-04,Home,CHI,NYK,W,3.0,139,51,94,20,37,43,36,6,4,13,2024-25
3493,2025-01-05,Home,GSW,SAC,L,1.0,99,37,81,12,35,35,22,10,3,22,2024-25
3494,2025-01-05,Home,HOU,LAL,W,2.0,119,47,99,14,40,49,19,3,4,6,2024-25
3495,2025-01-05,Away,UTA,ORL,W,1.0,105,39,81,11,32,50,21,6,5,22,2024-25
3496,2025-01-05,Away,BOS,OKC,L,2.0,92,31,85,9,46,48,17,6,5,16,2024-25
3497,2025-01-05,Away,CHA,CLE,L,2.0,105,38,91,15,42,48,19,9,4,16,2024-25
3498,2025-01-05,Home,CLE,CHA,W,2.0,115,44,92,15,43,41,29,5,5,12,2024-25
3499,2025-01-05,Away,SAC,GSW,W,2.0,129,45,87,19,43,43,31,15,3,16,2024-25
3500,2025-01-05,Away,NOP,WAS,W,2.0,110,37,90,18,49,49,26,7,8,12,2024-25
3501,2025-01-05,Away,LAL,HOU,L,2.0,115,38,78,16,36,39,26,4,5,10,2024-25
3502,2025-01-05,Home,OKC,BOS,W,2.0,105,39,87,16,38,46,22,11,6,16,2024-25
3503,2025-01-05,Home,ORL,UTA,L,2.0,92,35,98,14,47,43,25,8,4,11,2024-25
3504,2025-01-05,Home,WAS,NOP,L,2.0,98,38,89,11,41,46,25,6,4,16,2024-25
3505,2025-01-06,Home,MIN,LAC,W,2.0,108,41,92,16,39,55,24,6,5,15,2024-25
3506,2025-01-06,Away,PHX,PHI,W,2.0,109,41,81,14,31,44,32,7,4,12,2024-25
3507,2025-01-06,Home,DET,POR,W,2.0,118,42,94,15,43,45,23,9,4,15,2024-25
3508,2025-01-06,Away,DAL,MEM,L,3.0,104,40,98,13,36,50,25,7,8,15,2024-25
3509,2025-01-06,Away,IND,BKN,W,2.0,113,40,79,12,31,35,22,8,5,12,2024-25
3510,2025-01-06,Away,SAS,CHI,L,2.0,110,44,95,15,46,49,31,8,12,17,2024-25
3511,2025-01-06,Away,MIA,SAC,L,2.0,118,43,102,11,42,53,25,14,6,14,2024-25
3512,2025-01-06,Home,PHI,PHX,L,2.0,99,34,87,15,40,46,20,6,4,10,2024-25
3513,2025-01-06,Home,SAC,MIA,W,1.0,123,45,108,13,38,60,30,7,8,15,2024-25
3514,2025-01-06,Home,MEM,DAL,W,2.0,119,40,88,12,35,55,24,11,5,15,2024-25
3515,2025-01-06,Away,LAC,MIN,L,2.0,106,37,89,12,35,49,23,9,10,13,2024-25
3516,2025-01-06,Away,ORL,NYK,W,1.0,103,39,78,11,31,39,23,7,5,12,2024-25
3517,2025-01-06,Away,POR,DET,L,2.0,115,48,90,16,35,38,32,6,4,16,2024-25
3518,2025-01-06,Home,NYK,ORL,L,2.0,94,36,81,4,22,38,16,4,3,12,2024-25
3519,2025-01-06,Away,MIL,TOR,W,2.0,128,47,82,22,44,46,37,7,8,21,2024-25
3520,2025-01-06,Home,CHI,SAS,W,2.0,114,44,102,13,39,47,25,12,4,13,2024-25
3521,2025-01-06,Home,TOR,MIL,L,3.0,104,41,91,9,35,35,27,11,4,15,2024-25
3522,2025-01-06,Home,BKN,IND,L,2.0,99,41,98,10,33,51,23,8,3,14,2024-25
3523,2025-01-07,Away,HOU,WAS,W,2.0,135,50,97,15,38,49,31,15,2,10,2024-25
3524,2025-01-07,Home,WAS,HOU,L,2.0,112,41,89,15,40,43,21,6,4,18,2024-25
3525,2025-01-07,Away,MIA,GSW,W,1.0,114,43,91,16,40,48,32,6,3,10,2024-25
3526,2025-01-07,Home,DEN,BOS,L,3.0,106,40,87,14,36,39,22,6,6,16,2024-25
3527,2025-01-07,Home,DAL,LAL,W,1.0,118,45,86,18,38,44,29,7,0,13,2024-25
3528,2025-01-07,Home,NOP,MIN,L,2.0,97,35,94,12,41,46,23,12,5,14,2024-25
3529,2025-01-07,Away,MIN,NOP,W,1.0,104,38,89,15,44,53,26,9,8,17,2024-25
3530,2025-01-07,Away,LAL,DAL,L,2.0,97,34,75,11,35,33,20,7,6,10,2024-25
3531,2025-01-07,Away,ATL,UTA,W,3.0,124,47,98,18,44,44,35,6,11,10,2024-25
3532,2025-01-07,Home,CHA,PHX,W,2.0,115,38,98,13,47,59,23,9,5,14,2024-25
3533,2025-01-07,Away,PHX,CHA,L,1.0,104,39,92,8,33,42,27,3,4,11,2024-25
3534,2025-01-07,Away,BOS,DEN,W,2.0,118,44,88,12,35,41,30,11,7,12,2024-25
3535,2025-01-07,Home,UTA,ATL,L,2.0,121,40,96,19,48,47,25,8,4,16,2024-25
3536,2025-01-07,Home,GSW,MIA,L,2.0,98,40,98,14,50,52,28,9,6,12,2024-25
3537,2025-01-08,Home,MIL,SAS,W,2.0,121,44,92,19,42,57,26,7,4,11,2024-25
3538,2025-01-08,Home,NOP,POR,L,1.0,100,40,90,12,37,41,19,11,3,19,2024-25
3539,2025-01-08,Home,BKN,DET,L,2.0,98,33,86,13,39,38,24,10,4,15,2024-25
3540,2025-01-08,Away,TOR,NYK,L,2.0,98,38,77,10,26,33,25,9,6,17,2024-25
3541,2025-01-08,Away,CHI,IND,L,2.0,113,44,86,12,35,39,23,6,6,18,2024-25
3542,2025-01-08,Away,SAS,MIL,L,2.0,105,35,95,18,52,46,24,8,5,9,2024-25
3543,2025-01-08,Home,DEN,LAC,W,1.0,126,49,89,17,35,45,29,7,3,12,2024-25
3544,2025-01-08,Home,PHI,WAS,W,2.0,109,40,88,15,44,36,21,8,11,9,2024-25
3545,2025-01-08,Away,WAS,PHI,L,1.0,103,42,94,13,30,51,26,3,6,18,2024-25
3546,2025-01-08,Home,IND,CHI,W,2.0,129,52,100,10,29,46,37,11,1,13,2024-25
3547,2025-01-08,Home,NYK,TOR,W,2.0,112,42,88,12,33,43,24,9,4,16,2024-25
3548,2025-01-08,Away,POR,NOP,W,2.0,119,48,88,13,36,44,24,11,7,15,2024-25
3549,2025-01-08,Away,DET,BKN,W,2.0,113,45,86,15,37,42,30,9,9,15,2024-25
3550,2025-01-08,Away,LAC,DEN,L,2.0,103,30,80,11,38,40,14,8,6,12,2024-25
3551,2025-01-08,Home,CLE,OKC,W,3.0,129,47,90,15,36,40,36,7,2,15,2024-25
3552,2025-01-08,Away,OKC,CLE,L,3.0,122,48,90,11,31,38,35,9,5,13,2024-25
3553,2025-01-09,Home,MEM,HOU,L,3.0,115,42,84,10,32,43,20,9,8,20,2024-25
3554,2025-01-09,Home,ORL,MIN,L,3.0,89,33,87,10,40,47,21,4,10,16,2024-25
3555,2025-01-09,Home,DAL,POR,W,2.0,117,40,88,10,30,53,26,8,7,14,2024-25
3556,2025-01-09,Home,DET,GSW,L,1.0,104,39,86,14,39,40,25,7,7,15,2024-25
3557,2025-01-09,Home,PHX,ATL,W,2.0,123,49,85,13,33,42,33,7,6,16,2024-25
3558,2025-01-09,Away,MIN,ORL,W,2.0,104,34,85,12,34,50,21,9,4,10,2024-25
3559,2025-01-09,Home,CLE,TOR,W,1.0,132,47,89,18,45,42,31,8,3,11,2024-25
3560,2025-01-09,Away,MIA,UTA,W,2.0,97,36,91,14,50,49,26,10,7,14,2024-25
3561,2025-01-09,Home,UTA,MIA,L,2.0,92,33,83,11,36,49,20,9,7,17,2024-25
3562,2025-01-09,Away,ATL,PHX,L,2.0,115,42,86,15,32,32,32,11,3,11,2024-25
3563,2025-01-09,Away,HOU,MEM,W,2.0,119,41,96,13,34,44,21,13,3,13,2024-25
3564,2025-01-09,Away,TOR,CLE,L,1.0,126,53,89,14,31,37,34,9,2,13,2024-25
3565,2025-01-09,Away,GSW,DET,W,2.0,107,41,89,15,46,49,32,9,7,15,2024-25
3566,2025-01-09,Away,POR,DAL,L,1.0,111,39,93,16,36,43,24,6,7,13,2024-25
3567,2025-01-10,Away,BKN,DEN,L,2.0,105,38,90,14,45,39,26,9,5,17,2024-25
3568,2025-01-10,Away,SAC,BOS,W,4.0,114,44,102,18,47,56,26,11,8,12,2024-25
3569,2025-01-10,Home,IND,GSW,W,2.0,108,43,82,9,27,48,27,8,8,15,2024-25
3570,2025-01-10,Away,GSW,IND,L,1.0,96,38,91,10,38,42,25,11,2,14,2024-25
3571,2025-01-10,Home,PHI,NOP,L,2.0,115,42,91,14,38,42,23,7,3,9,2024-25
3572,2025-01-10,Home,ORL,MIL,L,1.0,106,37,86,14,40,44,20,8,5,11,2024-25
3573,2025-01-10,Away,NOP,PHI,W,2.0,123,44,91,18,40,44,31,7,8,12,2024-25
3574,2025-01-10,Home,CHI,WAS,W,2.0,138,53,95,23,49,55,39,11,7,15,2024-25
3575,2025-01-10,Home,DEN,BKN,W,2.0,124,45,87,9,24,49,34,12,5,15,2024-25
3576,2025-01-10,Away,WAS,CHI,L,2.0,105,39,98,18,46,45,26,6,4,16,2024-25
3577,2025-01-10,Home,BOS,SAC,L,3.0,97,34,84,11,41,43,22,5,7,15,2024-25
3578,2025-01-10,Away,OKC,NYK,W,2.0,126,48,89,14,27,46,20,9,9,15,2024-25
3579,2025-01-10,Home,NYK,OKC,L,2.0,101,37,96,4,31,43,18,7,3,12,2024-25
3580,2025-01-10,Away,MIL,ORL,W,2.0,109,43,83,9,25,43,18,10,5,13,2024-25
3581,2025-01-11,Home,MIN,MEM,L,2.0,125,47,83,17,42,41,37,7,5,19,2024-25
3582,2025-01-11,Away,TOR,DET,L,2.0,114,40,92,16,38,45,27,12,3,12,2024-25
3583,2025-01-11,Home,POR,MIA,L,2.0,98,36,95,13,45,51,24,6,6,17,2024-25
3584,2025-01-11,Away,MEM,MIN,W,2.0,127,48,108,16,41,46,25,13,3,13,2024-25
3585,2025-01-11,Away,MIA,POR,W,2.0,119,44,92,19,44,43,31,13,5,11,2024-25
3586,2025-01-11,Away,UTA,PHX,L,2.0,106,42,96,9,42,50,26,6,2,13,2024-25
3587,2025-01-11,Home,DET,TOR,W,2.0,123,44,84,19,33,46,35,8,5,17,2024-25
3588,2025-01-11,Home,PHX,UTA,W,2.0,114,44,86,13,37,38,26,9,4,11,2024-25
3589,2025-01-12,Home,ORL,PHI,W,2.0,104,39,80,7,30,41,23,10,9,17,2024-25
3590,2025-01-12,Home,CHI,SAC,L,2.0,119,43,93,18,37,45,26,4,4,8,2024-25
3591,2025-01-12,Home,BOS,NOP,W,2.0,120,44,101,13,44,55,23,5,7,12,2024-25
3592,2025-01-12,Away,PHI,ORL,L,2.0,99,33,72,12,29,29,17,10,4,18,2024-25
3593,2025-01-12,Away,OKC,WAS,W,2.0,136,45,95,13,35,56,26,11,4,13,2024-25
3594,2025-01-12,Away,MIL,NYK,L,2.0,106,43,94,10,34,39,22,6,3,14,2024-25
3595,2025-01-12,Home,UTA,BKN,W,1.0,112,40,90,17,44,41,25,7,6,11,2024-25
3596,2025-01-12,Away,BKN,UTA,L,2.0,111,39,92,10,40,54,26,5,5,11,2024-25
3597,2025-01-12,Away,SAC,CHI,W,2.0,124,47,95,13,39,53,33,4,3,8,2024-25
3598,2025-01-12,Home,PHX,CHA,W,1.0,120,42,87,17,41,39,31,9,6,12,2024-25
3599,2025-01-12,Away,DEN,DAL,W,2.0,112,46,94,7,32,55,23,6,5,14,2024-25
3600,2025-01-12,Away,IND,CLE,W,2.0,108,43,92,11,35,50,30,11,7,12,2024-25
3601,2025-01-12,Home,WAS,OKC,L,2.0,95,28,83,9,46,39,20,6,6,18,2024-25
3602,2025-01-12,Home,CLE,IND,L,3.0,93,33,83,11,41,44,24,4,5,13,2024-25
3603,2025-01-12,Home,DAL,DEN,L,3.0,101,35,85,12,34,37,27,7,5,12,2024-25
3604,2025-01-12,Home,NYK,MIL,W,2.0,140,51,88,18,41,49,29,6,4,12,2024-25
3605,2025-01-12,Away,CHA,PHX,L,5.0,113,41,92,15,40,52,30,10,2,16,2024-25
3606,2025-01-12,Away,NOP,BOS,L,2.0,119,40,86,17,37,42,24,8,3,10,2024-25
3607,2025-01-13,Away,MIN,WAS,W,2.0,120,41,83,14,37,53,20,8,6,19,2024-25
3608,2025-01-13,Home,HOU,MEM,W,4.0,120,41,81,16,31,40,28,13,8,23,2024-25
3609,2025-01-13,Home,WAS,MIN,L,1.0,106,40,91,17,40,34,27,13,3,11,2024-25
3610,2025-01-13,Home,LAL,SAS,L,6.0,102,39,87,14,44,40,24,9,4,19,2024-25
3611,2025-01-13,Away,SAS,LAL,W,5.0,126,48,90,13,35,41,30,16,5,11,2024-25
3612,2025-01-13,Home,TOR,GSW,W,2.0,104,41,86,12,29,44,28,3,9,15,2024-25
3613,2025-01-13,Home,NYK,DET,L,1.0,119,40,80,15,37,42,26,5,2,18,2024-25
3614,2025-01-13,Away,GSW,TOR,L,3.0,101,35,88,16,46,46,23,11,4,15,2024-25
3615,2025-01-13,Away,MEM,HOU,L,2.0,118,45,84,14,32,31,15,17,2,18,2024-25
3616,2025-01-13,Away,MIA,LAC,L,2.0,98,33,85,17,52,49,22,7,3,16,2024-25
3617,2025-01-13,Home,LAC,MIA,W,5.0,109,45,93,13,36,48,28,11,6,12,2024-25
3618,2025-01-13,Away,DET,NYK,W,2.0,124,46,92,15,34,39,20,8,2,13,2024-25
3619,2025-01-14,Home,CHI,NOP,L,2.0,113,45,102,14,43,57,31,8,6,15,2024-25
3620,2025-01-14,Home,DAL,DEN,L,2.0,99,38,90,9,32,30,27,14,6,12,2024-25
3621,2025-01-14,Away,OKC,PHI,W,2.0,118,45,81,12,36,38,32,10,4,18,2024-25
3622,2025-01-14,Away,CLE,IND,W,2.0,127,43,89,15,44,49,25,8,6,15,2024-25
3623,2025-01-14,Home,MIL,SAC,W,2.0,130,49,99,17,45,52,32,2,4,9,2024-25
3624,2025-01-14,Away,DEN,DAL,W,2.0,118,43,83,13,29,51,28,9,7,20,2024-25
3625,2025-01-14,Away,PHX,ATL,L,2.0,117,43,84,13,35,37,28,10,4,13,2024-25
3626,2025-01-14,Home,ATL,PHX,W,5.0,122,43,98,17,41,54,22,10,3,14,2024-25
3627,2025-01-14,Home,IND,CLE,L,2.0,117,44,91,12,28,37,30,10,3,14,2024-25
3628,2025-01-14,Away,NOP,CHI,W,2.0,119,42,96,14,50,46,32,11,5,10,2024-25
3629,2025-01-14,Home,POR,BKN,L,3.0,114,39,86,17,38,38,20,8,3,17,2024-25
3630,2025-01-14,Away,SAC,MIL,L,2.0,115,42,95,17,42,45,25,4,5,9,2024-25
3631,2025-01-14,Home,PHI,OKC,L,2.0,102,37,84,13,44,35,23,10,1,22,2024-25
3632,2025-01-14,Away,BKN,POR,W,2.0,132,49,90,19,41,44,36,11,2,13,2024-25
3633,2025-01-15,Away,MEM,SAS,W,2.0,129,51,103,16,38,52,28,7,5,8,2024-25
3634,2025-01-15,Home,LAL,MIA,W,2.0,117,47,90,13,34,34,33,12,4,7,2024-25
3635,2025-01-15,Home,CHI,ATL,L,1.0,94,39,88,6,27,53,23,5,5,20,2024-25
3636,2025-01-15,Home,DEN,HOU,L,1.0,108,40,75,14,29,36,22,4,7,20,2024-25
3637,2025-01-15,Away,MIA,LAL,L,2.0,108,39,73,16,36,37,25,3,6,20,2024-25
3638,2025-01-15,Away,NYK,PHI,W,2.0,125,46,86,16,37,45,28,10,3,16,2024-25
3639,2025-01-15,Home,TOR,BOS,W,2.0,110,45,89,11,34,56,35,4,4,11,2024-25
3640,2025-01-15,Away,GSW,MIN,W,2.0,116,40,82,18,36,45,26,8,5,13,2024-25
3641,2025-01-15,Away,HOU,DEN,W,2.0,128,49,94,17,38,40,28,14,6,11,2024-25
3642,2025-01-15,Away,DAL,NOP,L,1.0,116,43,90,12,35,45,27,9,3,17,2024-25
3643,2025-01-15,Home,MIL,ORL,W,1.0,122,45,72,7,12,49,24,10,10,21,2024-25
3644,2025-01-15,Away,ATL,CHI,W,1.0,110,41,100,13,43,51,28,11,5,11,2024-25
3645,2025-01-15,Home,LAC,BKN,W,2.0,126,43,79,12,32,46,26,13,3,16,2024-25
3646,2025-01-15,Home,PHI,NYK,L,1.0,119,46,92,13,35,35,27,8,2,12,2024-25
3647,2025-01-15,Home,UTA,CHA,L,3.0,112,43,93,16,43,36,30,5,4,12,2024-25
3648,2025-01-15,Away,ORL,MIL,L,3.0,93,33,95,12,46,32,24,13,1,13,2024-25
3649,2025-01-15,Home,MIN,GSW,L,2.0,115,38,86,17,37,41,21,4,7,9,2024-25
3650,2025-01-15,Home,NOP,DAL,W,1.0,119,43,97,13,39,49,24,11,8,10,2024-25
3651,2025-01-15,Away,BOS,TOR,L,3.0,97,36,91,16,46,45,24,6,8,9,2024-25
3652,2025-01-15,Away,BKN,LAC,L,1.0,67,25,83,5,28,39,15,9,2,22,2024-25
3653,2025-01-15,Away,CHA,UTA,W,3.0,117,45,85,12,39,45,27,6,6,18,2024-25
3654,2025-01-15,Home,SAS,MEM,L,2.0,115,40,89,16,43,44,22,5,11,11,2024-25
3655,2025-01-16,Away,IND,DET,W,2.0,111,41,89,13,30,40,28,13,8,10,2024-25
3656,2025-01-16,Home,OKC,CLE,W,2.0,134,53,105,18,53,39,25,12,5,7,2024-25
3657,2025-01-16,Away,PHX,WAS,W,2.0,130,44,85,16,33,47,33,10,4,16,2024-25
3658,2025-01-16,Away,HOU,SAC,L,1.0,127,49,93,12,33,46,24,10,6,14,2024-25
3659,2025-01-16,Home,POR,LAC,L,2.0,89,34,91,9,34,37,24,9,1,16,2024-25
3660,2025-01-16,Home,WAS,PHX,L,3.0,123,46,92,13,41,45,28,13,4,13,2024-25
3661,2025-01-16,Home,DET,IND,L,3.0,100,36,91,9,36,55,22,3,7,19,2024-25
3662,2025-01-16,Away,CLE,OKC,L,2.0,114,42,90,13,42,49,32,2,5,21,2024-25
3663,2025-01-16,Home,SAC,HOU,W,2.0,132,49,98,14,33,44,32,5,3,12,2024-25
3664,2025-01-16,Away,LAC,POR,W,1.0,118,44,78,10,23,50,23,9,4,18,2024-25
3665,2025-01-17,Home,DAL,OKC,W,2.0,106,37,75,16,41,43,25,11,7,17,2024-25
3666,2025-01-17,Home,LAL,BKN,W,2.0,102,38,82,12,34,34,24,6,7,10,2024-25
3667,2025-01-17,Away,UTA,NOP,L,2.0,123,43,86,13,38,40,30,7,8,16,2024-25
3668,2025-01-17,Home,NOP,UTA,W,2.0,136,47,100,22,50,56,34,9,8,13,2024-25
3669,2025-01-17,Away,MIN,NYK,W,2.0,116,42,79,22,40,46,23,5,2,16,2024-25
3670,2025-01-17,Home,SAS,MEM,L,2.0,112,40,84,13,36,40,29,4,8,17,2024-25
3671,2025-01-17,Away,DEN,MIA,W,2.0,133,50,92,16,33,41,35,5,1,6,2024-25
3672,2025-01-17,Away,ORL,BOS,L,2.0,94,34,82,5,32,37,15,3,3,12,2024-25
3673,2025-01-17,Away,OKC,DAL,L,1.0,98,35,91,20,46,46,24,7,2,15,2024-25
3674,2025-01-17,Home,BOS,ORL,W,2.0,121,42,80,17,37,41,25,6,3,10,2024-25
3675,2025-01-17,Away,CHA,CHI,W,2.0,125,48,96,13,34,44,26,9,2,12,2024-25
3676,2025-01-17,Away,BKN,LAL,L,2.0,101,37,82,17,38,45,28,5,6,17,2024-25
3677,2025-01-17,Away,MEM,SAS,W,2.0,140,55,97,19,44,41,39,9,0,9,2024-25
3678,2025-01-17,Home,CHI,CHA,L,2.0,123,48,95,14,40,45,34,9,3,14,2024-25
3679,2025-01-17,Away,TOR,MIL,L,2.0,112,43,91,8,34,43,31,6,4,14,2024-25
3680,2025-01-17,Home,NYK,MIN,L,2.0,99,35,90,14,34,41,19,10,4,9,2024-25
3681,2025-01-17,Home,MIL,TOR,W,2.0,130,42,81,13,31,44,25,7,5,14,2024-25
3682,2025-01-17,Home,MIA,DEN,L,2.0,113,45,91,9,33,41,30,2,0,8,2024-25
3683,2025-01-18,Away,WAS,GSW,L,2.0,114,38,86,22,45,44,24,5,2,14,2024-25
3684,2025-01-18,Home,MIN,CLE,L,1.0,117,43,90,15,38,42,27,4,4,8,2024-25
3685,2025-01-18,Home,BOS,ATL,L,1.0,115,40,104,15,52,53,23,13,6,14,2024-25
3686,2025-01-18,Home,IND,PHI,W,2.0,115,44,83,11,34,50,30,4,4,18,2024-25
3687,2025-01-18,Home,GSW,WAS,W,3.0,122,45,96,14,41,55,24,6,7,10,2024-25
3688,2025-01-18,Away,PHX,DET,W,2.0,125,43,86,7,25,50,25,6,3,10,2024-25
3689,2025-01-18,Away,HOU,POR,W,2.0,125,48,108,14,31,61,25,13,4,14,2024-25
3690,2025-01-18,Away,CLE,MIN,W,2.0,124,42,92,17,48,47,27,4,1,8,2024-25
3691,2025-01-18,Home,DET,PHX,L,2.0,121,44,94,9,33,43,22,5,3,9,2024-25
3692,2025-01-18,Home,POR,HOU,L,2.0,103,39,86,12,36,40,28,6,10,19,2024-25
3693,2025-01-18,Away,PHI,IND,L,3.0,102,38,89,10,34,32,21,8,1,9,2024-25
3694,2025-01-18,Away,ATL,BOS,W,3.0,119,44,93,9,37,55,27,9,10,18,2024-25
3695,2025-01-19,Away,PHI,MIL,L,1.0,109,39,86,16,45,38,26,4,4,9,2024-25
3696,2025-01-19,Home,POR,CHI,W,1.0,113,42,89,9,31,50,21,7,6,18,2024-25
3697,2025-01-19,Home,LAC,LAL,W,3.0,116,47,89,11,30,38,27,12,4,13,2024-25
3698,2025-01-19,Home,MIA,SAS,W,2.0,128,50,95,18,33,49,35,8,6,11,2024-25
3699,2025-01-19,Home,OKC,BKN,W,2.0,127,48,87,19,43,43,37,8,5,12,2024-25
3700,2025-01-19,Away,CHI,POR,L,2.0,102,36,81,8,29,36,21,10,7,16,2024-25
3701,2025-01-19,Away,SAS,MIA,L,2.0,107,41,91,15,40,44,28,4,5,15,2024-25
3702,2025-01-19,Away,DEN,ORL,W,2.0,113,40,77,7,25,57,24,6,8,21,2024-25
3703,2025-01-19,Away,WAS,SAC,L,1.0,100,32,89,10,42,46,19,6,1,17,2024-25
3704,2025-01-19,Home,ORL,DEN,L,2.0,100,38,102,12,41,39,30,15,6,7,2024-25
3705,2025-01-19,Home,SAC,WAS,W,3.0,123,46,95,12,39,51,28,12,4,12,2024-25
3706,2025-01-19,Away,BKN,OKC,L,2.0,101,37,87,12,43,41,25,5,3,17,2024-25
3707,2025-01-19,Home,MIL,PHI,W,2.0,123,43,87,14,37,48,31,2,3,7,2024-25
3708,2025-01-19,Away,LAL,LAC,L,2.0,102,38,76,9,27,33,26,6,6,17,2024-25
3709,2025-01-20,Away,DET,HOU,W,2.0,107,42,88,10,27,52,21,12,5,23,2024-25
3710,2025-01-20,Home,HOU,DET,L,2.0,96,37,94,11,39,39,19,18,1,17,2024-25
3711,2025-01-20,Away,CHI,LAC,W,1.0,112,38,94,15,46,54,25,7,6,12,2024-25
3712,2025-01-20,Home,GSW,BOS,L,2.0,85,32,92,14,53,38,28,8,3,12,2024-25
3713,2025-01-20,Away,ATL,NYK,L,2.0,110,40,85,13,30,41,23,10,6,24,2024-25
3714,2025-01-20,Home,MEM,MIN,W,3.0,108,37,86,7,33,47,19,9,4,13,2024-25
3715,2025-01-20,Away,DAL,CHA,L,3.0,105,38,88,6,32,51,19,10,8,14,2024-25
3716,2025-01-20,Home,CHA,DAL,W,3.0,110,40,98,17,39,49,28,10,7,13,2024-25
3717,2025-01-20,Home,CLE,PHX,W,2.0,118,41,95,19,46,50,27,10,1,9,2024-25
3718,2025-01-20,Away,PHX,CLE,L,2.0,92,36,77,10,26,34,22,3,5,17,2024-25
3719,2025-01-20,Home,LAC,CHI,L,1.0,99,37,94,9,42,40,24,4,7,10,2024-25
3720,2025-01-20,Away,UTA,NOP,L,3.0,119,42,106,11,46,63,25,6,4,14,2024-25
3721,2025-01-20,Home,NYK,ATL,W,3.0,119,47,90,9,26,39,31,8,1,16,2024-25
3722,2025-01-20,Away,MIN,MEM,L,2.0,106,36,93,14,43,52,25,5,6,16,2024-25
3723,2025-01-20,Home,NOP,UTA,W,3.0,123,41,92,15,41,45,28,12,8,14,2024-25
3724,2025-01-20,Away,BOS,GSW,W,2.0,125,49,92,20,48,50,33,8,9,10,2024-25
3725,2025-01-21,Home,TOR,ORL,W,4.0,109,39,73,13,24,42,29,7,6,12,2024-25
3726,2025-01-21,Away,PHI,DEN,L,2.0,109,44,96,15,38,25,34,7,4,10,2024-25
3727,2025-01-21,Home,BKN,NYK,L,2.0,95,32,86,12,40,47,21,4,9,17,2024-25
3728,2025-01-21,Home,DEN,PHI,W,2.0,144,52,85,16,31,51,39,7,4,14,2024-25
3729,2025-01-21,Home,MIA,POR,L,2.0,107,41,93,14,42,45,26,2,3,10,2024-25
3730,2025-01-21,Away,ORL,TOR,L,2.0,93,35,85,9,31,48,16,5,2,14,2024-25
3731,2025-01-21,Away,NYK,BKN,W,1.0,99,40,87,8,28,42,29,11,3,12,2024-25
3732,2025-01-21,Away,WAS,LAL,L,2.0,88,34,95,11,43,46,25,8,8,13,2024-25
3733,2025-01-21,Away,POR,MIA,W,2.0,116,43,87,15,43,47,25,3,5,8,2024-25
3734,2025-01-21,Home,LAL,WAS,W,2.0,111,43,90,11,34,50,30,6,10,11,2024-25
3735,2025-01-22,Away,BOS,LAC,W,2.0,117,41,90,19,50,32,24,11,4,19,2024-25
3736,2025-01-22,Home,BKN,PHX,L,1.0,84,34,91,7,36,52,16,8,1,17,2024-25
3737,2025-01-22,Away,CLE,HOU,L,2.0,108,41,97,13,41,45,25,12,5,13,2024-25
3738,2025-01-22,Home,SAC,GSW,W,3.0,123,41,81,11,30,38,24,9,7,8,2024-25
3739,2025-01-22,Away,DET,ATL,W,2.0,114,42,84,12,34,51,27,7,10,21,2024-25
3740,2025-01-22,Away,PHX,BKN,W,2.0,108,42,88,14,41,48,28,9,1,11,2024-25
3741,2025-01-22,Home,OKC,UTA,W,3.0,123,44,95,12,39,39,20,15,4,11,2024-25
3742,2025-01-22,Home,ATL,DET,L,2.0,104,39,103,6,38,47,25,14,3,14,2024-25
3743,2025-01-22,Away,MIN,DAL,W,2.0,115,37,81,11,29,39,26,10,8,11,2024-25
3744,2025-01-22,Away,UTA,OKC,L,2.0,114,42,90,14,37,52,25,3,6,27,2024-25
3745,2025-01-22,Away,GSW,SAC,L,2.0,117,43,92,22,48,44,31,5,2,19,2024-25
3746,2025-01-22,Home,DAL,MIN,L,2.0,114,45,90,8,29,38,24,5,4,15,2024-25
3747,2025-01-22,Home,MEM,CHA,W,2.0,132,49,98,21,47,40,36,9,6,16,2024-25
3748,2025-01-22,Away,CHA,MEM,L,2.0,120,41,86,11,31,33,27,9,4,16,2024-25
3749,2025-01-22,Home,LAC,BOS,L,2.0,113,47,90,9,28,40,24,11,6,23,2024-25
3750,2025-01-22,Home,HOU,CLE,W,2.0,109,40,91,15,34,53,25,8,5,22,2024-25
3751,2025-01-23,Away,BOS,LAL,L,1.0,96,35,91,14,41,42,23,5,6,7,2024-25
3752,2025-01-23,Away,TOR,ATL,W,2.0,122,47,81,9,21,39,32,10,2,20,2024-25
3753,2025-01-23,Home,ATL,TOR,L,1.0,119,42,87,13,37,36,30,11,2,15,2024-25
3754,2025-01-23,Away,CHI,GSW,L,3.0,106,34,87,16,40,42,22,7,2,13,2024-25
3755,2025-01-23,Home,MIL,MIA,W,4.0,125,46,98,18,40,55,32,5,6,7,2024-25
3756,2025-01-23,Away,IND,SAS,L,5.0,110,44,97,13,43,31,31,10,2,11,2024-25
3757,2025-01-23,Home,LAC,WAS,W,1.0,110,40,88,13,38,55,29,10,7,18,2024-25
3758,2025-01-23,Away,MIA,MIL,L,2.0,96,34,92,12,51,50,26,3,3,11,2024-25
3759,2025-01-23,Away,SAS,IND,W,4.0,140,58,96,18,36,57,43,10,10,20,2024-25
3760,2025-01-23,Home,DEN,SAC,W,2.0,132,49,101,13,37,56,30,10,8,11,2024-25
3761,2025-01-23,Away,SAC,DEN,L,1.0,123,47,107,15,41,53,31,5,3,13,2024-25
3762,2025-01-23,Home,ORL,POR,L,2.0,79,26,76,6,25,44,17,9,6,22,2024-25
3763,2025-01-23,Away,DAL,OKC,W,1.0,121,39,74,14,31,43,25,9,3,20,2024-25
3764,2025-01-23,Home,LAL,BOS,W,2.0,117,42,89,15,35,53,27,4,3,10,2024-25
3765,2025-01-23,Away,WAS,LAC,L,2.0,93,32,94,11,46,49,24,14,1,16,2024-25
3766,2025-01-23,Away,POR,ORL,W,2.0,101,40,82,9,28,42,23,14,12,15,2024-25
3767,2025-01-23,Home,GSW,CHI,W,1.0,131,46,102,25,57,52,37,3,6,12,2024-25
3768,2025-01-23,Home,OKC,DAL,L,1.0,115,42,88,15,37,33,26,9,4,13,2024-25
3769,2025-01-24,Away,NOP,MEM,L,4.0,126,45,83,14,34,35,30,6,3,13,2024-25
3770,2025-01-24,Home,MEM,NOP,W,2.0,139,56,101,19,42,43,38,8,4,13,2024-25
3771,2025-01-24,Home,CHA,POR,L,2.0,97,32,85,9,31,46,20,9,6,16,2024-25
3772,2025-01-24,Away,POR,CHA,W,1.0,102,32,79,11,38,47,17,12,6,17,2024-25
3773,2025-01-24,Home,PHI,CLE,W,3.0,132,44,87,21,39,43,23,9,6,18,2024-25
3774,2025-01-24,Away,CLE,PHI,L,2.0,129,45,90,25,52,37,30,10,5,16,2024-25
3775,2025-01-25,Home,CHI,PHI,L,2.0,97,36,85,12,38,54,24,6,3,20,2024-25
3776,2025-01-25,Away,BOS,DAL,W,2.0,122,44,103,20,52,51,33,4,5,5,2024-25
3777,2025-01-25,Away,DET,ORL,L,3.0,113,40,86,10,25,41,22,11,5,16,2024-25
3778,2025-01-25,Away,LAL,GSW,W,2.0,118,47,86,10,29,42,29,8,2,13,2024-25
3779,2025-01-25,Home,DAL,BOS,L,2.0,107,39,88,8,22,49,18,2,8,13,2024-25
3780,2025-01-25,Home,MIN,DEN,W,3.0,133,53,95,14,30,45,38,14,4,16,2024-25
3781,2025-01-25,Away,MIL,LAC,L,2.0,117,37,79,13,35,42,24,2,5,13,2024-25
3782,2025-01-25,Home,ORL,DET,W,2.0,121,40,83,15,33,40,22,8,4,15,2024-25
3783,2025-01-25,Away,SAS,IND,L,2.0,98,35,85,11,32,44,22,9,5,24,2024-25
3784,2025-01-25,Home,NYK,SAC,W,4.0,143,52,105,17,36,53,40,9,4,11,2024-25
3785,2025-01-25,Home,MEM,UTA,W,1.0,125,43,84,14,38,45,28,10,9,17,2024-25
3786,2025-01-25,Home,CHA,NOP,W,1.0,123,42,84,21,50,48,28,11,5,15,2024-25
3787,2025-01-25,Away,SAC,NYK,L,2.0,120,46,95,14,36,38,33,5,5,12,2024-25
3788,2025-01-25,Home,BKN,MIA,L,3.0,97,30,80,14,40,35,23,11,5,15,2024-25
3789,2025-01-25,Away,DEN,MIN,L,2.0,104,43,88,11,32,36,32,7,3,20,2024-25
3790,2025-01-25,Home,ATL,TOR,L,2.0,94,33,84,11,37,43,28,14,5,24,2024-25
3791,2025-01-25,Home,PHX,WAS,W,3.0,119,40,90,13,40,53,23,4,4,11,2024-25
3792,2025-01-25,Away,TOR,ATL,W,2.0,117,42,90,11,30,51,31,11,7,21,2024-25
3793,2025-01-25,Home,LAC,MIL,W,2.0,127,44,97,11,34,47,19,8,3,7,2024-25
3794,2025-01-25,Home,CLE,HOU,L,1.0,131,47,91,17,39,40,28,4,5,11,2024-25
3795,2025-01-25,Home,GSW,LAL,L,2.0,108,41,89,16,46,38,30,10,0,14,2024-25
3796,2025-01-25,Away,HOU,CLE,W,3.0,135,45,82,13,28,45,26,5,4,11,2024-25
3797,2025-01-25,Away,PHI,CHI,W,1.0,109,42,92,13,45,40,23,10,4,10,2024-25
3798,2025-01-25,Away,MIA,BKN,W,2.0,106,35,79,13,28,51,22,9,6,22,2024-25
3799,2025-01-25,Away,NOP,CHA,L,1.0,92,32,84,8,31,39,21,8,5,13,2024-25
3800,2025-01-25,Away,WAS,PHX,L,2.0,109,42,90,18,41,37,28,8,5,8,2024-25
3801,2025-01-25,Away,UTA,MEM,L,3.0,103,39,92,12,47,40,27,8,5,17,2024-25
3802,2025-01-25,Away,IND,SAS,W,2.0,136,53,102,17,39,50,32,14,9,10,2024-25
3803,2025-01-26,Away,OKC,POR,W,3.0,118,42,89,10,30,43,24,7,3,9,2024-25
3804,2025-01-26,Home,POR,OKC,L,2.0,108,33,81,18,40,44,21,2,6,15,2024-25
3805,2025-01-27,Away,DET,CLE,L,2.0,91,37,96,10,36,45,24,6,4,10,2024-25
3806,2025-01-27,Away,WAS,DAL,L,2.0,108,42,101,11,37,45,23,5,3,11,2024-25
3807,2025-01-27,Away,MEM,NYK,L,2.0,106,41,91,9,24,47,21,5,9,26,2024-25
3808,2025-01-27,Home,BKN,SAC,L,2.0,96,30,82,10,36,39,19,9,3,16,2024-25
3809,2025-01-27,Home,NYK,MEM,W,2.0,143,56,108,17,44,46,32,20,7,11,2024-25
3810,2025-01-27,Home,TOR,NOP,W,2.0,113,43,100,9,33,54,31,8,5,13,2024-25
3811,2025-01-27,Away,ORL,MIA,L,2.0,119,45,98,14,39,47,32,9,4,15,2024-25
3812,2025-01-27,Away,HOU,BOS,W,2.0,114,41,92,17,41,39,29,7,1,8,2024-25
3813,2025-01-27,Away,SAC,BKN,W,2.0,110,45,82,9,28,44,31,7,4,18,2024-25
3814,2025-01-27,Away,MIL,UTA,W,2.0,125,52,86,12,34,46,33,6,5,12,2024-25
3815,2025-01-27,Home,BOS,HOU,L,2.0,112,39,80,15,39,41,21,4,4,15,2024-25
3816,2025-01-27,Home,MIA,ORL,W,2.0,125,48,92,15,41,43,34,9,2,18,2024-25
3817,2025-01-27,Home,MIN,ATL,W,2.0,100,34,86,12,40,51,18,13,4,18,2024-25
3818,2025-01-27,Home,CHA,LAL,L,2.0,107,39,87,14,36,34,26,11,3,14,2024-25
3819,2025-01-27,Home,DAL,WAS,W,2.0,130,49,92,20,45,51,39,5,7,12,2024-25
3820,2025-01-27,Home,CLE,DET,W,2.0,110,40,91,12,44,53,28,5,4,10,2024-25
3821,2025-01-27,Away,ATL,MIN,L,2.0,92,34,86,12,43,51,24,10,3,22,2024-25
3822,2025-01-27,Away,LAL,CHA,W,2.0,112,44,86,6,28,48,22,9,5,19,2024-25
3823,2025-01-27,Home,CHI,DEN,W,2.0,129,49,98,24,53,47,35,11,5,17,2024-25
3824,2025-01-27,Away,DEN,CHI,L,2.0,121,52,100,6,27,42,36,13,5,15,2024-25
3825,2025-01-27,Home,UTA,MIL,L,2.0,110,41,100,18,54,46,28,8,1,11,2024-25
3826,2025-01-27,Away,NOP,TOR,L,2.0,104,39,89,6,28,46,21,9,11,13,2024-25
3827,2025-01-27,Away,LAC,PHX,L,2.0,109,41,83,10,32,42,22,12,5,15,2024-25
3828,2025-01-27,Home,PHX,LAC,W,2.0,111,40,85,22,47,39,23,10,5,17,2024-25
3829,2025-01-28,Away,UTA,GSW,L,1.0,103,39,76,8,26,39,30,4,6,15,2024-25
3830,2025-01-28,Home,POR,MIL,W,2.0,125,45,88,12,28,52,26,6,2,15,2024-25
3831,2025-01-28,Away,MIL,POR,L,1.0,112,44,87,11,35,36,26,8,2,11,2024-25
3832,2025-01-28,Away,HOU,ATL,W,1.0,100,37,79,7,30,44,19,12,4,21,2024-25
3833,2025-01-28,Away,LAL,PHI,L,1.0,104,37,72,10,33,39,25,5,3,22,2024-25
3834,2025-01-28,Home,ATL,HOU,L,1.0,96,36,89,11,47,40,19,11,5,18,2024-25
3835,2025-01-28,Home,GSW,UTA,W,3.0,114,36,92,17,49,47,29,8,4,9,2024-25
3836,2025-01-28,Home,PHI,LAL,W,3.0,118,43,91,11,34,43,20,14,4,9,2024-25
3837,2025-01-29,Home,WAS,TOR,L,2.0,82,28,72,5,30,43,17,6,5,27,2024-25
3838,2025-01-29,Away,BKN,CHA,W,2.0,104,39,80,10,32,40,27,11,8,11,2024-25
3839,2025-01-29,Home,NYK,DEN,W,2.0,122,48,93,14,34,35,33,7,2,6,2024-25
3840,2025-01-29,Away,MIN,PHX,W,2.0,121,42,75,13,29,34,26,8,6,16,2024-25
3841,2025-01-29,Home,NOP,DAL,L,2.0,136,51,96,15,31,36,31,13,6,8,2024-25
3842,2025-01-29,Home,BOS,CHI,W,2.0,122,41,87,18,44,45,32,9,3,9,2024-25
3843,2025-01-29,Home,IND,DET,W,4.0,133,46,81,19,38,36,28,7,5,13,2024-25
3844,2025-01-29,Away,LAC,SAS,W,2.0,128,48,91,12,24,57,26,7,3,17,2024-25
3845,2025-01-29,Away,OKC,GSW,L,3.0,109,40,99,9,39,50,21,8,3,14,2024-25
3846,2025-01-29,Away,DET,IND,L,2.0,119,44,89,12,34,41,26,7,3,15,2024-25
3847,2025-01-29,Away,CHI,BOS,L,2.0,100,37,92,15,49,47,28,3,7,15,2024-25
3848,2025-01-29,Away,TOR,WAS,W,2.0,106,42,88,11,31,36,31,12,3,14,2024-25
3849,2025-01-29,Home,MIA,CLE,L,2.0,106,39,83,15,43,35,27,4,4,14,2024-25
3850,2025-01-29,Away,CLE,MIA,W,2.0,126,54,100,13,42,47,29,10,2,7,2024-25
3851,2025-01-29,Away,DEN,NYK,L,2.0,112,41,84,10,28,47,21,3,5,14,2024-25
3852,2025-01-29,Away,SAC,PHI,L,2.0,104,40,90,10,41,46,34,5,1,12,2024-25
3853,2025-01-29,Home,GSW,OKC,W,1.0,116,40,81,13,38,42,30,6,7,15,2024-25
3854,2025-01-29,Home,SAS,LAC,L,4.0,116,42,87,14,42,30,27,11,5,10,2024-25
3855,2025-01-29,Home,PHX,MIN,L,2.0,113,43,85,12,32,36,30,7,6,16,2024-25
3856,2025-01-29,Away,DAL,NOP,W,2.0,137,52,96,20,43,51,30,6,6,19,2024-25
3857,2025-01-29,Home,CHA,BKN,L,2.0,83,28,83,10,35,52,18,6,7,17,2024-25
3858,2025-01-29,Home,PHI,SAC,W,1.0,117,43,82,12,29,35,30,8,1,10,2024-25
3859,2025-01-30,Away,MIN,UTA,W,1.0,138,49,82,21,38,39,38,5,9,13,2024-25
3860,2025-01-30,Home,MEM,HOU,W,3.0,120,48,93,9,28,37,23,7,6,11,2024-25
3861,2025-01-30,Away,LAL,WAS,W,2.0,134,49,90,15,32,48,31,9,6,11,2024-25
3862,2025-01-30,Home,WAS,LAL,L,1.0,96,29,91,10,44,38,18,4,6,15,2024-25
3863,2025-01-30,Home,UTA,MIN,L,2.0,113,39,77,14,34,23,21,6,4,15,2024-25
3864,2025-01-30,Away,ATL,CLE,L,2.0,115,41,90,13,39,36,28,10,1,11,2024-25
3865,2025-01-30,Home,CLE,ATL,W,1.0,137,53,91,13,39,49,34,9,3,12,2024-25
3866,2025-01-30,Away,ORL,POR,L,3.0,90,34,81,5,26,33,14,8,6,16,2024-25
3867,2025-01-30,Away,HOU,MEM,L,2.0,119,42,97,13,32,45,22,6,5,12,2024-25
3868,2025-01-30,Home,POR,ORL,W,2.0,119,41,78,12,25,38,23,7,5,14,2024-25
3869,2025-01-31,Home,DET,DAL,W,2.0,117,47,106,9,35,47,18,13,6,7,2024-25
3870,2025-01-31,Away,DAL,DET,L,2.0,102,37,87,11,33,46,20,4,13,18,2024-25
3871,2025-01-31,Away,DEN,PHI,W,2.0,137,54,82,12,23,35,39,7,2,19,2024-25
3872,2025-01-31,Home,SAS,MIL,W,2.0,144,50,102,24,50,53,37,7,11,6,2024-25
3873,2025-01-31,Home,CHA,LAC,L,2.0,104,42,96,7,30,42,18,11,3,9,2024-25
3874,2025-01-31,Away,PHX,GSW,W,2.0,130,50,89,19,39,48,41,7,7,15,2024-25
3875,2025-01-31,Away,LAC,CHA,W,2.0,112,44,81,11,28,45,26,7,4,18,2024-25
3876,2025-01-31,Away,BOS,NOP,W,2.0,118,42,84,16,41,35,32,12,7,13,2024-25
3877,2025-01-31,Home,GSW,PHX,L,2.0,105,36,96,16,44,49,26,11,6,12,2024-25
3878,2025-01-31,Home,NOP,BOS,L,2.0,116,44,90,15,37,48,16,7,2,20,2024-25
3879,2025-01-31,Away,MIL,SAS,L,3.0,118,43,100,12,37,47,24,3,8,10,2024-25
3880,2025-01-31,Away,CHI,TOR,W,2.0,122,45,89,18,40,52,34,4,9,11,2024-25
3881,2025-01-31,Home,PHI,DEN,L,2.0,134,50,90,21,40,27,29,12,3,14,2024-25
3882,2025-01-31,Home,TOR,CHI,L,2.0,106,39,92,10,30,44,27,6,8,7,2024-25
3883,2025-02-01,Home,NYK,LAL,L,3.0,112,44,95,10,28,44,33,7,3,14,2024-25
3884,2025-02-01,Home,SAS,MIA,L,1.0,103,38,91,12,36,48,27,8,3,11,2024-25
3885,2025-02-01,Home,IND,ATL,W,3.0,132,49,90,12,33,41,35,6,5,12,2024-25
3886,2025-02-01,Away,BKN,HOU,W,3.0,110,43,87,10,27,46,24,5,8,11,2024-25
3887,2025-02-01,Away,SAC,OKC,L,3.0,110,40,100,11,44,37,25,8,5,8,2024-25
3888,2025-02-01,Away,PHX,POR,L,1.0,108,38,84,10,33,37,21,5,2,19,2024-25
3889,2025-02-01,Home,CHA,DEN,L,1.0,104,41,95,9,26,51,31,5,6,12,2024-25
3890,2025-02-01,Home,MIN,WAS,L,2.0,103,38,93,12,40,47,29,10,3,16,2024-25
3891,2025-02-01,Away,DEN,CHA,W,1.0,107,41,88,7,37,43,29,9,9,11,2024-25
3892,2025-02-01,Away,ATL,IND,L,2.0,127,45,90,14,37,44,31,6,4,13,2024-25
3893,2025-02-01,Home,UTA,ORL,W,2.0,113,39,84,14,35,51,26,5,7,16,2024-25
3894,2025-02-01,Away,WAS,MIN,W,2.0,105,38,83,15,33,44,26,7,6,17,2024-25
3895,2025-02-01,Away,MIA,SAS,W,3.0,105,41,89,13,42,52,30,7,5,14,2024-25
3896,2025-02-01,Away,ORL,UTA,L,2.0,99,30,91,9,41,43,19,9,7,8,2024-25
3897,2025-02-01,Away,LAL,NYK,W,2.0,128,47,81,19,40,37,26,9,4,15,2024-25
3898,2025-02-01,Home,OKC,SAC,W,3.0,144,57,107,19,46,70,37,5,6,12,2024-25
3899,2025-02-01,Home,POR,PHX,W,2.0,127,46,89,9,31,43,24,11,5,10,2024-25
3900,2025-02-01,Home,HOU,BKN,L,2.0,98,38,95,12,39,44,18,6,6,11,2024-25
3901,2025-02-02,Away,LAC,TOR,L,2.0,108,41,88,9,28,41,21,6,7,10,2024-25
3902,2025-02-02,Home,PHI,BOS,L,2.0,110,37,82,15,32,46,20,7,2,10,2024-25
3903,2025-02-02,Home,DET,CHI,W,2.0,127,54,99,10,30,42,38,14,5,11,2024-25
3904,2025-02-02,Away,MEM,MIL,W,3.0,132,52,107,14,39,61,37,9,5,12,2024-25
3905,2025-02-02,Home,CLE,DAL,W,3.0,144,53,93,26,45,51,39,7,8,9,2024-25
3906,2025-02-02,Home,MIL,MEM,L,2.0,119,44,91,20,45,36,32,7,5,13,2024-25
3907,2025-02-02,Home,TOR,LAC,W,2.0,115,44,85,13,25,43,31,6,6,14,2024-25
3908,2025-02-02,Away,CHI,DET,L,2.0,119,41,89,19,52,44,28,7,4,20,2024-25
3909,2025-02-02,Away,DAL,CLE,L,2.0,101,40,103,9,43,45,22,6,3,9,2024-25
3910,2025-02-02,Away,BOS,PHI,W,2.0,118,42,84,21,49,38,34,3,8,9,2024-25
3911,2025-02-03,Away,NOP,DEN,L,3.0,113,38,88,18,38,41,27,5,4,10,2024-25
3912,2025-02-03,Home,GSW,ORL,W,3.0,104,34,78,12,39,44,25,9,0,13,2024-25
3913,2025-02-03,Home,DEN,NOP,W,2.0,125,46,92,12,33,46,28,7,6,6,2024-25
3914,2025-02-03,Away,WAS,CHA,W,2.0,124,44,99,17,51,54,29,6,5,11,2024-25
3915,2025-02-03,Home,CHA,WAS,L,2.0,114,39,89,11,29,46,26,4,1,11,2024-25
3916,2025-02-03,Away,MIL,OKC,L,1.0,96,35,93,13,39,37,24,12,3,15,2024-25
3917,2025-02-03,Away,SAS,MEM,L,2.0,109,41,91,12,36,48,31,8,2,23,2024-25
3918,2025-02-03,Away,PHX,POR,L,2.0,119,40,85,15,42,43,28,12,5,15,2024-25
3919,2025-02-03,Home,NYK,HOU,W,2.0,124,47,93,6,26,40,24,9,5,14,2024-25
3920,2025-02-03,Away,HOU,NYK,L,2.0,118,48,104,8,28,50,27,8,6,17,2024-25
3921,2025-02-03,Away,ATL,DET,W,2.0,132,42,81,16,37,37,27,8,7,14,2024-25
3922,2025-02-03,Home,UTA,IND,L,2.0,111,39,91,13,37,60,31,5,4,19,2024-25
3923,2025-02-03,Away,SAC,MIN,W,2.0,116,45,92,10,24,47,23,7,6,12,2024-25
3924,2025-02-03,Home,MIN,SAC,L,2.0,114,43,94,12,40,36,28,5,8,8,2024-25
3925,2025-02-03,Home,MEM,SAS,W,1.0,128,48,99,14,36,47,33,17,5,15,2024-25
3926,2025-02-03,Home,DET,ATL,L,1.0,130,43,83,9,27,41,31,7,2,14,2024-25
3927,2025-02-03,Home,POR,PHX,W,2.0,121,40,89,16,40,48,30,6,2,13,2024-25
3928,2025-02-03,Away,IND,UTA,W,2.0,112,43,91,10,42,37,32,13,10,9,2024-25
3929,2025-02-03,Home,OKC,MIL,W,2.0,125,51,99,16,41,55,28,9,5,17,2024-25
3930,2025-02-03,Away,ORL,GSW,L,2.0,99,43,99,8,32,52,23,8,2,12,2024-25
3931,2025-02-04,Away,LAL,LAC,W,3.0,122,45,81,18,37,50,33,7,3,15,2024-25
3932,2025-02-04,Home,CHI,MIA,W,2.0,133,48,91,19,41,43,35,4,3,10,2024-25
3933,2025-02-04,Home,LAC,LAL,L,2.0,97,34,89,12,41,36,30,9,5,10,2024-25
3934,2025-02-04,Home,POR,IND,W,1.0,112,41,92,14,37,51,23,8,4,19,2024-25
3935,2025-02-04,Home,TOR,NYK,L,2.0,115,43,82,11,29,34,27,7,4,14,2024-25
3936,2025-02-04,Home,CLE,BOS,L,2.0,105,36,91,11,39,51,18,6,1,13,2024-25
3937,2025-02-04,Away,HOU,BKN,L,1.0,97,34,83,11,32,45,23,6,6,18,2024-25
3938,2025-02-04,Home,BKN,HOU,W,3.0,99,38,82,10,27,39,26,10,9,14,2024-25
3939,2025-02-04,Away,NYK,TOR,W,1.0,121,47,94,8,25,43,26,10,4,13,2024-25
3940,2025-02-04,Home,PHI,DAL,W,2.0,118,47,86,11,33,34,37,5,4,13,2024-25
3941,2025-02-04,Away,BOS,CLE,W,2.0,112,40,98,17,48,53,26,10,6,12,2024-25
3942,2025-02-04,Away,IND,POR,L,1.0,89,34,81,5,24,39,25,11,6,19,2024-25
3943,2025-02-04,Away,DAL,PHI,L,2.0,116,40,85,11,33,44,24,8,4,12,2024-25
3944,2025-02-04,Away,MIA,CHI,L,3.0,124,43,90,17,44,44,29,4,3,14,2024-25
3945,2025-02-05,Away,WAS,BKN,W,2.0,119,44,81,20,43,40,40,6,3,15,2024-25
3946,2025-02-05,Home,OKC,PHX,W,2.0,140,52,102,12,42,46,24,15,4,6,2024-25
3947,2025-02-05,Home,MIN,CHI,W,2.0,127,42,98,20,47,59,27,6,8,11,2024-25
3948,2025-02-05,Home,ATL,SAS,L,2.0,125,48,91,16,42,45,33,5,5,20,2024-25
3949,2025-02-05,Away,GSW,UTA,L,2.0,128,46,100,17,48,41,33,6,4,9,2024-25
3950,2025-02-05,Home,BKN,WAS,L,1.0,102,36,83,13,38,37,26,7,3,10,2024-25
3951,2025-02-05,Away,MIL,CHA,W,2.0,112,41,81,18,42,44,26,6,4,11,2024-25
3952,2025-02-05,Home,DET,CLE,L,2.0,115,39,98,12,37,45,22,13,5,12,2024-25
3953,2025-02-05,Away,MEM,TOR,W,2.0,138,47,89,16,38,61,22,7,5,18,2024-25
3954,2025-02-05,Home,SAC,ORL,L,2.0,111,40,80,10,27,37,23,6,4,19,2024-25
3955,2025-02-05,Home,UTA,GSW,W,2.0,131,48,92,13,37,48,30,5,5,13,2024-25
3956,2025-02-05,Home,PHI,MIA,L,1.0,101,37,96,12,40,39,22,14,4,5,2024-25
3957,2025-02-05,Away,SAS,ATL,W,2.0,126,51,101,12,37,41,36,16,3,10,2024-25
3958,2025-02-05,Away,NOP,DEN,L,2.0,119,43,93,10,29,38,26,5,3,11,2024-25
3959,2025-02-05,Home,CHA,MIL,L,2.0,102,38,88,11,34,41,21,4,1,8,2024-25
3960,2025-02-05,Home,DEN,NOP,W,2.0,144,57,100,16,43,51,40,9,4,9,2024-25
3961,2025-02-05,Away,ORL,SAC,W,2.0,130,50,88,16,31,35,30,8,3,11,2024-25
3962,2025-02-05,Away,MIA,PHI,W,1.0,108,39,83,14,34,54,25,3,4,22,2024-25
3963,2025-02-05,Away,PHX,OKC,L,2.0,109,33,70,14,36,35,24,3,2,22,2024-25
3964,2025-02-05,Away,CHI,MIN,L,1.0,108,40,83,12,36,34,25,9,5,11,2024-25
3965,2025-02-05,Away,CLE,DET,W,1.0,118,41,85,16,38,46,28,6,7,24,2024-25
3966,2025-02-05,Home,TOR,MEM,L,1.0,107,39,98,12,42,34,28,11,3,10,2024-25
3967,2025-02-06,Away,HOU,MIN,L,2.0,114,41,84,12,31,39,26,12,7,12,2024-25
3968,2025-02-06,Away,GSW,LAL,L,1.0,112,41,101,16,53,40,29,8,2,12,2024-25
3969,2025-02-06,Away,IND,LAC,W,2.0,119,43,95,13,39,46,31,13,3,8,2024-25
3970,2025-02-06,Home,MIN,HOU,W,1.0,127,45,94,16,39,47,23,5,6,13,2024-25
3971,2025-02-06,Home,LAC,IND,L,2.0,112,41,88,17,40,48,25,5,4,19,2024-25
3972,2025-02-06,Away,DAL,BOS,W,2.0,127,49,88,15,33,35,32,9,4,11,2024-25
3973,2025-02-06,Away,SAC,POR,L,1.0,102,37,88,10,30,47,21,8,6,11,2024-25
3974,2025-02-06,Home,POR,SAC,W,2.0,108,39,90,16,40,47,25,5,7,13,2024-25
3975,2025-02-06,Home,LAL,GSW,W,2.0,120,39,78,13,35,47,26,9,5,14,2024-25
3976,2025-02-06,Home,DEN,ORL,W,1.0,112,44,83,12,30,52,33,7,4,20,2024-25
3977,2025-02-06,Away,ORL,DEN,L,1.0,90,31,84,5,31,40,21,10,8,14,2024-25
3978,2025-02-06,Home,BOS,DAL,L,2.0,120,46,89,16,37,40,30,2,6,14,2024-25
3979,2025-02-07,Away,TOR,OKC,L,2.0,109,39,91,19,41,42,31,9,6,12,2024-25
3980,2025-02-07,Away,PHI,DET,L,2.0,112,41,83,13,31,38,26,7,7,13,2024-25
3981,2025-02-07,Away,UTA,PHX,L,2.0,127,48,117,13,48,63,29,5,7,12,2024-25
3982,2025-02-07,Home,BKN,MIA,W,2.0,102,39,93,10,37,57,17,8,13,14,2024-25
3983,2025-02-07,Home,WAS,CLE,L,2.0,124,46,94,16,44,40,25,8,2,15,2024-25
3984,2025-02-07,Away,SAS,CHA,L,2.0,116,42,92,12,39,38,25,8,5,8,2024-25
3985,2025-02-07,Away,CLE,WAS,W,2.0,134,48,94,16,38,46,32,9,3,14,2024-25
3986,2025-02-07,Away,MIL,ATL,L,2.0,110,41,96,19,50,43,28,5,3,10,2024-25
3987,2025-02-07,Away,MIA,BKN,L,2.0,86,32,90,12,40,39,23,9,5,14,2024-25
3988,2025-02-07,Home,PHX,UTA,W,2.0,135,47,104,22,56,49,31,6,15,8,2024-25
3989,2025-02-07,Home,DET,PHI,W,2.0,125,44,97,17,44,56,32,7,4,15,2024-25
3990,2025-02-07,Home,OKC,TOR,W,2.0,121,43,84,9,31,44,26,10,7,12,2024-25
3991,2025-02-07,Home,CHA,SAS,W,2.0,117,47,101,17,38,53,33,4,4,11,2024-25
3992,2025-02-07,Home,ATL,MIL,W,2.0,115,45,92,13,36,52,29,6,6,11,2024-25
3993,2025-02-08,Away,SAS,ORL,L,1.0,111,41,77,13,30,34,27,10,7,14,2024-25
3994,2025-02-08,Home,PHX,DEN,L,1.0,105,38,98,17,50,43,25,5,6,6,2024-25
3995,2025-02-08,Away,UTA,LAC,L,1.0,110,39,83,17,43,38,26,7,4,20,2024-25
3996,2025-02-08,Away,POR,MIN,L,2.0,98,37,92,7,35,45,18,11,6,17,2024-25
3997,2025-02-08,Home,SAC,NOP,W,2.0,123,43,91,11,41,51,24,10,7,18,2024-25
3998,2025-02-08,Home,NYK,BOS,L,4.0,104,35,83,9,24,30,16,9,1,9,2024-25
3999,2025-02-08,Home,ORL,SAS,W,2.0,112,45,88,10,30,45,19,10,1,15,2024-25
4000,2025-02-08,Away,OKC,MEM,W,1.0,125,45,105,18,42,55,29,5,5,9,2024-25
4001,2025-02-08,Home,WAS,ATL,L,1.0,111,41,93,9,36,53,26,6,2,18,2024-25
4002,2025-02-08,Away,BOS,NYK,W,2.0,131,46,85,19,39,48,21,6,7,11,2024-25
4003,2025-02-08,Away,NOP,SAC,L,3.0,118,43,90,14,36,39,27,12,8,16,2024-25
4004,2025-02-08,Home,LAC,UTA,W,2.0,130,51,88,11,26,37,36,8,2,15,2024-25
4005,2025-02-08,Away,IND,LAL,L,2.0,117,37,87,12,38,38,27,10,2,11,2024-25
4006,2025-02-08,Home,CHI,GSW,L,3.0,111,35,79,17,39,31,24,8,4,17,2024-25
4007,2025-02-08,Away,HOU,DAL,L,2.0,105,40,100,8,28,48,21,2,5,9,2024-25
4008,2025-02-08,Home,MEM,OKC,L,3.0,112,36,81,12,28,40,21,7,9,13,2024-25
4009,2025-02-08,Away,GSW,CHI,W,2.0,132,45,90,19,48,44,34,8,7,15,2024-25
4010,2025-02-08,Home,MIN,POR,W,2.0,114,43,82,10,28,43,23,8,2,14,2024-25
4011,2025-02-08,Away,DEN,PHX,W,2.0,122,45,92,16,35,56,28,5,4,10,2024-25
4012,2025-02-08,Away,ATL,WAS,W,1.0,125,47,97,18,44,41,36,6,7,12,2024-25
4013,2025-02-08,Home,DAL,HOU,W,2.0,116,39,83,12,23,43,22,4,18,6,2024-25
4014,2025-02-08,Home,LAL,IND,W,2.0,124,46,88,11,33,46,29,6,3,15,2024-25
4015,2025-02-09,Away,CHA,DET,L,2.0,102,34,78,15,32,37,25,8,1,14,2024-25
4016,2025-02-09,Away,PHI,MIL,L,2.0,127,47,89,18,45,42,28,9,5,14,2024-25
4017,2025-02-09,Away,TOR,HOU,L,2.0,87,33,90,8,42,48,19,5,6,10,2024-25
4018,2025-02-09,Home,DET,CHA,W,2.0,112,44,90,11,37,46,31,11,1,11,2024-25
4019,2025-02-09,Home,MIL,PHI,W,2.0,135,46,105,24,55,53,29,7,3,12,2024-25
4020,2025-02-09,Home,HOU,TOR,W,1.0,94,31,86,10,38,58,17,8,3,15,2024-25
4021,2025-02-10,Home,WAS,SAS,L,2.0,121,45,93,14,47,42,26,5,3,14,2024-25
4022,2025-02-10,Home,DAL,SAC,L,2.0,128,49,95,15,37,33,31,11,4,13,2024-25
4023,2025-02-10,Home,OKC,NOP,W,2.0,137,49,95,27,55,45,29,15,8,11,2024-25
4024,2025-02-10,Home,BKN,CHA,W,3.0,97,37,93,10,42,47,24,10,6,17,2024-25
4025,2025-02-10,Home,LAL,UTA,W,2.0,132,50,92,15,42,44,28,11,2,13,2024-25
4026,2025-02-10,Home,MIA,BOS,L,3.0,85,31,92,11,45,51,21,2,2,4,2024-25
4027,2025-02-10,Away,CHA,BKN,L,1.0,89,32,78,6,31,40,18,7,7,18,2024-25
4028,2025-02-10,Away,UTA,LAL,L,2.0,113,39,84,12,40,39,29,6,3,19,2024-25
4029,2025-02-10,Away,NOP,OKC,L,2.0,101,36,82,10,27,42,19,4,4,23,2024-25
4030,2025-02-10,Home,ORL,ATL,L,2.0,106,37,78,12,30,36,22,10,8,18,2024-25
4031,2025-02-10,Home,DEN,POR,W,2.0,146,60,91,8,25,38,44,12,2,10,2024-25
4032,2025-02-10,Away,ATL,ORL,W,2.0,112,38,77,12,32,39,29,10,3,17,2024-25
4033,2025-02-10,Away,BOS,MIA,W,2.0,103,39,85,17,53,52,24,4,5,8,2024-25
4034,2025-02-10,Away,SAC,DAL,W,2.0,129,53,96,9,26,50,28,3,3,21,2024-25
4035,2025-02-10,Home,MIL,GSW,L,1.0,111,38,76,10,33,37,18,5,4,20,2024-25
4036,2025-02-10,Away,POR,DEN,L,2.0,117,40,88,15,37,33,25,4,4,16,2024-25
4037,2025-02-10,Away,GSW,MIL,W,2.0,125,41,93,13,45,48,27,16,2,9,2024-25
4038,2025-02-10,Away,MIN,CLE,L,2.0,107,36,90,12,39,41,17,10,6,16,2024-25
4039,2025-02-10,Home,CLE,MIN,W,3.0,128,48,94,17,43,49,27,10,5,17,2024-25
4040,2025-02-10,Away,SAS,WAS,W,2.0,131,45,88,17,38,43,28,11,4,12,2024-25
4041,2025-02-11,Away,TOR,PHI,W,2.0,106,38,82,11,33,49,23,8,4,19,2024-25
4042,2025-02-11,Away,NYK,IND,W,3.0,128,49,91,10,27,48,37,6,2,16,2024-25
4043,2025-02-11,Home,PHX,MEM,L,3.0,112,41,92,12,44,42,35,8,9,12,2024-25
4044,2025-02-11,Away,MEM,PHX,W,3.0,119,43,100,12,39,60,22,8,3,13,2024-25
4045,2025-02-11,Home,CHI,DET,L,3.0,92,35,100,10,47,44,22,9,2,16,2024-25
4046,2025-02-11,Home,PHI,TOR,L,2.0,103,37,91,9,38,46,22,10,2,14,2024-25
4047,2025-02-11,Away,DET,CHI,W,2.0,132,51,96,18,41,55,30,10,8,15,2024-25
4048,2025-02-11,Home,IND,NYK,L,3.0,115,43,89,9,31,36,32,8,3,10,2024-25
4049,2025-02-12,Away,SAS,BOS,L,2.0,103,42,96,9,39,38,30,9,2,8,2024-25
4050,2025-02-12,Home,UTA,LAL,W,2.0,131,45,86,15,41,48,30,10,8,12,2024-25
4051,2025-02-12,Away,CHA,ORL,L,2.0,86,32,81,8,26,43,21,4,4,12,2024-25
4052,2025-02-12,Home,BOS,SAS,W,2.0,116,42,91,18,55,56,25,3,5,17,2024-25
4053,2025-02-12,Away,MEM,LAC,L,1.0,114,44,89,18,36,40,24,5,4,22,2024-25
4054,2025-02-12,Away,MIL,MIN,W,2.0,103,39,88,12,30,48,24,7,1,13,2024-25
4055,2025-02-12,Home,ORL,CHA,W,2.0,102,37,90,14,43,52,22,4,9,11,2024-25
4056,2025-02-12,Home,NYK,ATL,W,1.0,149,54,94,11,26,39,28,6,5,18,2024-25
4057,2025-02-12,Away,GSW,DAL,L,2.0,107,41,96,10,35,50,29,9,6,16,2024-25
4058,2025-02-12,Away,CLE,TOR,W,2.0,131,48,99,18,53,53,34,11,4,13,2024-25
4059,2025-02-12,Away,PHX,HOU,L,1.0,111,46,89,10,26,43,25,7,5,18,2024-25
4060,2025-02-12,Home,NOP,SAC,L,2.0,111,44,94,8,32,40,28,7,5,9,2024-25
4061,2025-02-12,Away,ATL,NYK,L,2.0,148,55,110,14,38,47,43,12,10,14,2024-25
4062,2025-02-12,Away,SAC,NOP,W,2.0,119,41,87,16,45,48,28,4,7,11,2024-25
4063,2025-02-12,Home,OKC,MIA,W,2.0,115,43,88,15,39,41,22,10,3,13,2024-25
4064,2025-02-12,Away,POR,DEN,L,2.0,121,43,94,14,38,45,27,7,6,12,2024-25
4065,2025-02-12,Away,IND,WAS,W,1.0,134,50,107,16,35,42,38,7,5,9,2024-25
4066,2025-02-12,Away,PHI,BKN,L,1.0,96,35,81,8,33,38,25,10,9,15,2024-25
4067,2025-02-12,Home,DEN,POR,W,2.0,132,49,96,15,38,49,26,9,7,14,2024-25
4068,2025-02-12,Home,LAC,MEM,W,4.0,128,47,93,13,35,46,29,17,2,17,2024-25
4069,2025-02-12,Home,MIN,MIL,L,2.0,101,39,103,10,44,59,27,4,6,14,2024-25
4070,2025-02-12,Home,CHI,DET,L,1.0,110,37,86,9,41,37,23,9,7,18,2024-25
4071,2025-02-12,Home,TOR,CLE,L,1.0,108,42,91,10,29,39,26,7,5,15,2024-25
4072,2025-02-12,Home,BKN,PHI,W,2.0,100,40,85,8,30,50,23,13,7,18,2024-25
4073,2025-02-12,Home,HOU,PHX,W,3.0,119,46,97,13,42,47,32,10,4,11,2024-25
4074,2025-02-12,Home,DAL,GSW,W,2.0,111,42,87,15,36,39,20,9,7,15,2024-25
4075,2025-02-12,Away,DET,CHI,W,1.0,128,45,88,10,25,47,30,8,6,17,2024-25
4076,2025-02-12,Away,LAL,UTA,L,2.0,119,41,92,20,50,45,31,5,3,14,2024-25
4077,2025-02-12,Away,MIA,OKC,L,2.0,101,36,79,11,34,45,24,7,5,16,2024-25
4078,2025-02-12,Home,WAS,IND,L,2.0,130,47,97,23,45,46,29,5,7,18,2024-25
4079,2025-02-13,Away,MIA,DAL,L,1.0,113,43,91,10,36,42,23,9,4,13,2024-25
4080,2025-02-13,Home,UTA,LAC,L,1.0,116,38,78,18,45,47,23,7,1,26,2024-25
4081,2025-02-13,Home,HOU,GSW,L,1.0,98,38,93,12,36,52,24,7,5,20,2024-25
4082,2025-02-13,Away,SAC,NOP,L,1.0,133,49,112,17,47,58,38,8,1,15,2024-25
4083,2025-02-13,Away,OKC,MIN,L,1.0,101,37,88,7,29,49,25,4,7,10,2024-25
4084,2025-02-13,Home,MIN,OKC,W,1.0,116,42,99,12,46,54,28,5,2,10,2024-25
4085,2025-02-13,Away,GSW,HOU,W,1.0,105,35,89,11,41,42,26,13,6,11,2024-25
4086,2025-02-13,Away,LAC,UTA,W,1.0,120,39,94,14,38,43,22,16,5,12,2024-25
4087,2025-02-13,Home,NOP,SAC,W,1.0,140,46,92,21,50,45,32,11,7,10,2024-25
4088,2025-02-13,Home,DAL,MIA,W,1.0,118,46,90,13,36,40,28,7,2,14,2024-25
4089,2025-02-19,Home,LAL,CHA,L,7.0,97,37,90,15,51,50,29,7,4,18,2024-25
4090,2025-02-19,Away,CHA,LAL,W,7.0,100,33,91,18,53,47,20,12,4,19,2024-25
4091,2025-02-20,Home,POR,LAL,L,8.0,102,38,86,12,37,33,27,16,7,17,2024-25
4092,2025-02-20,Away,MEM,IND,L,8.0,113,41,99,12,39,46,28,6,7,13,2024-25
4093,2025-02-20,Away,PHX,SAS,L,8.0,109,38,81,16,44,39,28,6,4,18,2024-25
4094,2025-02-20,Away,BOS,PHI,W,8.0,124,43,89,24,54,49,33,3,6,11,2024-25
4095,2025-02-20,Home,DEN,CHA,W,8.0,129,49,98,19,43,55,29,3,3,14,2024-25
4096,2025-02-20,Home,MIL,LAC,W,8.0,116,38,80,17,43,41,22,5,5,18,2024-25
4097,2025-02-20,Home,ATL,ORL,L,8.0,108,39,100,11,35,51,20,7,4,9,2024-25
4098,2025-02-20,Home,IND,MEM,W,8.0,127,46,91,17,45,46,29,6,12,11,2024-25
4099,2025-02-20,Home,PHI,BOS,L,8.0,104,40,93,8,39,44,23,7,0,10,2024-25
4100,2025-02-20,Away,LAC,MIL,L,7.0,110,41,88,12,30,43,28,14,7,14,2024-25
4101,2025-02-20,Away,LAL,POR,W,1.0,110,39,82,9,32,48,20,7,6,24,2024-25
4102,2025-02-20,Home,BKN,CLE,L,8.0,97,38,95,10,38,45,25,7,10,16,2024-25
4103,2025-02-20,Away,CLE,BKN,W,8.0,110,40,94,11,39,52,19,8,5,17,2024-25
4104,2025-02-20,Home,NYK,CHI,W,8.0,113,46,107,14,46,54,28,10,7,13,2024-25
4105,2025-02-20,Away,ORL,ATL,W,8.0,114,41,85,6,25,53,15,6,7,8,2024-25
4106,2025-02-20,Home,SAS,PHX,W,8.0,120,44,93,15,41,44,30,13,3,11,2024-25
4107,2025-02-20,Away,CHI,NYK,L,8.0,111,41,103,19,48,53,24,6,6,15,2024-25
4108,2025-02-20,Away,CHA,DEN,L,1.0,115,43,99,15,37,45,28,10,2,10,2024-25
4109,2025-02-21,Away,MIA,TOR,W,8.0,120,46,90,13,36,44,20,8,3,14,2024-25
4110,2025-02-21,Away,MIL,WAS,W,1.0,104,39,82,9,32,44,24,11,6,17,2024-25
4111,2025-02-21,Home,TOR,MIA,L,9.0,111,38,91,17,43,46,25,8,2,14,2024-25
4112,2025-02-21,Away,OKC,UTA,W,8.0,130,46,97,19,43,51,38,10,10,12,2024-25
4113,2025-02-21,Away,NYK,CLE,L,1.0,105,42,89,10,28,32,25,8,3,17,2024-25
4114,2025-02-21,Away,NOP,DAL,L,8.0,103,38,92,8,27,53,25,8,6,14,2024-25
4115,2025-02-21,Home,HOU,MIN,W,8.0,121,42,84,13,26,48,18,5,6,20,2024-25
4116,2025-02-21,Home,SAC,GSW,L,8.0,108,40,79,11,32,39,26,8,3,24,2024-25
4117,2025-02-21,Away,MIN,HOU,L,8.0,115,41,92,11,38,35,22,10,6,9,2024-25
4118,2025-02-21,Away,MEM,ORL,W,1.0,105,38,92,7,33,53,22,7,7,15,2024-25
4119,2025-02-21,Home,UTA,OKC,L,8.0,107,41,90,15,41,43,27,7,2,21,2024-25
4120,2025-02-21,Away,DET,SAS,W,9.0,125,47,94,12,35,53,31,8,5,16,2024-25
4121,2025-02-21,Home,WAS,MIL,L,9.0,101,35,87,12,39,42,25,9,4,14,2024-25
4122,2025-02-21,Home,DAL,NOP,W,8.0,111,37,86,16,44,47,28,8,4,14,2024-25
4123,2025-02-21,Home,SAS,DET,L,1.0,110,43,84,10,29,32,27,12,5,17,2024-25
4124,2025-02-21,Home,CLE,NYK,W,1.0,142,56,92,19,37,47,38,12,2,15,2024-25
4125,2025-02-21,Home,ORL,MEM,L,1.0,104,36,88,9,31,50,23,7,9,14,2024-25
4126,2025-02-21,Away,GSW,SAC,W,8.0,132,50,93,20,43,35,40,13,3,12,2024-25
4127,2025-02-22,Home,POR,CHA,W,2.0,141,51,87,20,43,57,37,11,7,19,2024-25
4128,2025-02-22,Away,BKN,PHI,W,2.0,105,41,81,7,28,39,27,10,8,16,2024-25
4129,2025-02-22,Home,PHI,BKN,L,2.0,103,36,85,10,39,43,21,8,5,13,2024-25
4130,2025-02-22,Home,DEN,LAL,L,2.0,100,34,85,16,41,45,28,6,1,22,2024-25
4131,2025-02-22,Away,LAL,DEN,W,2.0,123,43,86,16,41,39,27,15,9,9,2024-25
4132,2025-02-22,Away,CHA,POR,L,2.0,88,34,98,5,32,37,19,12,7,17,2024-25
4133,2025-02-22,Home,CHI,PHX,L,2.0,117,41,98,18,53,45,29,9,4,9,2024-25
4134,2025-02-22,Away,PHX,CHI,W,2.0,121,43,89,10,30,49,29,7,3,11,2024-25
4135,2025-02-22,Home,UTA,HOU,W,1.0,124,49,98,13,40,58,28,4,3,8,2024-25
4136,2025-02-22,Away,HOU,UTA,L,1.0,115,44,100,17,43,41,33,3,2,7,2024-25
4137,2025-02-23,Away,DAL,GSW,L,2.0,102,38,82,13,32,41,24,7,4,18,2024-25
4138,2025-02-23,Home,ORL,WAS,W,2.0,110,40,90,11,32,47,25,9,5,16,2024-25
4139,2025-02-23,Away,WAS,ORL,L,2.0,90,32,78,10,38,36,22,5,4,20,2024-25
4140,2025-02-23,Away,LAC,IND,L,3.0,111,38,85,10,40,32,23,9,3,11,2024-25
4141,2025-02-23,Away,SAS,NOP,L,2.0,96,32,97,15,51,46,29,11,7,10,2024-25
4142,2025-02-23,Home,TOR,PHX,W,2.0,127,43,88,20,35,49,30,6,1,14,2024-25
4143,2025-02-23,Away,OKC,MIN,W,2.0,130,48,86,19,35,37,32,9,8,13,2024-25
4144,2025-02-23,Away,MEM,CLE,L,2.0,123,42,92,15,39,37,28,8,5,14,2024-25
4145,2025-02-23,Home,IND,LAC,W,3.0,129,46,84,12,36,46,31,7,5,14,2024-25
4146,2025-02-23,Home,CLE,MEM,W,2.0,129,46,99,13,47,57,25,5,5,14,2024-25
4147,2025-02-23,Away,MIA,MIL,L,2.0,113,41,88,9,31,46,25,3,3,11,2024-25
4148,2025-02-23,Away,PHX,TOR,L,1.0,109,43,85,7,28,37,22,9,7,12,2024-25
4149,2025-02-23,Home,GSW,DAL,W,2.0,126,47,98,12,40,54,30,10,6,10,2024-25
4150,2025-02-23,Home,ATL,DET,L,3.0,143,48,96,21,45,40,30,8,6,13,2024-25
4151,2025-02-23,Away,NYK,BOS,L,2.0,105,40,92,14,36,40,21,4,1,11,2024-25
4152,2025-02-23,Home,BOS,NYK,W,3.0,118,45,91,17,44,49,27,8,5,12,2024-25
4153,2025-02-23,Away,DET,ATL,W,2.0,148,55,93,20,40,37,39,9,5,19,2024-25
4154,2025-02-23,Home,MIL,MIA,W,2.0,120,44,86,14,39,40,25,4,3,9,2024-25
4155,2025-02-23,Home,MIN,OKC,L,2.0,123,39,89,18,45,44,23,6,5,13,2024-25
4156,2025-02-23,Home,NOP,SAS,W,2.0,114,42,94,11,33,69,27,3,3,17,2024-25
4157,2025-02-24,Away,MIN,OKC,W,1.0,131,44,97,9,32,54,29,6,5,13,2024-25
4158,2025-02-24,Home,IND,DEN,L,1.0,116,40,85,14,43,32,29,11,3,18,2024-25
4159,2025-02-24,Away,CHA,SAC,L,2.0,88,30,85,10,40,37,24,14,4,19,2024-25
4160,2025-02-24,Away,DEN,IND,W,2.0,125,53,94,8,21,46,39,8,4,20,2024-25
4161,2025-02-24,Home,WAS,BKN,W,1.0,107,35,70,13,31,37,26,7,8,24,2024-25
4162,2025-02-24,Away,POR,UTA,W,2.0,114,41,98,14,44,51,26,7,6,13,2024-25
4163,2025-02-24,Away,BKN,WAS,L,2.0,99,33,84,14,36,39,25,16,4,18,2024-25
4164,2025-02-24,Away,LAC,DET,L,1.0,97,37,92,11,41,48,24,12,3,17,2024-25
4165,2025-02-24,Away,CHI,PHI,W,2.0,142,45,89,18,40,44,32,11,6,15,2024-25
4166,2025-02-24,Home,DET,LAC,W,1.0,106,36,79,9,29,46,22,11,7,16,2024-25
4167,2025-02-24,Home,PHI,CHI,L,2.0,110,37,95,10,40,47,19,11,5,17,2024-25
4168,2025-02-24,Home,UTA,POR,L,2.0,112,39,98,18,44,45,24,7,2,15,2024-25
4169,2025-02-24,Home,OKC,MIN,L,1.0,128,45,106,15,49,53,27,10,8,11,2024-25
4170,2025-02-24,Home,SAC,CHA,W,3.0,130,47,87,20,38,49,30,12,4,18,2024-25
4171,2025-02-24,Home,ATL,MIA,W,1.0,98,40,88,9,35,50,29,13,2,18,2024-25
4172,2025-02-24,Away,MIA,ATL,L,1.0,86,27,84,7,40,45,15,8,4,18,2024-25
4173,2025-02-25,Away,MIL,HOU,L,2.0,97,34,85,12,37,37,19,11,5,15,2024-25
4174,2025-02-25,Away,CHA,GSW,L,1.0,92,33,89,11,40,50,18,7,8,25,2024-25
4175,2025-02-25,Away,BOS,TOR,W,2.0,111,44,93,15,51,39,24,9,4,15,2024-25
4176,2025-02-25,Away,SAS,NOP,L,2.0,103,38,93,13,44,45,29,14,4,20,2024-25
4177,2025-02-25,Home,ORL,CLE,L,2.0,82,33,90,5,28,35,21,7,8,12,2024-25
4178,2025-02-25,Home,HOU,MIL,W,3.0,100,37,91,12,35,53,18,6,9,17,2024-25
4179,2025-02-25,Home,GSW,CHA,W,2.0,128,49,100,15,42,51,40,16,5,12,2024-25
4180,2025-02-25,Home,MEM,PHX,W,2.0,151,52,99,20,48,38,36,10,4,12,2024-25
4181,2025-02-25,Away,CLE,ORL,W,2.0,122,45,80,19,32,47,25,5,5,12,2024-25
4182,2025-02-25,Home,LAL,DAL,W,3.0,107,39,87,11,40,57,24,7,8,14,2024-25
4183,2025-02-25,Home,TOR,BOS,L,2.0,101,42,83,5,33,40,27,10,1,17,2024-25
4184,2025-02-25,Away,DAL,LAL,L,2.0,99,35,98,17,44,45,23,7,11,12,2024-25
4185,2025-02-25,Away,PHX,MEM,L,2.0,148,53,99,21,37,46,39,6,6,16,2024-25
4186,2025-02-25,Home,NOP,SAS,W,2.0,109,41,94,7,31,54,25,11,6,19,2024-25
4187,2025-02-26,Away,ATL,MIA,L,2.0,109,41,81,12,32,33,29,6,3,17,2024-25
4188,2025-02-26,Away,SAC,UTA,W,2.0,118,46,87,15,36,47,28,6,7,16,2024-25
4189,2025-02-26,Away,PHI,NYK,L,2.0,105,39,88,11,34,35,21,13,6,13,2024-25
4190,2025-02-26,Home,DET,BOS,W,2.0,117,47,89,13,33,51,29,13,5,14,2024-25
4191,2025-02-26,Home,UTA,SAC,L,2.0,101,38,84,16,44,34,32,9,2,10,2024-25
4192,2025-02-26,Away,SAS,HOU,L,1.0,106,42,100,7,39,41,28,10,5,8,2024-25
4193,2025-02-26,Home,WAS,POR,L,2.0,121,43,83,12,36,41,25,9,8,19,2024-25
4194,2025-02-26,Away,LAC,CHI,W,2.0,122,44,85,19,37,44,33,9,10,15,2024-25
4195,2025-02-26,Home,BKN,OKC,L,2.0,121,38,93,23,61,46,31,7,5,15,2024-25
4196,2025-02-26,Away,BOS,DET,L,1.0,97,33,80,21,49,32,21,9,1,19,2024-25
4197,2025-02-26,Home,NYK,PHI,W,3.0,110,40,77,7,19,43,22,6,8,16,2024-25
4198,2025-02-26,Home,HOU,SAS,W,1.0,118,48,102,11,38,60,22,4,5,16,2024-25
4199,2025-02-26,Home,MIA,ATL,W,2.0,131,45,76,23,42,35,39,10,2,17,2024-25
4200,2025-02-26,Away,TOR,IND,L,1.0,91,37,87,6,27,40,23,8,2,21,2024-25
4201,2025-02-26,Home,IND,TOR,W,2.0,111,43,81,15,37,41,28,10,7,20,2024-25
4202,2025-02-26,Home,CHI,LAC,L,2.0,117,46,94,19,42,41,35,9,1,17,2024-25
4203,2025-02-26,Away,OKC,BKN,W,2.0,129,48,90,9,30,45,27,10,4,12,2024-25
4204,2025-02-26,Away,POR,WAS,W,2.0,129,45,101,12,37,46,27,11,4,17,2024-25
4205,2025-02-27,Away,CHA,DAL,L,2.0,96,40,98,7,27,56,25,3,2,15,2024-25
4206,2025-02-27,Away,DEN,MIL,L,3.0,112,47,105,9,34,55,28,8,2,13,2024-25
4207,2025-02-27,Home,DAL,CHA,W,2.0,103,40,97,11,36,48,23,12,7,9,2024-25
4208,2025-02-27,Away,MIN,LAL,L,3.0,102,35,84,12,41,41,25,9,3,12,2024-25
4209,2025-02-27,Home,LAL,MIN,W,2.0,111,34,82,11,41,52,21,7,2,13,2024-25
4210,2025-02-27,Away,GSW,ORL,W,2.0,121,36,79,19,45,38,26,8,7,14,2024-25
4211,2025-02-27,Away,NOP,PHX,W,2.0,124,50,104,17,47,50,25,3,6,6,2024-25
4212,2025-02-27,Home,ORL,GSW,L,2.0,115,45,89,11,28,46,23,9,4,18,2024-25
4213,2025-02-27,Home,MIL,DEN,W,2.0,121,42,90,14,34,48,25,8,4,11,2024-25
4214,2025-02-27,Home,PHX,NOP,L,2.0,116,44,94,20,53,52,29,4,6,11,2024-25
4215,2025-02-28,Away,POR,BKN,W,2.0,121,45,78,15,36,36,31,11,4,22,2024-25
4216,2025-02-28,Away,CLE,BOS,W,3.0,123,45,94,17,39,44,23,4,3,8,2024-25
4217,2025-02-28,Home,MIA,IND,W,2.0,125,48,84,17,32,39,34,7,4,15,2024-25
4218,2025-02-28,Away,DEN,DET,W,1.0,134,47,84,17,31,50,28,5,8,20,2024-25
4219,2025-02-28,Away,MIN,UTA,L,1.0,116,44,101,20,52,40,35,17,4,7,2024-25
4220,2025-02-28,Home,BKN,POR,L,2.0,102,36,87,7,29,45,20,13,2,21,2024-25
4221,2025-02-28,Away,TOR,CHI,L,2.0,115,43,103,13,37,51,30,4,3,17,2024-25
4222,2025-02-28,Home,DET,DEN,L,2.0,119,45,99,12,37,42,32,15,3,11,2024-25
4223,2025-02-28,Away,LAC,LAL,L,2.0,102,39,87,9,37,44,25,11,1,18,2024-25
4224,2025-02-28,Home,PHX,NOP,W,1.0,125,47,79,21,40,35,35,6,3,17,2024-25
4225,2025-02-28,Away,NOP,PHX,L,1.0,108,44,87,11,28,35,28,10,3,15,2024-25
4226,2025-02-28,Away,OKC,ATL,W,2.0,135,51,101,23,50,43,37,10,1,12,2024-25
4227,2025-02-28,Home,ATL,OKC,L,2.0,119,43,88,15,36,46,27,8,5,19,2024-25
4228,2025-02-28,Home,LAL,LAC,W,1.0,106,39,80,11,33,39,19,14,5,15,2024-25
4229,2025-02-28,Away,NYK,MEM,W,2.0,114,44,95,13,38,35,29,10,7,9,2024-25
4230,2025-02-28,Away,IND,MIA,L,2.0,120,47,88,21,39,30,35,10,3,10,2024-25
4231,2025-02-28,Home,MEM,NYK,L,3.0,113,44,94,4,31,58,26,2,4,19,2024-25
4232,2025-02-28,Home,CHI,TOR,W,2.0,125,45,101,13,49,45,32,11,4,15,2024-25
4233,2025-02-28,Home,BOS,CLE,L,2.0,116,43,89,17,39,40,20,5,5,11,2024-25
4234,2025-02-28,Home,UTA,MIN,W,2.0,117,47,92,14,35,60,35,3,4,20,2024-25
4235,2025-03-01,Away,MIL,DAL,W,2.0,132,44,87,13,39,52,33,6,6,13,2024-25
4236,2025-03-01,Away,WAS,CHA,W,3.0,113,40,88,17,50,48,33,13,7,15,2024-25
4237,2025-03-01,Away,BKN,DET,L,1.0,94,29,95,6,39,38,19,12,8,14,2024-25
4238,2025-03-01,Home,DET,BKN,W,1.0,115,39,72,12,28,47,31,5,15,27,2024-25
4239,2025-03-01,Away,SAS,MEM,W,3.0,130,50,96,14,36,42,33,8,4,13,2024-25
4240,2025-03-01,Home,MEM,SAS,L,1.0,128,50,95,11,38,41,31,7,8,13,2024-25
4241,2025-03-01,Home,DAL,MIL,L,2.0,117,43,91,11,40,33,25,7,1,11,2024-25
4242,2025-03-01,Home,HOU,SAC,L,3.0,103,37,86,13,35,43,18,7,2,16,2024-25
4243,2025-03-01,Home,CHA,WAS,L,2.0,100,41,93,14,42,44,28,9,5,17,2024-25
4244,2025-03-01,Away,SAC,HOU,W,3.0,113,44,87,9,28,46,21,13,5,14,2024-25
4245,2025-03-01,Home,PHI,GSW,W,3.0,126,45,85,19,33,40,27,8,3,14,2024-25
4246,2025-03-01,Away,GSW,PHI,L,2.0,119,46,100,12,42,49,33,7,4,15,2024-25
4247,2025-03-02,Home,MIA,NYK,L,2.0,112,45,84,11,35,34,29,5,6,13,2024-25
4248,2025-03-02,Home,IND,CHI,W,2.0,127,48,87,19,44,36,34,7,4,12,2024-25
4249,2025-03-02,Away,MIN,PHX,W,2.0,116,39,92,21,52,35,28,18,2,8,2024-25
4250,2025-03-02,Home,PHX,MIN,L,2.0,98,35,80,13,42,57,24,2,7,22,2024-25
4251,2025-03-02,Away,OKC,SAS,W,2.0,146,55,101,19,44,45,34,7,6,7,2024-25
4252,2025-03-02,Away,TOR,ORL,W,2.0,104,37,80,7,22,40,22,8,4,15,2024-25
4253,2025-03-02,Away,NOP,UTA,W,2.0,128,53,102,15,44,48,35,8,5,11,2024-25
4254,2025-03-02,Home,BOS,DEN,W,2.0,110,37,78,14,34,45,26,7,4,14,2024-25
4255,2025-03-02,Away,LAC,LAL,L,2.0,102,38,88,12,39,40,24,9,1,12,2024-25
4256,2025-03-02,Home,LAL,LAC,W,2.0,108,38,77,18,42,41,21,8,6,17,2024-25
4257,2025-03-02,Away,CHI,IND,L,2.0,112,44,88,10,33,42,24,6,4,14,2024-25
4258,2025-03-02,Home,UTA,NOP,L,2.0,121,46,96,16,44,41,35,4,4,13,2024-25
4259,2025-03-02,Home,ORL,TOR,L,3.0,102,30,67,7,21,35,17,3,5,14,2024-25
4260,2025-03-02,Away,DEN,BOS,L,2.0,103,41,86,12,35,38,27,11,2,12,2024-25
4261,2025-03-02,Away,NYK,MIA,W,2.0,116,46,95,14,44,46,27,5,6,13,2024-25
4262,2025-03-02,Home,CLE,POR,W,2.0,133,42,97,19,46,47,27,12,5,15,2024-25
4263,2025-03-02,Home,SAS,OKC,L,1.0,132,51,91,18,43,35,36,2,3,13,2024-25
4264,2025-03-02,Away,POR,CLE,L,2.0,129,42,96,14,40,46,25,8,1,20,2024-25
4265,2025-03-03,Away,POR,PHI,W,1.0,119,48,99,11,35,61,26,6,6,11,2024-25
4266,2025-03-03,Home,MIA,WAS,W,1.0,106,39,82,13,37,48,31,10,4,12,2024-25
4267,2025-03-03,Away,ATL,MEM,W,3.0,132,55,96,13,28,32,35,12,7,12,2024-25
4268,2025-03-03,Home,PHI,POR,L,2.0,102,41,95,11,35,43,27,6,3,8,2024-25
4269,2025-03-03,Away,GSW,CHA,W,2.0,119,40,95,18,50,54,33,10,4,9,2024-25
4270,2025-03-03,Away,SAC,DAL,W,2.0,122,47,90,16,34,37,34,4,4,7,2024-25
4271,2025-03-03,Home,OKC,HOU,W,1.0,137,48,97,17,37,49,31,11,6,13,2024-25
4272,2025-03-03,Home,MEM,ATL,L,2.0,130,47,93,13,33,43,36,7,3,20,2024-25
4273,2025-03-03,Away,DET,UTA,W,2.0,134,51,92,11,41,39,32,16,8,13,2024-25
4274,2025-03-03,Home,DAL,SAC,L,2.0,98,35,77,7,26,37,28,5,1,14,2024-25
4275,2025-03-03,Home,UTA,DET,L,1.0,106,35,82,10,33,41,19,7,1,28,2024-25
4276,2025-03-03,Home,CHA,GSW,L,2.0,101,34,86,11,40,47,20,3,6,17,2024-25
4277,2025-03-03,Away,HOU,OKC,L,2.0,128,49,101,16,35,49,20,8,7,16,2024-25
4278,2025-03-03,Away,WAS,MIA,L,2.0,90,31,84,10,35,43,22,8,0,13,2024-25
4279,2025-03-04,Home,ORL,TOR,L,2.0,113,40,83,15,36,35,28,12,5,14,2024-25
4280,2025-03-04,Away,MIL,ATL,W,3.0,127,49,96,11,37,51,27,8,1,15,2024-25
4281,2025-03-04,Home,MIN,PHI,W,2.0,126,46,81,18,40,37,29,7,5,19,2024-25
4282,2025-03-04,Away,LAC,PHX,L,2.0,117,43,83,8,30,37,29,8,3,7,2024-25
4283,2025-03-04,Away,CLE,CHI,W,2.0,139,46,98,17,48,53,27,4,4,9,2024-25
4284,2025-03-04,Home,LAL,NOP,W,2.0,136,48,90,19,52,51,32,7,5,15,2024-25
4285,2025-03-04,Home,SAS,BKN,W,2.0,127,52,95,18,39,46,37,9,4,15,2024-25
4286,2025-03-04,Away,NOP,LAL,L,2.0,115,46,93,9,34,35,29,11,3,9,2024-25
4287,2025-03-04,Away,TOR,ORL,W,2.0,114,38,80,12,30,48,28,7,8,20,2024-25
4288,2025-03-04,Away,GSW,NYK,W,1.0,114,43,88,13,37,44,30,7,7,13,2024-25
4289,2025-03-04,Away,PHI,MIN,L,1.0,112,42,86,9,32,36,22,10,2,13,2024-25
4290,2025-03-04,Home,CHI,CLE,L,2.0,117,47,106,11,44,50,32,6,6,7,2024-25
4291,2025-03-04,Home,PHX,LAC,W,2.0,119,41,80,14,34,37,31,5,3,11,2024-25
4292,2025-03-04,Home,ATL,MIL,L,1.0,121,46,101,16,41,47,33,10,6,12,2024-25
4293,2025-03-04,Home,NYK,GSW,L,2.0,102,41,92,8,33,42,26,4,2,14,2024-25
4294,2025-03-04,Away,BKN,SAS,L,3.0,113,39,86,17,50,40,29,8,2,13,2024-25
4295,2025-03-04,Home,IND,HOU,W,2.0,115,44,86,17,42,35,34,9,6,13,2024-25
4296,2025-03-04,Away,HOU,IND,L,1.0,102,40,98,9,30,58,22,6,0,14,2024-25
4297,2025-03-05,Away,UTA,WAS,L,2.0,122,47,101,14,40,58,21,5,3,15,2024-25
4298,2025-03-05,Home,CLE,MIA,W,1.0,112,41,87,14,40,47,26,7,4,13,2024-25
4299,2025-03-05,Away,SAC,DEN,L,2.0,110,44,96,11,27,45,22,8,6,12,2024-25
4300,2025-03-05,Home,WAS,UTA,W,2.0,125,42,95,17,47,45,32,9,12,9,2024-25
4301,2025-03-05,Away,MIA,CLE,L,2.0,107,36,83,13,36,42,29,7,2,14,2024-25
4302,2025-03-05,Away,POR,BOS,L,2.0,118,45,90,16,40,39,19,4,3,8,2024-25
4303,2025-03-05,Away,OKC,MEM,W,2.0,120,44,87,15,36,39,27,10,4,11,2024-25
4304,2025-03-05,Home,BOS,POR,W,3.0,128,45,97,23,54,52,24,5,6,10,2024-25
4305,2025-03-05,Away,MIN,CHA,W,1.0,125,44,90,21,49,43,27,9,3,6,2024-25
4306,2025-03-05,Away,DAL,MIL,L,2.0,107,45,98,13,39,30,30,13,3,10,2024-25
4307,2025-03-05,Home,DEN,SAC,W,3.0,116,40,87,12,35,46,28,5,8,13,2024-25
4308,2025-03-05,Home,CHA,MIN,L,2.0,110,42,95,12,42,57,26,3,2,15,2024-25
4309,2025-03-05,Away,DET,LAC,L,2.0,115,45,86,11,35,34,27,5,2,13,2024-25
4310,2025-03-05,Home,MIL,DAL,W,1.0,137,52,89,16,35,55,29,6,4,17,2024-25
4311,2025-03-05,Home,MEM,OKC,L,2.0,103,37,91,9,34,49,21,9,1,16,2024-25
4312,2025-03-05,Home,LAC,DET,W,1.0,123,44,80,13,24,33,18,8,6,10,2024-25
4313,2025-03-06,Home,ORL,CHI,L,2.0,123,40,87,9,33,33,26,10,5,12,2024-25
4314,2025-03-06,Home,BKN,GSW,L,2.0,119,44,87,15,33,32,30,7,5,12,2024-25
4315,2025-03-06,Away,NYK,LAL,L,2.0,109,37,94,10,43,46,20,10,2,16,2024-25
4316,2025-03-06,Away,CHI,ORL,W,2.0,125,43,86,15,40,48,25,5,7,19,2024-25
4317,2025-03-06,Home,ATL,IND,W,2.0,124,50,94,10,30,43,32,5,4,9,2024-25
4318,2025-03-06,Away,HOU,NOP,W,2.0,109,46,81,9,29,41,33,10,6,19,2024-25
4319,2025-03-06,Away,IND,ATL,L,2.0,118,44,91,14,39,42,27,5,5,11,2024-25
4320,2025-03-06,Home,BOS,PHI,W,1.0,123,46,91,19,48,46,32,8,6,11,2024-25
4321,2025-03-06,Away,PHI,BOS,L,2.0,105,40,95,15,39,45,29,6,5,16,2024-25
4322,2025-03-06,Away,GSW,BKN,W,2.0,121,40,82,12,32,45,31,3,4,17,2024-25
4323,2025-03-06,Home,NOP,HOU,L,2.0,97,31,83,9,27,41,17,9,7,15,2024-25
4324,2025-03-06,Home,LAL,NYK,W,2.0,113,38,89,14,42,49,25,7,4,17,2024-25
4325,2025-03-07,Away,MIN,MIA,W,2.0,106,40,81,18,45,43,28,6,6,14,2024-25
4326,2025-03-07,Away,NYK,LAC,L,1.0,95,35,91,9,34,53,25,6,4,15,2024-25
4327,2025-03-07,Away,PHX,DEN,L,3.0,141,51,91,16,38,39,36,6,2,13,2024-25
4328,2025-03-07,Home,SAC,SAS,W,2.0,127,49,96,17,38,51,31,6,4,8,2024-25
4329,2025-03-07,Home,LAC,NYK,W,2.0,105,37,88,15,38,47,23,7,8,12,2024-25
4330,2025-03-07,Away,POR,OKC,L,2.0,89,33,95,8,43,53,15,6,4,17,2024-25
4331,2025-03-07,Home,MIA,MIN,L,2.0,104,41,89,14,34,41,29,7,2,9,2024-25
4332,2025-03-07,Home,DEN,PHX,W,2.0,149,57,97,21,40,38,45,8,3,9,2024-25
4333,2025-03-07,Home,CHA,CLE,L,2.0,117,44,92,13,37,43,29,7,3,12,2024-25
4334,2025-03-07,Home,TOR,UTA,W,3.0,118,40,104,14,46,48,27,13,5,10,2024-25
4335,2025-03-07,Away,MEM,DAL,W,2.0,122,50,106,8,21,59,28,9,12,11,2024-25
4336,2025-03-07,Away,UTA,TOR,L,2.0,109,39,84,8,31,56,21,5,10,25,2024-25
4337,2025-03-07,Away,CLE,CHA,W,2.0,118,32,76,11,34,45,16,7,4,14,2024-25
4338,2025-03-07,Away,SAS,SAC,L,3.0,109,40,87,16,42,36,27,7,4,8,2024-25
4339,2025-03-07,Home,DAL,MEM,L,2.0,111,37,96,15,41,45,24,7,7,12,2024-25
4340,2025-03-07,Home,OKC,POR,W,2.0,107,39,84,14,38,43,25,12,8,13,2024-25
4341,2025-03-08,Away,IND,ATL,L,2.0,118,41,94,10,33,41,29,12,6,16,2024-25
4342,2025-03-08,Home,MIL,ORL,L,3.0,109,41,75,11,23,38,17,8,4,13,2024-25
4343,2025-03-08,Away,LAL,BOS,L,2.0,101,39,87,14,40,45,18,6,1,14,2024-25
4344,2025-03-08,Away,ORL,MIL,W,2.0,111,42,82,12,32,34,19,5,5,10,2024-25
4345,2025-03-08,Home,HOU,NOP,W,2.0,146,55,99,17,40,48,32,9,7,11,2024-25
4346,2025-03-08,Away,CHI,MIA,W,2.0,114,40,88,11,42,51,27,6,4,10,2024-25
4347,2025-03-08,Home,CHA,BKN,W,1.0,105,40,98,11,34,50,25,4,2,10,2024-25
4348,2025-03-08,Home,MIA,CHI,L,1.0,109,41,97,13,43,44,25,7,5,9,2024-25
4349,2025-03-08,Home,TOR,WAS,L,1.0,117,40,95,10,26,49,24,11,6,15,2024-25
4350,2025-03-08,Home,GSW,DET,W,2.0,115,35,84,12,41,46,26,12,4,19,2024-25
4351,2025-03-08,Away,DET,GSW,L,3.0,110,39,85,5,23,44,17,12,4,20,2024-25
4352,2025-03-08,Home,ATL,IND,W,2.0,120,45,97,10,34,48,23,10,10,17,2024-25
4353,2025-03-08,Home,BOS,LAL,W,2.0,111,40,84,13,38,43,24,9,5,10,2024-25
4354,2025-03-08,Away,WAS,TOR,W,3.0,118,44,100,13,38,50,29,12,7,16,2024-25
4355,2025-03-08,Away,BKN,CHA,L,2.0,102,38,82,14,50,37,20,6,10,13,2024-25
4356,2025-03-08,Away,NOP,HOU,L,2.0,117,48,99,12,34,44,29,7,3,14,2024-25
4357,2025-03-09,Home,POR,DET,L,2.0,112,36,93,15,50,41,17,7,4,13,2024-25
4358,2025-03-09,Away,PHX,DAL,W,2.0,125,49,84,10,28,46,33,4,4,13,2024-25
4359,2025-03-09,Away,DET,POR,W,1.0,119,43,87,9,28,54,22,7,8,14,2024-25
4360,2025-03-09,Away,SAS,MIN,L,2.0,124,47,85,11,30,36,26,8,3,12,2024-25
4361,2025-03-09,Home,NOP,MEM,L,1.0,104,35,85,13,34,39,24,5,6,14,2024-25
4362,2025-03-09,Away,CLE,MIL,W,2.0,112,39,88,19,47,44,25,11,2,15,2024-25
4363,2025-03-09,Home,MIL,CLE,L,1.0,100,39,91,9,31,50,17,9,2,18,2024-25
4364,2025-03-09,Away,MEM,NOP,W,2.0,107,41,99,13,49,57,24,11,6,14,2024-25
4365,2025-03-09,Away,DEN,OKC,L,2.0,103,40,97,12,40,48,22,3,6,8,2024-25
4366,2025-03-09,Home,OKC,DEN,W,2.0,127,46,94,13,38,56,25,5,14,5,2024-25
4367,2025-03-09,Home,PHI,UTA,W,3.0,126,43,96,16,47,50,27,11,9,18,2024-25
4368,2025-03-09,Away,SAC,LAC,L,2.0,110,40,87,9,34,48,27,6,1,8,2024-25
4369,2025-03-09,Away,UTA,PHI,L,2.0,122,39,93,18,46,44,25,12,4,18,2024-25
4370,2025-03-09,Home,DAL,PHX,L,2.0,116,43,88,17,42,32,29,8,2,7,2024-25
4371,2025-03-09,Home,LAC,SAC,W,2.0,111,43,81,10,31,38,23,4,5,10,2024-25
4372,2025-03-09,Home,MIN,SAS,W,2.0,141,53,95,21,42,42,38,7,4,13,2024-25
4373,2025-03-10,Away,ORL,HOU,L,2.0,84,28,86,8,32,42,15,10,5,9,2024-25
4374,2025-03-10,Home,HOU,ORL,W,2.0,97,35,89,16,43,63,20,4,4,20,2024-25
4375,2025-03-10,Away,LAL,BKN,L,2.0,108,37,85,19,40,43,31,4,4,15,2024-25
4376,2025-03-10,Away,POR,GSW,L,1.0,120,44,91,18,42,43,31,9,5,19,2024-25
4377,2025-03-10,Home,TOR,WAS,W,2.0,119,43,109,16,49,73,26,3,2,9,2024-25
4378,2025-03-10,Home,MIA,CHA,L,2.0,102,39,85,10,31,46,24,7,3,16,2024-25
4379,2025-03-10,Home,OKC,DEN,L,1.0,127,47,100,19,47,37,29,9,6,11,2024-25
4380,2025-03-10,Home,MEM,PHX,W,1.0,120,40,86,17,46,39,26,9,7,15,2024-25
4381,2025-03-10,Away,CHA,MIA,W,2.0,105,36,86,11,44,36,26,10,6,10,2024-25
4382,2025-03-10,Away,PHX,MEM,L,1.0,118,41,90,20,38,46,31,6,2,16,2024-25
4383,2025-03-10,Home,SAS,DAL,L,1.0,129,49,94,17,41,38,29,6,2,9,2024-25
4384,2025-03-10,Away,IND,CHI,L,2.0,103,40,101,10,40,39,30,14,4,10,2024-25
4385,2025-03-10,Home,GSW,POR,W,2.0,130,45,85,21,41,40,35,16,5,18,2024-25
4386,2025-03-10,Home,CHI,IND,W,2.0,121,49,98,12,33,56,30,4,6,18,2024-25
4387,2025-03-10,Away,NYK,SAC,W,3.0,133,45,84,22,40,40,34,13,1,16,2024-25
4388,2025-03-10,Away,DAL,SAS,W,1.0,133,47,88,12,38,40,25,5,2,11,2024-25
4389,2025-03-10,Away,UTA,BOS,L,1.0,108,43,95,13,38,48,29,3,4,12,2024-25
4390,2025-03-10,Home,ATL,PHI,W,2.0,132,53,98,15,37,48,34,4,6,15,2024-25
4391,2025-03-10,Home,BKN,LAL,W,2.0,111,37,90,18,45,47,22,10,6,7,2024-25
4392,2025-03-10,Home,BOS,UTA,W,2.0,114,40,93,18,53,47,28,11,8,9,2024-25
4393,2025-03-10,Home,SAC,NYK,L,1.0,104,36,86,10,34,37,18,7,4,18,2024-25
4394,2025-03-10,Away,PHI,ATL,L,1.0,123,46,91,16,42,31,29,8,3,11,2024-25
4395,2025-03-10,Away,WAS,TOR,L,2.0,104,38,105,16,55,54,25,5,12,8,2024-25
4396,2025-03-10,Away,DEN,OKC,W,1.0,140,52,86,18,32,43,32,6,5,12,2024-25
4397,2025-03-11,Home,DET,WAS,W,2.0,123,48,104,16,38,61,29,7,5,12,2024-25
4398,2025-03-11,Away,WAS,DET,L,1.0,103,37,92,13,39,47,20,7,4,13,2024-25
4399,2025-03-11,Away,MIL,IND,L,2.0,114,43,84,14,36,44,32,4,2,15,2024-25
4400,2025-03-11,Away,BKN,CLE,L,1.0,104,39,84,16,44,38,31,9,3,15,2024-25
4401,2025-03-11,Home,IND,MIL,W,1.0,115,44,87,13,39,38,30,11,3,10,2024-25
4402,2025-03-11,Home,NOP,LAC,W,2.0,127,47,85,17,31,46,34,7,7,19,2024-25
4403,2025-03-11,Away,LAC,NOP,L,2.0,120,46,92,14,42,34,34,10,8,11,2024-25
4404,2025-03-11,Home,CLE,BKN,W,2.0,109,39,89,10,42,48,23,7,4,15,2024-25
4405,2025-03-12,Home,MEM,UTA,W,2.0,122,43,94,20,44,39,30,15,6,9,2024-25
4406,2025-03-12,Home,DEN,MIN,L,2.0,95,36,89,7,30,42,20,9,4,10,2024-25
4407,2025-03-12,Home,ATL,CHA,W,2.0,123,37,88,14,36,43,26,13,6,14,2024-25
4408,2025-03-12,Away,PHI,TOR,L,2.0,105,41,96,7,35,40,19,13,11,9,2024-25
4409,2025-03-12,Away,MIN,DEN,W,3.0,115,43,90,17,40,48,31,7,5,15,2024-25
4410,2025-03-12,Away,LAC,MIA,W,1.0,119,45,76,13,27,45,24,7,0,18,2024-25
4411,2025-03-12,Away,UTA,MEM,L,2.0,115,42,90,12,34,60,24,6,8,23,2024-25
4412,2025-03-12,Away,DAL,SAS,L,2.0,116,45,81,13,32,31,30,8,0,18,2024-25
4413,2025-03-12,Home,POR,NYK,L,2.0,113,40,90,17,42,52,20,6,6,25,2024-25
4414,2025-03-12,Home,BOS,OKC,L,2.0,112,41,94,20,63,41,25,9,6,13,2024-25
4415,2025-03-12,Away,NYK,POR,W,2.0,114,44,94,12,31,38,27,12,7,15,2024-25
4416,2025-03-12,Away,CHA,ATL,L,2.0,110,40,88,14,35,47,29,9,9,21,2024-25
4417,2025-03-12,Away,OKC,BOS,W,2.0,118,40,82,13,37,44,19,7,2,12,2024-25
4418,2025-03-12,Home,SAS,DAL,W,2.0,126,50,94,11,35,47,32,11,2,16,2024-25
4419,2025-03-12,Home,MIA,LAC,L,2.0,104,40,84,14,37,29,27,14,3,11,2024-25
4420,2025-03-12,Away,PHX,HOU,L,2.0,104,39,73,10,28,37,22,7,8,17,2024-25
4421,2025-03-12,Home,HOU,PHX,W,2.0,111,40,88,12,38,38,25,11,3,9,2024-25
4422,2025-03-12,Home,TOR,PHI,W,2.0,118,44,100,16,40,59,33,7,5,22,2024-25
4423,2025-03-13,Home,NOP,ORL,L,2.0,93,35,79,7,25,40,23,3,4,13,2024-25
4424,2025-03-13,Home,CHI,BKN,W,3.0,116,41,90,11,37,47,24,8,4,8,2024-25
4425,2025-03-13,Away,SAC,GSW,L,3.0,104,37,79,14,37,30,25,7,4,15,2024-25
4426,2025-03-13,Home,GSW,SAC,W,3.0,130,45,78,22,39,43,35,8,5,16,2024-25
4427,2025-03-13,Away,BKN,CHI,L,2.0,110,43,96,11,34,50,32,6,7,9,2024-25
4428,2025-03-13,Away,ORL,NOP,W,3.0,113,43,83,13,33,39,25,7,7,11,2024-25
4429,2025-03-13,Away,LAL,MIL,L,3.0,106,38,87,15,40,38,18,3,4,14,2024-25
4430,2025-03-13,Home,DET,WAS,L,2.0,125,39,85,10,30,41,23,8,6,12,2024-25
4431,2025-03-13,Home,MIL,LAL,W,2.0,126,41,86,17,40,48,30,9,8,12,2024-25
4432,2025-03-13,Away,WAS,DET,W,2.0,129,43,90,20,45,47,30,10,5,16,2024-25
4433,2025-03-14,Away,DAL,HOU,L,2.0,96,39,94,8,22,34,14,4,6,8,2024-25
4434,2025-03-14,Away,CHA,SAS,W,2.0,145,51,85,26,46,34,42,7,2,20,2024-25
4435,2025-03-14,Away,SAC,PHX,L,1.0,106,40,81,8,32,40,25,7,1,19,2024-25
4436,2025-03-14,Home,ATL,LAC,L,2.0,98,37,88,9,33,44,25,8,6,18,2024-25
4437,2025-03-14,Away,CLE,MEM,W,3.0,133,44,88,19,51,43,32,9,4,16,2024-25
4438,2025-03-14,Home,SAS,CHA,L,2.0,134,48,95,21,46,36,27,14,5,14,2024-25
4439,2025-03-14,Away,TOR,UTA,W,2.0,126,44,91,12,32,51,28,9,6,15,2024-25
4440,2025-03-14,Away,BOS,MIA,W,2.0,103,36,83,19,50,41,18,8,4,15,2024-25
4441,2025-03-14,Home,DEN,LAL,W,2.0,131,44,85,13,31,39,30,7,5,12,2024-25
4442,2025-03-14,Home,UTA,TOR,L,2.0,118,39,89,16,38,35,23,12,2,17,2024-25
4443,2025-03-14,Home,MEM,CLE,L,2.0,124,48,97,11,36,45,25,11,3,14,2024-25
4444,2025-03-14,Home,HOU,DAL,W,2.0,133,54,105,15,31,67,27,5,6,11,2024-25
4445,2025-03-14,Home,MIN,ORL,W,2.0,118,42,80,14,33,45,26,8,6,16,2024-25
4446,2025-03-14,Home,PHX,SAC,W,2.0,122,41,79,24,43,34,33,12,3,14,2024-25
4447,2025-03-14,Away,LAL,DEN,L,1.0,126,49,105,15,40,47,32,10,2,9,2024-25
4448,2025-03-14,Away,LAC,ATL,W,2.0,121,47,86,12,27,40,27,14,5,14,2024-25
4449,2025-03-14,Away,ORL,MIN,L,1.0,111,40,89,12,28,31,18,9,5,11,2024-25
4450,2025-03-14,Away,IND,PHI,W,3.0,112,44,89,10,35,45,31,6,4,11,2024-25
4451,2025-03-14,Home,MIA,BOS,L,2.0,91,34,75,13,34,38,18,10,4,18,2024-25
4452,2025-03-14,Home,PHI,IND,L,2.0,100,37,82,11,38,43,13,7,9,16,2024-25
4453,2025-03-15,Away,BOS,BKN,W,1.0,115,44,84,13,38,38,29,5,7,8,2024-25
4454,2025-03-15,Away,WAS,DEN,W,2.0,126,46,95,19,45,44,34,11,4,17,2024-25
4455,2025-03-15,Home,HOU,CHI,W,1.0,117,44,98,14,44,54,24,4,6,14,2024-25
4456,2025-03-15,Away,OKC,DET,W,3.0,113,43,89,10,34,44,17,11,8,18,2024-25
4457,2025-03-15,Home,MEM,MIA,W,1.0,125,51,92,12,31,51,31,7,6,11,2024-25
4458,2025-03-15,Home,MIL,IND,W,2.0,126,43,79,15,37,45,28,9,4,17,2024-25
4459,2025-03-15,Away,CHI,HOU,L,2.0,114,43,93,14,38,36,24,6,5,11,2024-25
4460,2025-03-15,Home,DET,OKC,L,2.0,107,42,88,14,33,39,29,8,3,17,2024-25
4461,2025-03-15,Home,SAS,NOP,W,1.0,119,39,84,16,39,37,26,10,2,10,2024-25
4462,2025-03-15,Away,NYK,GSW,L,3.0,94,37,86,9,24,49,20,6,6,13,2024-25
4463,2025-03-15,Away,IND,MIL,L,1.0,119,46,96,17,43,32,29,9,4,12,2024-25
4464,2025-03-15,Away,MIA,MEM,L,1.0,91,35,88,9,37,37,24,6,4,14,2024-25
4465,2025-03-15,Home,DEN,WAS,L,1.0,123,48,95,12,34,42,40,12,8,18,2024-25
4466,2025-03-15,Away,NOP,SAS,L,2.0,115,46,92,12,35,52,34,2,3,18,2024-25
4467,2025-03-15,Home,GSW,NYK,W,2.0,97,33,83,13,41,45,25,7,5,11,2024-25
4468,2025-03-15,Home,BKN,BOS,L,2.0,113,42,90,20,46,45,34,4,3,9,2024-25
4469,2025-03-16,Home,CLE,ORL,L,2.0,103,40,96,10,40,48,21,7,1,14,2024-25
4470,2025-03-16,Away,TOR,POR,L,2.0,102,38,94,10,31,47,29,12,0,18,2024-25
4471,2025-03-16,Away,OKC,MIL,W,1.0,121,46,89,10,29,50,30,3,3,10,2024-25
4472,2025-03-16,Away,CHA,LAC,L,2.0,88,37,94,6,33,44,27,5,5,11,2024-25
4473,2025-03-16,Home,POR,TOR,W,4.0,105,36,88,18,50,51,21,10,7,22,2024-25
4474,2025-03-16,Away,PHI,DAL,W,2.0,130,48,92,14,36,39,21,13,3,11,2024-25
4475,2025-03-16,Away,ATL,BKN,L,2.0,114,42,90,11,37,38,27,12,11,14,2024-25
4476,2025-03-16,Home,DAL,PHI,L,2.0,125,46,87,10,34,45,26,4,3,15,2024-25
4477,2025-03-16,Home,LAC,CHA,W,2.0,123,45,93,13,26,58,30,10,5,11,2024-25
4478,2025-03-16,Away,ORL,CLE,W,2.0,108,34,81,13,31,47,21,11,3,18,2024-25
4479,2025-03-16,Home,MIL,OKC,L,1.0,105,33,83,13,34,34,21,7,8,9,2024-25
4480,2025-03-16,Away,PHX,LAL,L,2.0,96,35,89,9,41,51,25,4,4,14,2024-25
4481,2025-03-16,Home,BKN,ATL,W,1.0,122,43,90,17,35,40,33,7,5,17,2024-25
4482,2025-03-16,Away,UTA,MIN,L,2.0,102,39,90,12,38,44,23,4,0,22,2024-25
4483,2025-03-16,Home,LAL,PHX,W,2.0,107,35,81,14,39,40,22,7,5,10,2024-25
4484,2025-03-16,Home,MIN,UTA,W,2.0,128,48,97,14,43,49,30,14,6,10,2024-25
4485,2025-03-17,Home,UTA,CHI,L,1.0,97,35,86,9,42,48,20,4,4,17,2024-25
4486,2025-03-17,Away,TOR,PHX,L,1.0,89,31,87,10,35,40,20,4,2,12,2024-25
4487,2025-03-17,Home,GSW,DEN,L,2.0,105,41,84,8,33,38,24,16,10,20,2024-25
4488,2025-03-17,Home,NYK,MIA,W,2.0,116,47,95,16,34,41,30,12,6,14,2024-25
4489,2025-03-17,Home,POR,WAS,W,1.0,112,42,99,15,46,50,25,15,3,9,2024-25
4490,2025-03-17,Home,LAL,SAS,W,1.0,125,44,90,19,48,42,34,13,4,9,2024-25
4491,2025-03-17,Home,NOP,DET,L,2.0,81,28,86,5,32,39,18,7,6,17,2024-25
4492,2025-03-17,Away,PHI,HOU,L,1.0,137,48,95,24,49,35,21,8,4,16,2024-25
4493,2025-03-17,Away,CHI,UTA,W,2.0,111,42,97,14,45,49,29,12,3,11,2024-25
4494,2025-03-17,Away,MEM,SAC,L,2.0,122,44,90,13,30,48,24,8,7,18,2024-25
4495,2025-03-17,Home,HOU,PHI,W,2.0,144,51,107,22,53,58,35,8,5,15,2024-25
4496,2025-03-17,Away,SAS,LAL,L,2.0,109,41,88,15,38,44,30,6,5,17,2024-25
4497,2025-03-17,Away,MIA,NYK,L,2.0,95,39,82,6,23,39,23,9,6,21,2024-25
4498,2025-03-17,Away,DEN,GSW,W,2.0,114,43,92,14,39,53,32,12,7,22,2024-25
4499,2025-03-17,Away,DET,NOP,W,2.0,127,46,84,13,35,50,33,10,7,14,2024-25
4500,2025-03-17,Home,PHX,TOR,W,1.0,129,47,92,20,39,54,34,7,4,10,2024-25
4501,2025-03-17,Away,WAS,POR,L,2.0,97,38,92,12,40,49,27,6,7,16,2024-25
4502,2025-03-17,Home,MIN,IND,L,1.0,130,44,97,13,42,44,25,11,7,15,2024-25
4503,2025-03-17,Away,IND,MIN,W,2.0,132,48,97,17,37,48,28,7,6,20,2024-25
4504,2025-03-17,Home,SAC,MEM,W,3.0,132,46,88,20,41,38,35,11,7,14,2024-25
4505,2025-03-18,Home,CHA,ATL,L,2.0,102,38,84,10,30,39,25,7,8,17,2024-25
4506,2025-03-18,Away,CLE,LAC,L,2.0,119,44,90,14,41,29,29,6,0,9,2024-25
4507,2025-03-18,Home,LAC,CLE,W,2.0,132,46,84,16,35,49,28,7,5,13,2024-25
4508,2025-03-18,Home,GSW,MIL,W,1.0,104,32,77,17,44,52,25,7,6,19,2024-25
4509,2025-03-18,Away,BKN,BOS,L,2.0,96,36,88,13,45,39,21,9,2,9,2024-25
4510,2025-03-18,Away,MIL,GSW,L,2.0,93,31,79,12,38,34,19,9,4,10,2024-25
4511,2025-03-18,Away,ATL,CHA,W,2.0,134,50,93,22,45,46,27,12,8,11,2024-25
4512,2025-03-18,Home,BOS,BKN,W,3.0,104,35,79,16,48,48,24,6,5,13,2024-25
4513,2025-03-19,Away,CHI,PHX,L,2.0,121,49,90,15,38,40,29,7,8,13,2024-25
4514,2025-03-19,Home,MIN,NOP,L,2.0,115,35,77,16,39,40,21,7,6,14,2024-25
4515,2025-03-19,Home,SAS,NYK,W,2.0,120,45,90,16,35,52,28,7,7,15,2024-25
4516,2025-03-19,Away,DAL,IND,L,3.0,131,48,88,11,27,41,23,6,0,13,2024-25
4517,2025-03-19,Away,WAS,UTA,L,2.0,112,43,93,12,45,37,30,12,4,14,2024-25
4518,2025-03-19,Home,MIA,DET,L,2.0,113,44,90,10,32,37,24,7,5,13,2024-25
4519,2025-03-19,Home,PHX,CHI,W,2.0,127,47,96,15,40,46,34,9,6,11,2024-25
4520,2025-03-19,Away,HOU,ORL,W,2.0,116,38,81,11,35,46,18,10,5,16,2024-25
4521,2025-03-19,Away,MEM,POR,L,2.0,99,37,92,8,30,40,23,11,4,10,2024-25
4522,2025-03-19,Home,LAL,DEN,W,2.0,120,42,83,16,38,38,25,13,3,14,2024-25
4523,2025-03-19,Home,IND,DAL,W,2.0,135,45,82,16,35,38,29,4,5,11,2024-25
4524,2025-03-19,Home,POR,MEM,W,2.0,115,40,96,18,46,65,25,3,6,17,2024-25
4525,2025-03-19,Home,SAC,CLE,W,2.0,123,46,91,16,35,41,28,9,1,13,2024-25
4526,2025-03-19,Away,NYK,SAS,L,2.0,105,39,92,11,37,44,28,7,7,11,2024-25
4527,2025-03-19,Home,UTA,WAS,W,2.0,128,50,89,17,42,42,30,7,1,17,2024-25
4528,2025-03-19,Away,PHI,OKC,L,2.0,100,35,95,18,57,41,24,8,3,12,2024-25
4529,2025-03-19,Away,CLE,SAC,L,1.0,119,46,84,13,34,37,24,7,1,12,2024-25
4530,2025-03-19,Away,NOP,MIN,W,2.0,119,47,89,13,29,46,28,5,6,15,2024-25
4531,2025-03-19,Home,OKC,PHI,W,3.0,133,47,90,24,52,55,36,10,5,14,2024-25
4532,2025-03-19,Home,ORL,HOU,L,3.0,108,41,92,9,35,41,23,7,4,12,2024-25
4533,2025-03-19,Away,DEN,LAL,L,2.0,108,41,87,13,39,45,25,8,4,19,2024-25
4534,2025-03-19,Away,DET,MIA,W,2.0,116,46,91,9,23,47,25,4,10,13,2024-25
4535,2025-03-20,Away,NYK,CHA,L,1.0,98,36,90,10,39,38,26,9,2,7,2024-25
4536,2025-03-20,Home,LAL,MIL,L,1.0,89,34,82,11,32,50,26,5,4,22,2024-25
4537,2025-03-20,Away,TOR,GSW,L,3.0,114,44,78,11,26,44,32,7,4,23,2024-25
4538,2025-03-20,Away,CHI,SAC,W,1.0,128,45,86,15,35,40,32,9,2,14,2024-25
4539,2025-03-20,Away,MIL,LAL,W,2.0,118,40,84,11,35,41,24,12,4,9,2024-25
4540,2025-03-20,Home,IND,BKN,W,1.0,105,35,81,8,31,57,18,10,8,25,2024-25
4541,2025-03-20,Home,SAC,CHI,L,1.0,116,41,86,15,39,36,27,4,5,12,2024-25
4542,2025-03-20,Home,CHA,NYK,W,2.0,115,43,88,15,32,52,25,1,3,12,2024-25
4543,2025-03-20,Home,GSW,TOR,W,2.0,117,38,90,19,47,38,30,13,5,15,2024-25
4544,2025-03-20,Away,BKN,IND,L,2.0,99,36,101,14,50,47,20,11,4,16,2024-25
4545,2025-03-21,Home,LAC,MEM,W,3.0,128,45,78,17,34,43,29,7,9,15,2024-25
4546,2025-03-21,Home,DAL,DET,W,2.0,123,42,80,12,34,44,25,10,7,20,2024-25
4547,2025-03-21,Away,PHI,SAS,L,2.0,120,46,81,14,37,32,30,10,4,20,2024-25
4548,2025-03-21,Away,CLE,PHX,L,2.0,112,42,94,17,45,44,24,11,5,11,2024-25
4549,2025-03-21,Away,NOP,MIN,L,2.0,93,34,68,11,31,33,20,11,4,26,2024-25
4550,2025-03-21,Home,MIN,NOP,W,2.0,134,48,89,19,44,36,40,14,1,14,2024-25
4551,2025-03-21,Home,WAS,ORL,L,2.0,105,37,87,17,39,41,23,11,4,15,2024-25
4552,2025-03-21,Home,PHX,CLE,W,2.0,123,48,92,19,42,46,33,6,3,15,2024-25
4553,2025-03-21,Home,UTA,BOS,L,2.0,99,38,84,14,35,38,24,7,2,17,2024-25
4554,2025-03-21,Home,MIA,HOU,L,2.0,98,38,73,10,24,34,25,8,5,21,2024-25
4555,2025-03-21,Home,OKC,CHA,W,2.0,141,54,94,21,39,43,29,10,7,9,2024-25
4556,2025-03-21,Away,DET,DAL,L,2.0,117,46,98,11,31,41,24,14,5,14,2024-25
4557,2025-03-21,Away,DEN,POR,L,2.0,109,38,76,9,26,31,24,10,2,21,2024-25
4558,2025-03-21,Away,BOS,UTA,W,3.0,121,45,97,17,51,48,27,13,4,11,2024-25
4559,2025-03-21,Home,SAS,PHI,W,2.0,128,47,89,19,39,34,36,11,5,15,2024-25
4560,2025-03-21,Home,POR,DEN,W,2.0,128,47,87,14,35,38,30,12,6,17,2024-25
4561,2025-03-21,Away,ORL,WAS,W,2.0,120,46,96,17,42,55,25,9,8,13,2024-25
4562,2025-03-21,Away,CHA,OKC,L,1.0,106,37,80,19,41,29,29,6,4,16,2024-25
4563,2025-03-21,Away,HOU,MIA,W,2.0,102,39,84,14,28,46,14,17,4,17,2024-25
4564,2025-03-21,Away,MEM,LAC,L,2.0,108,40,95,19,49,40,28,8,3,10,2024-25
4565,2025-03-22,Away,BKN,IND,L,2.0,103,39,90,15,43,48,20,6,1,15,2024-25
4566,2025-03-22,Away,CHI,LAL,W,2.0,146,56,96,19,41,42,41,17,5,10,2024-25
4567,2025-03-22,Home,ATL,GSW,W,4.0,124,49,86,15,36,46,37,5,3,16,2024-25
4568,2025-03-22,Away,MIL,SAC,W,2.0,114,44,84,13,31,42,22,6,3,10,2024-25
4569,2025-03-22,Home,NYK,WAS,W,2.0,122,44,91,13,35,49,29,13,3,16,2024-25
4570,2025-03-22,Home,SAC,MIL,L,2.0,108,41,91,9,38,44,21,4,2,8,2024-25
4571,2025-03-22,Home,LAL,CHI,L,2.0,115,41,85,17,41,35,23,8,1,21,2024-25
4572,2025-03-22,Away,GSW,ATL,L,2.0,115,39,84,16,38,38,28,8,4,10,2024-25
4573,2025-03-22,Home,IND,BKN,W,2.0,108,40,84,11,35,44,32,5,6,15,2024-25
4574,2025-03-22,Away,WAS,NYK,L,1.0,103,39,88,11,36,41,21,9,5,20,2024-25
4575,2025-03-23,Home,UTA,CLE,L,2.0,91,32,89,16,50,52,25,4,5,21,2024-25
4576,2025-03-23,Away,DEN,HOU,W,2.0,116,44,87,10,21,43,28,5,4,9,2024-25
4577,2025-03-23,Home,MIA,CHA,W,2.0,122,47,82,12,29,32,27,10,4,12,2024-25
4578,2025-03-23,Away,BOS,POR,W,2.0,129,48,88,23,50,38,31,6,6,9,2024-25
4579,2025-03-23,Home,LAC,OKC,L,2.0,101,35,82,8,26,48,20,6,8,14,2024-25
4580,2025-03-23,Away,SAS,TOR,W,2.0,123,41,86,14,43,46,27,15,6,14,2024-25
4581,2025-03-23,Home,TOR,SAS,L,3.0,89,35,92,10,39,46,27,8,3,22,2024-25
4582,2025-03-23,Home,POR,BOS,L,2.0,116,43,88,19,47,38,24,6,3,12,2024-25
4583,2025-03-23,Away,CLE,UTA,W,2.0,120,44,96,11,48,51,28,9,7,7,2024-25
4584,2025-03-23,Home,ATL,PHI,W,1.0,132,48,87,17,37,39,35,11,4,17,2024-25
4585,2025-03-23,Away,OKC,LAC,W,2.0,103,37,92,12,35,42,28,9,8,9,2024-25
4586,2025-03-23,Home,HOU,DEN,L,2.0,111,39,89,11,34,45,25,4,7,6,2024-25
4587,2025-03-23,Home,DET,NOP,W,2.0,136,47,86,13,27,32,26,6,2,8,2024-25
4588,2025-03-23,Away,NOP,DET,L,2.0,130,49,85,20,40,37,35,3,5,18,2024-25
4589,2025-03-23,Away,PHI,ATL,L,2.0,119,40,91,11,34,37,24,8,4,13,2024-25
4590,2025-03-23,Away,CHA,MIA,L,2.0,105,41,87,11,33,40,24,5,4,20,2024-25
4591,2025-03-24,Away,LAL,ORL,L,2.0,106,37,80,10,32,39,19,7,1,11,2024-25
4592,2025-03-24,Home,DEN,CHI,L,1.0,119,46,97,11,36,52,34,5,9,12,2024-25
4593,2025-03-24,Away,PHI,NOP,L,1.0,99,34,87,14,42,37,19,11,6,12,2024-25
4594,2025-03-24,Home,NOP,PHI,W,1.0,112,43,87,15,35,51,36,11,5,17,2024-25
4595,2025-03-24,Home,ORL,LAL,W,3.0,118,42,85,15,40,43,25,6,4,9,2024-25
4596,2025-03-24,Home,IND,MIN,W,2.0,119,46,94,13,35,46,30,9,5,12,2024-25
4597,2025-03-24,Away,TOR,WAS,W,1.0,112,41,101,10,36,60,28,11,6,12,2024-25
4598,2025-03-24,Home,SAC,BOS,L,2.0,95,39,86,8,24,45,23,7,1,15,2024-25
4599,2025-03-24,Away,MIL,PHX,L,2.0,106,37,83,12,39,36,24,12,0,7,2024-25
4600,2025-03-24,Away,DAL,BKN,W,3.0,120,49,87,10,31,41,34,10,1,11,2024-25
4601,2025-03-24,Away,BOS,SAC,W,1.0,113,41,90,19,50,45,28,9,4,10,2024-25
4602,2025-03-24,Home,BKN,DAL,L,2.0,101,40,78,11,33,37,30,7,2,19,2024-25
4603,2025-03-24,Away,CHI,DEN,W,2.0,129,45,91,17,39,43,31,8,5,10,2024-25
4604,2025-03-24,Home,PHX,MIL,W,3.0,108,39,82,14,36,52,25,2,4,16,2024-25
4605,2025-03-24,Home,WAS,TOR,L,2.0,104,35,87,11,37,48,24,8,9,17,2024-25
4606,2025-03-24,Away,MIN,IND,L,3.0,103,44,91,9,35,45,26,5,3,17,2024-25
4607,2025-03-25,Home,DET,SAS,W,2.0,122,44,78,15,31,44,33,6,5,11,2024-25
4608,2025-03-25,Home,MIA,GSW,W,2.0,112,43,77,17,25,42,26,8,5,18,2024-25
4609,2025-03-25,Away,GSW,MIA,L,3.0,86,33,83,9,38,38,20,8,1,16,2024-25
4610,2025-03-25,Away,CLE,POR,W,2.0,122,48,88,12,27,41,28,4,6,14,2024-25
4611,2025-03-25,Home,NYK,DAL,W,3.0,128,53,89,10,26,36,40,9,4,15,2024-25
4612,2025-03-25,Home,UTA,MEM,L,2.0,103,34,78,17,42,28,24,6,3,14,2024-25
4613,2025-03-25,Away,MEM,UTA,W,4.0,140,52,98,20,45,52,38,7,4,9,2024-25
4614,2025-03-25,Away,ATL,HOU,L,2.0,114,43,103,15,49,42,32,8,1,14,2024-25
4615,2025-03-25,Home,CHA,ORL,L,2.0,104,37,88,14,34,38,26,4,3,11,2024-25
4616,2025-03-25,Away,DAL,NYK,L,1.0,113,43,80,6,19,33,19,9,3,16,2024-25
4617,2025-03-25,Home,SAC,OKC,L,1.0,105,37,91,23,47,36,32,10,7,11,2024-25
4618,2025-03-25,Away,OKC,SAC,W,2.0,121,43,82,19,32,52,30,7,6,17,2024-25
4619,2025-03-25,Home,POR,CLE,L,2.0,111,40,100,17,52,45,28,9,3,10,2024-25
4620,2025-03-25,Away,ORL,CHA,W,1.0,111,41,90,13,42,50,22,5,4,11,2024-25
4621,2025-03-25,Home,HOU,ATL,W,2.0,121,42,93,11,39,51,17,8,2,16,2024-25
4622,2025-03-25,Away,SAS,DET,L,2.0,96,33,91,14,44,41,21,7,2,11,2024-25
4623,2025-03-26,Away,TOR,BKN,W,2.0,116,43,102,10,33,63,34,5,3,12,2024-25
4624,2025-03-26,Home,IND,LAL,L,2.0,119,44,87,15,36,36,31,9,4,10,2024-25
4625,2025-03-26,Away,BOS,PHX,W,2.0,132,45,89,22,52,48,33,8,7,11,2024-25
4626,2025-03-26,Away,LAC,NYK,W,3.0,126,45,88,16,30,45,27,4,8,5,2024-25
4627,2025-03-26,Home,PHI,WAS,L,2.0,114,42,98,14,46,47,22,7,5,5,2024-25
4628,2025-03-26,Home,DEN,MIL,W,2.0,127,49,90,16,37,46,36,6,4,10,2024-25
4629,2025-03-26,Away,LAL,IND,W,2.0,120,41,79,17,38,43,26,5,3,15,2024-25
4630,2025-03-26,Away,MIL,DEN,L,2.0,117,46,89,16,37,39,30,4,6,11,2024-25
4631,2025-03-26,Away,WAS,PHI,W,2.0,119,48,95,18,44,49,30,3,6,11,2024-25
4632,2025-03-26,Home,NYK,LAC,L,1.0,113,42,84,13,34,38,35,4,1,10,2024-25
4633,2025-03-26,Home,PHX,BOS,L,2.0,102,36,87,13,41,38,22,7,3,14,2024-25
4634,2025-03-26,Home,BKN,TOR,L,2.0,86,31,87,8,41,43,16,6,9,20,2024-25
4635,2025-03-27,Away,IND,WAS,W,1.0,162,59,92,27,47,50,48,8,2,15,2024-25
4636,2025-03-27,Home,OKC,MEM,W,2.0,125,44,90,13,31,45,28,9,4,12,2024-25
4637,2025-03-27,Home,CHI,LAL,W,3.0,119,43,92,19,44,48,33,4,2,15,2024-25
4638,2025-03-27,Home,CLE,SAS,W,2.0,124,46,99,17,48,56,33,7,5,14,2024-25
4639,2025-03-27,Home,MIA,ATL,W,2.0,122,44,82,18,33,37,26,10,1,14,2024-25
4640,2025-03-27,Home,UTA,HOU,L,2.0,110,43,79,11,23,33,29,5,5,16,2024-25
4641,2025-03-27,Away,LAL,CHI,L,1.0,117,45,91,12,41,40,30,8,7,11,2024-25
4642,2025-03-27,Home,WAS,IND,L,1.0,109,38,85,11,30,31,19,9,2,15,2024-25
4643,2025-03-27,Away,MEM,OKC,L,2.0,104,33,79,16,42,36,28,9,4,19,2024-25
4644,2025-03-27,Away,POR,SAC,L,2.0,107,35,88,16,50,32,23,11,3,12,2024-25
4645,2025-03-27,Away,DAL,ORL,W,2.0,101,37,78,11,22,40,21,10,1,15,2024-25
4646,2025-03-27,Away,ATL,MIA,L,2.0,112,43,83,18,41,36,27,10,2,16,2024-25
4647,2025-03-27,Away,SAS,CLE,L,2.0,116,43,106,14,43,50,27,10,3,10,2024-25
4648,2025-03-27,Home,SAC,POR,W,2.0,128,48,74,10,27,46,24,8,3,21,2024-25
4649,2025-03-27,Home,ORL,DAL,L,2.0,92,34,80,5,30,44,14,5,5,17,2024-25
4650,2025-03-27,Away,HOU,UTA,W,2.0,121,47,102,12,37,51,26,7,5,9,2024-25
4651,2025-03-28,Home,MIL,NYK,L,2.0,107,41,75,13,33,32,24,2,3,16,2024-25
4652,2025-03-28,Away,PHX,MIN,L,2.0,109,41,79,18,37,34,28,6,4,16,2024-25
4653,2025-03-28,Away,NYK,MIL,W,2.0,116,45,93,12,33,44,28,12,1,9,2024-25
4654,2025-03-28,Home,DET,CLE,W,3.0,133,44,92,15,34,43,25,8,5,13,2024-25
4655,2025-03-28,Home,DEN,UTA,W,2.0,129,48,83,11,29,45,38,12,13,18,2024-25
4656,2025-03-28,Away,CLE,DET,L,1.0,122,39,84,15,40,41,16,9,3,15,2024-25
4657,2025-03-28,Away,UTA,DEN,L,1.0,93,33,93,7,40,42,21,10,0,18,2024-25
4658,2025-03-28,Home,MIN,PHX,W,4.0,124,47,89,19,39,43,31,12,4,13,2024-25
4659,2025-03-28,Away,LAC,BKN,W,2.0,132,44,80,19,37,48,29,11,4,13,2024-25
4660,2025-03-28,Home,TOR,CHA,W,2.0,108,42,95,14,44,45,28,9,5,6,2024-25
4661,2025-03-28,Home,NOP,GSW,L,4.0,95,33,81,7,23,46,24,6,5,16,2024-25
4662,2025-03-28,Away,CHA,TOR,L,3.0,97,39,96,9,31,56,29,5,5,18,2024-25
4663,2025-03-28,Away,GSW,NOP,W,3.0,111,38,92,13,55,50,29,10,1,11,2024-25
4664,2025-03-28,Home,BKN,LAC,L,2.0,100,33,89,14,47,43,27,10,3,15,2024-25
4665,2025-03-29,Away,BOS,SAS,W,3.0,121,45,94,17,51,54,32,2,4,11,2024-25
4666,2025-03-29,Home,CHI,DAL,L,2.0,119,43,91,14,33,56,31,4,3,19,2024-25
4667,2025-03-29,Home,MEM,LAL,L,2.0,127,50,95,14,32,41,33,7,4,12,2024-25
4668,2025-03-29,Away,MIA,PHI,W,2.0,118,44,93,20,43,47,33,12,4,11,2024-25
4669,2025-03-29,Away,IND,OKC,L,2.0,111,39,87,14,42,43,27,6,6,13,2024-25
4670,2025-03-29,Home,PHI,MIA,L,3.0,95,38,76,13,32,37,28,7,7,18,2024-25
4671,2025-03-29,Home,SAS,BOS,L,2.0,111,38,87,14,40,35,25,6,1,5,2024-25
4672,2025-03-29,Away,SAC,ORL,L,2.0,91,34,81,7,28,41,17,6,6,16,2024-25
4673,2025-03-29,Away,LAL,MEM,W,2.0,134,45,89,19,43,42,30,7,3,13,2024-25
4674,2025-03-29,Home,OKC,IND,W,2.0,132,48,94,17,36,47,26,9,4,10,2024-25
4675,2025-03-29,Home,ORL,SAC,W,2.0,121,44,89,18,39,49,31,10,2,14,2024-25
4676,2025-03-29,Away,BKN,WAS,W,1.0,115,39,88,18,46,49,25,2,4,14,2024-25
4677,2025-03-29,Home,WAS,BKN,L,2.0,112,37,85,9,34,40,21,5,7,6,2024-25
4678,2025-03-29,Away,DAL,CHI,W,2.0,120,47,101,9,30,41,28,9,8,6,2024-25
4679,2025-03-30,Home,CLE,LAC,W,2.0,127,47,93,15,45,45,33,11,3,10,2024-25
4680,2025-03-30,Away,DET,MIN,L,2.0,104,34,95,12,38,44,22,3,3,7,2024-25
4681,2025-03-30,Home,SAS,GSW,L,1.0,106,40,84,16,42,34,30,4,3,21,2024-25
4682,2025-03-30,Away,POR,NYK,L,3.0,93,38,87,9,36,39,19,9,4,14,2024-25
4683,2025-03-30,Away,ATL,MIL,W,3.0,145,50,94,17,48,46,36,10,2,9,2024-25
4684,2025-03-30,Away,TOR,PHI,W,2.0,127,49,103,17,38,46,32,10,4,11,2024-25
4685,2025-03-30,Home,MIL,ATL,L,2.0,124,39,82,12,35,36,21,5,2,14,2024-25
4686,2025-03-30,Home,PHX,HOU,L,2.0,109,42,87,10,32,39,25,8,5,19,2024-25
4687,2025-03-30,Away,HOU,PHX,W,3.0,148,56,98,18,31,45,37,14,4,10,2024-25
4688,2025-03-30,Away,LAC,CLE,L,2.0,122,45,93,16,41,44,25,6,4,14,2024-25
4689,2025-03-30,Home,NOP,CHA,W,2.0,98,38,92,9,31,57,24,9,8,17,2024-25
4690,2025-03-30,Home,NYK,POR,W,2.0,110,45,84,10,25,44,27,10,10,15,2024-25
4691,2025-03-30,Away,CHA,NOP,L,2.0,94,32,91,8,33,50,20,15,6,15,2024-25
4692,2025-03-30,Away,GSW,SAS,W,2.0,148,56,97,21,44,44,42,17,3,13,2024-25
4693,2025-03-30,Home,PHI,TOR,L,1.0,109,42,89,8,29,46,25,6,10,18,2024-25
4694,2025-03-30,Home,MIN,DET,W,2.0,123,44,93,12,31,59,24,3,9,10,2024-25
4695,2025-03-31,Away,HOU,LAL,L,1.0,98,37,89,10,32,51,26,7,5,15,2024-25
4696,2025-03-31,Away,SAC,IND,L,2.0,109,43,92,12,27,45,22,7,2,12,2024-25
4697,2025-03-31,Home,DAL,BKN,L,2.0,109,41,86,10,30,49,29,4,3,10,2024-25
4698,2025-03-31,Home,CHA,UTA,W,1.0,110,43,80,15,38,47,33,3,5,18,2024-25
4699,2025-03-31,Away,UTA,CHA,L,3.0,106,39,96,14,52,41,25,13,2,10,2024-25
4700,2025-03-31,Away,LAC,ORL,W,1.0,96,36,82,8,31,47,18,12,5,16,2024-25
4701,2025-03-31,Away,BKN,DAL,W,2.0,113,39,90,20,51,40,32,6,3,8,2024-25
4702,2025-03-31,Home,LAL,HOU,W,2.0,104,35,89,16,46,45,22,11,6,11,2024-25
4703,2025-03-31,Home,IND,SAC,W,2.0,111,42,90,14,41,40,28,6,5,13,2024-25
4704,2025-03-31,Away,BOS,MEM,W,2.0,117,39,96,21,62,54,30,4,3,13,2024-25
4705,2025-03-31,Away,MIA,WAS,W,2.0,120,47,93,9,32,62,29,12,2,19,2024-25
4706,2025-03-31,Home,MEM,BOS,L,2.0,103,41,92,11,44,45,21,9,3,11,2024-25
4707,2025-03-31,Home,ORL,LAC,L,2.0,87,30,76,7,26,32,18,10,4,15,2024-25
4708,2025-03-31,Away,CHI,OKC,L,2.0,117,44,98,16,51,43,29,7,7,20,2024-25
4709,2025-03-31,Home,WAS,MIA,L,2.0,94,34,86,13,43,39,22,14,4,18,2024-25
4710,2025-03-31,Home,OKC,CHI,W,2.0,145,52,98,23,43,44,39,11,6,14,2024-25
4711,2025-04-01,Home,MIL,PHX,W,2.0,133,51,74,17,29,29,32,6,5,20,2024-25
4712,2025-04-01,Away,TOR,CHI,L,2.0,118,44,97,20,45,35,35,7,3,12,2024-25
4713,2025-04-01,Home,NYK,PHI,W,2.0,105,36,85,12,31,44,23,10,4,19,2024-25
4714,2025-04-01,Away,PHX,MIL,L,2.0,123,44,92,18,45,33,26,6,0,14,2024-25
4715,2025-04-01,Home,ATL,POR,L,2.0,113,41,92,7,32,45,26,12,8,20,2024-25
4716,2025-04-01,Away,GSW,MEM,W,2.0,134,42,99,22,56,49,29,11,3,11,2024-25
4717,2025-04-01,Away,MIN,DEN,W,2.0,140,52,111,19,50,52,35,5,2,14,2024-25
4718,2025-04-01,Away,POR,ATL,W,2.0,127,47,103,13,41,54,30,13,5,17,2024-25
4719,2025-04-01,Home,SAS,ORL,L,2.0,105,40,81,13,32,38,24,7,4,17,2024-25
4720,2025-04-01,Away,PHI,NYK,L,2.0,91,34,81,6,31,42,23,11,5,20,2024-25
4721,2025-04-01,Home,CHI,TOR,W,1.0,137,50,88,14,34,49,36,10,2,12,2024-25
4722,2025-04-01,Home,DEN,MIN,L,4.0,139,47,86,12,34,45,33,7,7,18,2024-25
4723,2025-04-01,Away,ORL,SAS,W,1.0,116,43,90,18,47,41,28,12,7,13,2024-25
4724,2025-04-01,Home,MEM,GSW,L,1.0,125,44,92,18,44,43,22,7,6,16,2024-25
4725,2025-04-02,Home,DAL,ATL,W,2.0,120,44,83,15,33,42,27,7,8,15,2024-25
4726,2025-04-02,Home,LAC,NOP,W,2.0,114,40,76,13,32,30,27,9,4,13,2024-25
4727,2025-04-02,Away,UTA,HOU,L,2.0,105,40,94,10,40,39,25,7,6,10,2024-25
4728,2025-04-02,Away,NYK,CLE,L,1.0,105,40,90,11,36,39,24,7,2,16,2024-25
4729,2025-04-02,Home,BOS,MIA,L,2.0,103,39,87,12,43,43,24,3,6,13,2024-25
4730,2025-04-02,Away,ATL,DAL,L,1.0,118,42,97,15,39,43,29,7,3,11,2024-25
4731,2025-04-02,Home,HOU,UTA,W,2.0,143,56,104,19,45,63,30,4,6,10,2024-25
4732,2025-04-02,Home,WAS,SAC,W,2.0,116,43,84,17,43,41,24,6,3,14,2024-25
4733,2025-04-02,Away,MIA,BOS,W,2.0,124,43,83,14,30,34,28,9,2,5,2024-25
4734,2025-04-02,Away,NOP,LAC,L,3.0,98,43,85,4,22,39,29,9,4,17,2024-25
4735,2025-04-02,Home,OKC,DET,W,2.0,119,42,96,10,38,46,25,12,11,10,2024-25
4736,2025-04-02,Home,DEN,SAS,L,1.0,106,38,96,13,44,58,24,7,4,12,2024-25
4737,2025-04-02,Home,CLE,NYK,W,3.0,124,50,94,12,37,44,23,8,5,13,2024-25
4738,2025-04-02,Away,SAC,WAS,L,2.0,111,40,95,10,39,48,25,10,3,11,2024-25
4739,2025-04-02,Home,IND,CHA,W,2.0,119,47,95,18,44,38,29,10,6,6,2024-25
4740,2025-04-02,Away,DET,OKC,L,3.0,103,36,89,10,33,43,20,5,7,19,2024-25
4741,2025-04-02,Away,CHA,IND,L,2.0,105,41,78,10,24,44,20,3,2,18,2024-25
4742,2025-04-02,Away,SAS,DEN,W,1.0,113,43,97,17,46,52,27,6,5,10,2024-25
4743,2025-04-03,Away,POR,TOR,W,2.0,112,42,86,10,34,54,20,10,6,25,2024-25
4744,2025-04-03,Away,MEM,MIA,W,2.0,110,40,85,16,38,49,24,8,4,18,2024-25
4745,2025-04-03,Home,TOR,POR,L,2.0,103,44,96,12,34,35,29,14,1,18,2024-25
4746,2025-04-03,Away,MIN,BKN,W,2.0,105,39,78,13,42,45,27,6,10,18,2024-25
4747,2025-04-03,Home,MIA,MEM,L,1.0,108,39,95,14,33,47,24,11,8,11,2024-25
4748,2025-04-03,Home,WAS,ORL,L,1.0,97,38,85,12,30,38,16,4,3,13,2024-25
4749,2025-04-03,Home,BKN,MIN,L,3.0,90,38,89,11,36,34,30,11,0,12,2024-25
4750,2025-04-03,Home,LAL,GSW,L,3.0,116,39,86,18,47,39,23,5,3,10,2024-25
4751,2025-04-03,Home,PHI,MIL,L,2.0,113,43,89,12,39,40,30,8,4,15,2024-25
4752,2025-04-03,Away,ORL,WAS,W,2.0,109,38,82,11,30,47,27,7,8,12,2024-25
4753,2025-04-03,Away,MIL,PHI,W,2.0,126,46,82,16,31,40,32,7,7,11,2024-25
4754,2025-04-03,Away,GSW,LAL,W,2.0,123,39,82,19,42,46,30,5,2,13,2024-25
4755,2025-04-04,Away,PHX,BOS,L,3.0,103,41,93,12,37,40,24,7,2,8,2024-25
4756,2025-04-04,Home,SAS,CLE,L,2.0,113,41,94,16,48,44,27,9,4,12,2024-25
4757,2025-04-04,Home,LAL,NOP,W,1.0,124,41,79,16,41,36,26,7,2,13,2024-25
4758,2025-04-04,Away,UTA,IND,L,2.0,112,39,104,16,52,52,21,5,1,13,2024-25
4759,2025-04-04,Home,CHI,POR,W,3.0,118,41,87,10,27,61,25,2,8,18,2024-25
4760,2025-04-04,Home,BOS,PHX,W,2.0,123,45,87,14,39,49,28,1,4,7,2024-25
4761,2025-04-04,Away,DET,TOR,W,2.0,117,41,89,12,34,47,27,11,7,14,2024-25
4762,2025-04-04,Home,LAC,DAL,W,2.0,114,44,89,14,30,48,23,11,4,13,2024-25
4763,2025-04-04,Home,HOU,OKC,W,2.0,125,45,92,13,29,48,24,10,5,15,2024-25
4764,2025-04-04,Away,CLE,SAS,W,2.0,114,41,87,22,51,44,31,6,4,17,2024-25
4765,2025-04-04,Away,POR,CHI,L,1.0,113,44,115,11,42,54,23,7,5,5,2024-25
4766,2025-04-04,Away,NOP,LAL,L,2.0,108,40,82,14,34,38,27,10,2,17,2024-25
4767,2025-04-04,Home,IND,UTA,W,2.0,140,51,89,12,32,51,38,8,17,7,2024-25
4768,2025-04-04,Away,DEN,GSW,L,2.0,104,40,74,12,31,38,28,8,4,26,2024-25
4769,2025-04-04,Home,CHA,SAC,L,2.0,102,33,83,8,35,45,17,2,2,13,2024-25
4770,2025-04-04,Away,DAL,LAC,L,2.0,91,35,77,4,20,39,19,7,0,18,2024-25
4771,2025-04-04,Away,OKC,HOU,L,2.0,111,43,89,13,35,33,24,7,6,15,2024-25
4772,2025-04-04,Home,GSW,DEN,W,1.0,118,43,88,16,38,36,25,14,2,14,2024-25
4773,2025-04-04,Home,TOR,DET,L,1.0,105,38,91,13,37,49,24,9,6,16,2024-25
4774,2025-04-04,Away,SAC,CHA,W,2.0,125,45,91,16,36,44,26,4,3,8,2024-25
4775,2025-04-05,Home,PHI,MIN,L,2.0,109,44,91,12,35,34,26,9,4,11,2024-25
4776,2025-04-05,Home,DET,MEM,L,1.0,103,37,96,11,42,44,24,9,6,7,2024-25
4777,2025-04-05,Away,NYK,ATL,W,3.0,121,45,84,15,29,38,32,8,5,14,2024-25
4778,2025-04-05,Home,MIA,MIL,L,2.0,115,43,102,15,46,52,24,4,1,10,2024-25
4779,2025-04-05,Home,LAC,DAL,W,1.0,135,54,96,11,28,45,31,11,3,7,2024-25
4780,2025-04-05,Away,MIL,MIA,W,2.0,121,45,87,8,24,47,29,6,3,9,2024-25
4781,2025-04-05,Away,DAL,LAC,L,1.0,104,34,78,7,27,41,18,5,8,16,2024-25
4782,2025-04-05,Away,MIN,PHI,W,2.0,114,41,81,11,34,47,22,5,7,15,2024-25
4783,2025-04-05,Home,ATL,NYK,L,3.0,105,41,88,14,45,38,24,11,7,15,2024-25
4784,2025-04-05,Away,MEM,DET,W,2.0,109,39,94,9,32,64,19,4,3,15,2024-25
4785,2025-04-06,Home,CHA,CHI,L,2.0,117,41,85,8,30,40,25,7,2,14,2024-25
4786,2025-04-06,Home,ATL,UTA,W,1.0,147,54,95,22,41,42,43,7,3,12,2024-25
4787,2025-04-06,Home,BKN,TOR,L,3.0,109,39,82,10,35,46,25,8,7,24,2024-25
4788,2025-04-06,Away,MIL,NOP,W,1.0,111,43,92,11,32,51,29,10,4,7,2024-25
4789,2025-04-06,Away,WAS,BOS,L,3.0,90,35,86,12,45,32,21,5,3,10,2024-25
4790,2025-04-06,Home,DEN,IND,L,2.0,120,50,93,8,31,47,33,2,7,13,2024-25
4791,2025-04-06,Home,NOP,MIL,L,2.0,107,43,95,12,33,48,31,4,6,12,2024-25
4792,2025-04-06,Home,BOS,WAS,W,2.0,124,48,98,24,52,62,33,6,5,14,2024-25
4793,2025-04-06,Home,NYK,PHX,W,1.0,112,40,74,12,28,41,28,6,3,15,2024-25
4794,2025-04-06,Away,SAC,CLE,W,2.0,120,44,82,14,33,39,25,10,3,17,2024-25
4795,2025-04-06,Home,POR,SAS,W,2.0,120,42,89,15,41,44,25,10,5,15,2024-25
4796,2025-04-06,Away,LAL,OKC,W,2.0,126,46,84,22,40,43,25,6,2,17,2024-25
4797,2025-04-06,Away,UTA,ATL,L,2.0,134,45,87,20,47,32,29,10,4,10,2024-25
4798,2025-04-06,Away,TOR,BKN,W,2.0,120,47,94,12,36,47,30,16,4,19,2024-25
4799,2025-04-06,Away,CHI,CHA,W,2.0,131,46,86,16,36,41,26,8,1,13,2024-25
4800,2025-04-06,Home,GSW,HOU,L,2.0,96,37,89,16,43,46,28,12,2,20,2024-25
4801,2025-04-06,Away,HOU,GSW,W,2.0,106,45,93,10,30,49,26,11,7,16,2024-25
4802,2025-04-06,Home,OKC,LAL,L,2.0,99,39,90,12,37,34,20,9,3,7,2024-25
4803,2025-04-06,Away,PHX,NYK,L,2.0,98,39,92,4,34,35,20,11,3,12,2024-25
4804,2025-04-06,Home,CLE,SAC,L,2.0,113,46,88,10,38,39,31,11,5,16,2024-25
4805,2025-04-06,Away,IND,DEN,W,2.0,125,46,96,15,44,41,34,10,7,6,2024-25
4806,2025-04-06,Away,SAS,POR,L,2.0,109,41,95,11,34,45,26,9,4,18,2024-25
4807,2025-04-07,Home,MIA,PHI,W,2.0,117,45,89,16,36,47,26,7,6,13,2024-25
4808,2025-04-07,Home,DET,SAC,L,2.0,117,42,89,13,39,37,30,8,4,9,2024-25
4809,2025-04-07,Away,SAC,DET,W,1.0,127,47,91,11,27,50,20,5,4,12,2024-25
4810,2025-04-07,Away,PHI,MIA,L,2.0,105,38,88,12,38,45,20,7,4,13,2024-25
4811,2025-04-08,Home,MIL,MIN,W,2.0,110,40,84,12,36,43,27,8,2,12,2024-25
4812,2025-04-08,Home,CLE,CHI,W,2.0,135,51,100,25,50,45,35,13,3,13,2024-25
4813,2025-04-08,Away,NOP,BKN,L,2.0,114,39,82,12,33,42,26,10,6,17,2024-25
4814,2025-04-08,Home,LAC,SAS,W,3.0,122,48,93,14,30,50,30,6,0,17,2024-25
4815,2025-04-08,Away,GSW,PHX,W,2.0,133,45,93,15,40,57,31,14,3,15,2024-25
4816,2025-04-08,Home,PHX,GSW,L,2.0,95,35,88,12,43,41,22,12,4,19,2024-25
4817,2025-04-08,Away,ATL,ORL,L,2.0,112,40,88,14,41,41,25,7,6,18,2024-25
4818,2025-04-08,Away,MIN,MIL,L,3.0,103,41,89,13,40,42,25,4,3,14,2024-25
4819,2025-04-08,Home,IND,WAS,W,2.0,104,33,87,9,35,49,21,7,5,9,2024-25
4820,2025-04-08,Home,ORL,ATL,W,5.0,119,42,84,14,34,43,23,13,6,14,2024-25
4821,2025-04-08,Home,OKC,LAL,W,2.0,136,52,104,18,37,44,26,9,5,7,2024-25
4822,2025-04-08,Home,CHA,MEM,L,2.0,100,37,81,11,38,38,22,3,4,15,2024-25
4823,2025-04-08,Away,MEM,CHA,W,3.0,124,42,93,18,55,52,23,12,3,14,2024-25
4824,2025-04-08,Away,CHI,CLE,L,2.0,113,41,86,15,43,45,26,9,3,20,2024-25
4825,2025-04-08,Away,SAS,LAC,L,2.0,117,45,85,17,42,34,29,8,4,17,2024-25
4826,2025-04-08,Away,LAL,OKC,L,2.0,120,37,80,18,40,45,21,2,6,19,2024-25
4827,2025-04-08,Home,NYK,BOS,L,2.0,117,48,101,11,38,52,28,8,6,11,2024-25
4828,2025-04-08,Away,BOS,NYK,W,2.0,119,40,87,19,49,38,26,8,4,15,2024-25
4829,2025-04-08,Away,WAS,IND,L,2.0,98,38,91,11,39,50,18,2,8,14,2024-25
4830,2025-04-08,Home,BKN,NOP,W,2.0,119,41,83,17,40,40,30,11,4,16,2024-25
4831,2025-04-09,Home,DAL,LAL,L,4.0,97,36,72,9,26,38,30,6,6,20,2024-25
4832,2025-04-09,Home,CHI,MIA,W,1.0,119,46,89,14,37,46,33,8,7,16,2024-25
4833,2025-04-09,Home,GSW,SAS,L,1.0,111,36,86,16,48,45,29,8,2,12,2024-25
4834,2025-04-09,Away,MIA,CHI,L,2.0,111,44,92,12,33,39,28,11,3,13,2024-25
4835,2025-04-09,Away,DEN,SAC,W,3.0,124,43,86,13,34,45,30,7,5,7,2024-25
4836,2025-04-09,Home,TOR,CHA,W,3.0,126,49,104,19,52,55,37,8,2,9,2024-25
4837,2025-04-09,Home,PHX,OKC,L,1.0,112,42,87,15,42,38,31,10,3,15,2024-25
4838,2025-04-09,Home,SAC,DEN,L,2.0,116,43,92,16,36,40,25,2,5,8,2024-25
4839,2025-04-09,Away,SAS,GSW,W,1.0,114,39,81,18,46,43,23,6,5,15,2024-25
4840,2025-04-09,Home,ORL,BOS,W,1.0,96,37,91,16,45,49,23,5,3,10,2024-25
4841,2025-04-09,Home,WAS,PHI,L,1.0,103,34,87,10,33,47,22,9,2,17,2024-25
4842,2025-04-09,Home,LAC,HOU,W,1.0,134,48,90,19,37,43,33,10,3,12,2024-25
4843,2025-04-09,Away,CHA,TOR,L,1.0,96,36,82,11,35,41,23,5,3,19,2024-25
4844,2025-04-09,Home,UTA,POR,W,3.0,133,50,98,15,36,56,27,14,4,24,2024-25
4845,2025-04-09,Away,POR,UTA,L,3.0,126,48,104,11,45,43,27,13,5,17,2024-25
4846,2025-04-09,Away,HOU,LAC,L,3.0,117,45,88,20,40,36,24,7,4,14,2024-25
4847,2025-04-09,Away,PHI,WAS,W,2.0,122,39,91,16,50,55,20,10,8,17,2024-25
4848,2025-04-09,Away,OKC,PHX,W,1.0,125,45,86,12,30,44,24,11,2,12,2024-25
4849,2025-04-09,Away,LAL,DAL,W,1.0,112,42,90,12,36,39,22,14,0,12,2024-25
4850,2025-04-09,Away,BOS,ORL,L,1.0,76,32,82,7,40,43,20,5,5,16,2024-25
4851,2025-04-10,Home,MEM,MIN,L,2.0,125,46,89,18,36,33,26,5,2,15,2024-25
4852,2025-04-10,Home,BKN,ATL,L,2.0,109,36,90,22,52,41,31,8,2,19,2024-25
4853,2025-04-10,Away,NOP,MIL,L,2.0,111,41,96,15,47,53,28,8,0,16,2024-25
4854,2025-04-10,Away,ATL,BKN,W,2.0,133,48,84,15,36,51,36,11,1,15,2024-25
4855,2025-04-10,Home,IND,CLE,W,2.0,114,43,93,14,41,46,28,3,11,10,2024-25
4856,2025-04-10,Away,MIN,MEM,W,2.0,141,48,87,20,44,41,29,6,3,16,2024-25
4857,2025-04-10,Away,CLE,IND,L,2.0,112,43,98,17,37,50,24,6,3,11,2024-25
4858,2025-04-10,Away,NYK,DET,L,2.0,106,42,90,11,34,34,32,11,6,17,2024-25
4859,2025-04-10,Home,DET,NYK,W,3.0,115,47,82,8,22,35,20,5,6,15,2024-25
4860,2025-04-10,Home,MIL,NOP,W,2.0,136,49,90,18,45,43,27,13,4,12,2024-25
4861,2025-04-11,Away,BKN,MIN,L,1.0,91,33,90,12,41,41,24,7,1,10,2024-25
4862,2025-04-11,Away,CLE,NYK,W,1.0,108,38,77,11,31,49,23,7,2,15,2024-25
4863,2025-04-11,Home,IND,ORL,L,1.0,115,40,89,12,29,44,24,8,7,20,2024-25
4864,2025-04-11,Away,MEM,DEN,L,1.0,109,41,91,14,43,41,26,8,5,13,2024-25
4865,2025-04-11,Away,WAS,CHI,L,2.0,89,35,91,10,41,41,26,7,5,18,2024-25
4866,2025-04-11,Away,OKC,UTA,W,2.0,145,56,100,24,53,47,41,12,4,10,2024-25
4867,2025-04-11,Away,ORL,IND,W,2.0,129,49,85,13,32,35,32,14,11,20,2024-25
4868,2025-04-11,Home,DAL,TOR,W,2.0,124,49,89,15,34,56,34,8,10,20,2024-25
4869,2025-04-11,Away,HOU,LAL,L,2.0,109,41,90,18,51,37,22,8,5,19,2024-25
4870,2025-04-11,Home,NYK,CLE,L,1.0,102,36,88,16,41,35,22,11,2,11,2024-25
4871,2025-04-11,Home,POR,GSW,L,2.0,86,32,85,6,30,52,21,9,5,22,2024-25
4872,2025-04-11,Home,UTA,OKC,L,2.0,111,39,103,17,63,57,23,7,3,16,2024-25
4873,2025-04-11,Home,NOP,MIA,L,1.0,104,38,95,14,37,42,27,6,2,15,2024-25
4874,2025-04-11,Home,MIN,BKN,W,1.0,117,42,77,11,31,48,27,5,5,12,2024-25
4875,2025-04-11,Away,CHA,BOS,L,2.0,94,36,93,15,40,48,25,7,4,17,2024-25
4876,2025-04-11,Away,LAC,SAC,W,2.0,101,40,78,7,21,37,19,6,2,12,2024-25
4877,2025-04-11,Away,SAS,PHX,L,2.0,98,39,90,13,34,40,28,7,2,15,2024-25
4878,2025-04-11,Away,MIL,DET,W,1.0,125,43,94,17,39,44,30,7,8,7,2024-25
4879,2025-04-11,Home,SAC,LAC,L,2.0,100,37,85,10,31,43,23,5,1,11,2024-25
4880,2025-04-11,Home,DEN,MEM,W,2.0,117,44,91,5,24,52,32,9,2,13,2024-25
4881,2025-04-11,Home,PHX,SAS,W,2.0,117,44,95,19,47,52,27,9,10,11,2024-25
4882,2025-04-11,Away,TOR,DAL,L,2.0,102,40,100,11,39,43,22,11,4,11,2024-25
4883,2025-04-11,Home,LAL,HOU,W,2.0,140,53,87,19,37,42,28,11,1,13,2024-25
4884,2025-04-11,Away,GSW,POR,W,2.0,103,33,83,14,44,45,26,15,7,15,2024-25
4885,2025-04-11,Away,MIA,NOP,W,2.0,153,58,104,20,45,60,36,12,5,9,2024-25
4886,2025-04-11,Home,CHI,WAS,W,2.0,119,43,93,13,41,54,32,8,7,13,2024-25
4887,2025-04-11,Away,ATL,PHI,W,1.0,124,45,94,16,42,53,28,9,5,15,2024-25
4888,2025-04-11,Home,DET,MIL,L,1.0,119,46,93,18,39,42,30,1,9,11,2024-25
4889,2025-04-11,Home,BOS,CHA,W,2.0,130,49,95,23,51,52,35,9,8,10,2024-25
4890,2025-04-11,Home,PHI,ATL,L,2.0,110,43,97,12,35,45,29,6,6,15,2024-25
4891,2025-04-13,Home,MEM,DAL,W,2.0,132,52,104,15,40,53,31,13,7,12,2024-25
4892,2025-04-13,Away,TOR,SAS,L,2.0,118,46,97,14,39,42,32,8,1,13,2024-25
4893,2025-04-13,Home,ATL,ORL,W,2.0,117,47,88,17,40,44,32,8,2,16,2024-25
4894,2025-04-13,Home,BKN,NYK,L,2.0,105,38,74,12,35,42,21,4,2,19,2024-25
4895,2025-04-13,Home,BOS,CHA,W,2.0,93,35,90,14,45,49,22,12,6,13,2024-25
4896,2025-04-13,Away,CHA,BOS,L,2.0,86,32,85,11,39,51,23,10,4,17,2024-25
4897,2025-04-13,Away,CHI,PHI,W,2.0,122,47,103,13,40,59,29,10,4,13,2024-25
4898,2025-04-13,Home,CLE,IND,L,2.0,118,44,115,18,60,65,21,6,9,22,2024-25
4899,2025-04-13,Away,DAL,MEM,L,2.0,97,38,87,5,28,38,20,6,3,18,2024-25
4900,2025-04-13,Away,DEN,HOU,W,2.0,126,45,88,10,29,47,28,7,6,9,2024-25
4901,2025-04-13,Away,DET,MIL,L,2.0,133,51,107,22,59,42,35,9,3,13,2024-25
4902,2025-04-13,Home,GSW,LAC,L,2.0,119,43,79,15,33,25,31,11,6,16,2024-25
4903,2025-04-13,Home,HOU,DEN,L,2.0,111,45,100,12,34,45,32,5,4,10,2024-25
4904,2025-04-13,Away,IND,CLE,W,2.0,126,48,119,10,42,61,27,15,10,13,2024-25
4905,2025-04-13,Away,UTA,MIN,L,2.0,105,40,89,16,42,40,24,6,5,14,2024-25
4906,2025-04-13,Away,LAC,GSW,W,2.0,124,48,86,14,30,42,28,11,3,16,2024-25
4907,2025-04-13,Home,MIA,WAS,L,2.0,118,49,98,10,32,46,28,8,6,8,2024-25
4908,2025-04-13,Home,MIL,DET,W,2.0,140,50,86,23,44,38,30,5,7,21,2024-25
4909,2025-04-13,Home,MIN,UTA,W,2.0,116,46,98,13,43,54,23,9,9,13,2024-25
4910,2025-04-13,Home,NOP,OKC,L,2.0,100,35,91,7,38,47,22,6,4,13,2024-25
4911,2025-04-13,Away,NYK,BKN,W,2.0,113,37,86,16,42,40,27,10,3,12,2024-25
4912,2025-04-13,Away,OKC,NOP,W,2.0,115,41,98,9,47,54,16,8,4,10,2024-25
4913,2025-04-13,Away,ORL,ATL,L,2.0,105,40,88,15,35,43,25,11,5,15,2024-25
4914,2025-04-13,Home,PHI,CHI,L,2.0,102,36,94,12,44,48,20,7,6,15,2024-25
4915,2025-04-13,Away,PHX,SAC,L,2.0,98,40,84,15,44,37,28,6,1,13,2024-25
4916,2025-04-13,Home,POR,LAL,W,2.0,109,42,96,15,42,56,27,7,6,16,2024-25
4917,2025-04-13,Home,SAC,PHX,W,2.0,109,46,88,14,34,43,31,6,4,13,2024-25
4918,2025-04-13,Home,SAS,TOR,W,2.0,125,43,84,11,32,50,22,11,2,12,2024-25
4919,2025-04-13,Away,LAL,POR,L,2.0,81,31,80,9,28,42,21,9,11,21,2024-25
4920,2025-04-13,Away,WAS,MIA,W,2.0,119,46,90,16,37,43,33,4,3,11,2024-25
4921,2025-10-21,Away,GSW,LAL,W,,119,38,78,17,40,40,29,10,4,19,2025-26
4922,2025-10-21,Home,OKC,HOU,W,,125,46,104,13,52,38,29,12,4,12,2025-26
4923,2025-10-21,Home,LAL,GSW,L,,109,42,77,8,32,39,23,7,2,20,2025-26
4924,2025-10-21,Away,HOU,OKC,L,,124,43,97,11,39,52,23,6,5,25,2025-26
4925,2025-10-22,Home,ATL,TOR,L,,118,38,90,10,35,34,25,7,6,16,2025-26
4926,2025-10-22,Home,DAL,SAS,L,,92,31,83,9,21,37,20,5,3,16,2025-26
4927,2025-10-22,Home,POR,MIN,L,,114,36,90,13,42,39,25,10,3,16,2025-26
4928,2025-10-22,Home,MIL,WAS,W,,133,50,98,18,44,46,31,8,6,8,2025-26
4929,2025-10-22,Away,LAC,UTA,L,,108,39,88,14,45,38,28,8,6,15,2025-26
4930,2025-10-22,Away,NOP,MEM,L,,122,45,98,10,27,47,20,10,4,15,2025-26
4931,2025-10-22,Home,PHX,SAC,W,,120,45,95,10,34,51,23,7,7,16,2025-26
4932,2025-10-22,Away,WAS,MIL,L,,120,46,98,17,42,56,23,5,4,13,2025-26
4933,2025-10-22,Home,MEM,NOP,W,,128,41,80,11,37,39,20,5,12,17,2025-26
4934,2025-10-22,Away,PHI,BOS,W,,117,39,85,16,41,40,23,3,4,14,2025-26
4935,2025-10-22,Away,MIA,ORL,L,,121,44,91,12,35,47,26,9,4,19,2025-26
4936,2025-10-22,Away,BKN,CHA,L,,117,39,88,14,40,38,25,8,3,17,2025-26
4937,2025-10-22,Away,MIN,POR,W,,118,42,86,15,30,45,21,10,10,19,2025-26
4938,2025-10-22,Home,ORL,MIA,W,,125,42,90,12,30,46,23,8,7,15,2025-26
4939,2025-10-22,Home,BOS,PHI,L,,116,41,91,11,43,42,16,7,4,11,2025-26
4940,2025-10-22,Home,NYK,CLE,W,,119,37,86,14,40,48,22,8,4,14,2025-26
4941,2025-10-22,Away,TOR,ATL,W,,138,54,95,6,25,54,36,10,4,19,2025-26
4942,2025-10-22,Away,SAS,DAL,W,,125,50,87,8,20,50,24,10,5,15,2025-26
4943,2025-10-22,Home,CHA,BKN,W,,136,48,90,17,36,50,33,5,5,17,2025-26
4944,2025-10-22,Away,DET,CHI,L,,111,43,97,7,24,46,29,8,10,10,2025-26
4945,2025-10-22,Home,CHI,DET,W,,115,39,87,11,30,50,29,6,8,18,2025-26
4946,2025-10-22,Away,SAC,PHX,L,,116,47,94,9,24,37,24,10,10,13,2025-26
4947,2025-10-22,Home,UTA,LAC,W,,129,48,87,17,44,46,38,11,6,13,2025-26
4948,2025-10-22,Away,CLE,NYK,L,,111,40,86,19,46,32,21,8,4,15,2025-26
4949,2025-10-23,Home,GSW,DEN,W,2.0,137,50,99,18,47,43,33,11,3,9,2025-26
4950,2025-10-23,Home,IND,OKC,L,,135,46,105,13,43,55,21,6,4,14,2025-26
4951,2025-10-23,Away,DEN,GSW,L,,131,51,95,16,40,43,32,8,4,13,2025-26
4952,2025-10-23,Away,OKC,IND,W,2.0,141,43,95,10,35,60,17,6,2,14,2025-26
4953,2025-10-24,Home,LAL,MIN,W,3.0,128,45,76,12,29,38,26,6,3,12,2025-26
4954,2025-10-24,Away,WAS,DAL,W,2.0,117,41,90,15,36,48,27,11,8,17,2025-26
4955,2025-10-24,Home,NYK,BOS,W,2.0,105,33,86,17,45,53,23,7,4,20,2025-26
4956,2025-10-24,Away,UTA,SAC,L,2.0,104,38,86,13,41,50,25,6,1,20,2025-26
4957,2025-10-24,Away,SAS,NOP,W,2.0,120,45,98,13,43,59,25,6,13,19,2025-26
4958,2025-10-24,Home,BKN,CLE,L,2.0,124,49,96,19,45,38,30,9,0,20,2025-26
4959,2025-10-24,Home,ORL,ATL,L,2.0,107,37,78,9,31,45,21,7,3,22,2025-26
4960,2025-10-24,Away,MIN,LAL,L,2.0,110,41,88,13,38,40,24,4,3,12,2025-26
4961,2025-10-24,Away,ATL,ORL,W,2.0,111,41,85,8,29,40,26,9,5,16,2025-26
4962,2025-10-24,Home,MEM,MIA,L,2.0,114,38,95,13,45,41,29,8,4,20,2025-26
4963,2025-10-24,Away,MIA,MEM,W,2.0,146,55,102,19,40,57,34,15,4,20,2025-26
4964,2025-10-24,Away,PHX,LAC,L,2.0,102,37,90,16,47,37,23,12,4,18,2025-26
4965,2025-10-24,Away,BOS,NYK,L,2.0,95,35,82,15,44,37,19,10,7,16,2025-26
4966,2025-10-24,Home,HOU,DET,L,3.0,111,32,83,10,22,45,15,14,2,14,2025-26
4967,2025-10-24,Home,DAL,WAS,L,2.0,107,38,88,10,34,48,23,11,5,21,2025-26
4968,2025-10-24,Home,POR,GSW,W,2.0,139,50,93,16,34,38,30,13,5,19,2025-26
4969,2025-10-24,Away,GSW,POR,L,1.0,119,35,80,16,38,41,24,12,3,25,2025-26
4970,2025-10-24,Away,DET,HOU,W,2.0,115,42,90,16,39,48,26,6,11,18,2025-26
4971,2025-10-24,Home,NOP,SAS,L,2.0,116,42,97,10,32,45,24,10,3,15,2025-26
4972,2025-10-24,Home,SAC,UTA,W,2.0,105,40,83,14,32,33,23,10,4,13,2025-26
4973,2025-10-24,Away,CLE,BKN,W,2.0,131,44,82,18,42,36,32,14,5,17,2025-26
4974,2025-10-24,Home,LAC,PHX,W,2.0,129,45,76,16,29,45,32,12,5,19,2025-26
4975,2025-10-24,Home,TOR,MIL,L,2.0,116,42,85,11,27,41,25,10,4,16,2025-26
4976,2025-10-24,Away,MIL,TOR,W,2.0,122,47,90,14,40,51,25,9,5,19,2025-26
4977,2025-10-25,Home,MEM,IND,W,1.0,128,44,97,15,39,49,31,6,4,6,2025-26
4978,2025-10-25,Away,IND,MEM,L,2.0,103,36,89,14,40,44,25,2,5,13,2025-26
4979,2025-10-25,Away,CHI,ORL,W,3.0,110,39,83,10,27,46,26,13,2,20,2025-26
4980,2025-10-25,Home,ORL,CHI,L,1.0,98,34,87,3,24,53,12,8,5,20,2025-26
4981,2025-10-25,Home,DEN,PHX,W,2.0,133,43,84,9,31,43,31,14,1,16,2025-26
4982,2025-10-25,Away,CHA,PHI,L,3.0,121,43,89,16,42,45,30,6,3,17,2025-26
4983,2025-10-25,Home,PHI,CHA,W,3.0,125,41,87,18,39,40,29,10,5,15,2025-26
4984,2025-10-25,Away,PHX,DEN,L,1.0,111,38,88,17,50,38,24,7,4,20,2025-26
4985,2025-10-25,Home,ATL,OKC,L,1.0,100,35,85,16,39,46,25,7,5,17,2025-26
4986,2025-10-25,Away,OKC,ATL,W,2.0,117,43,93,14,37,50,21,13,3,13,2025-26
4987,2025-10-26,Home,MIA,NYK,W,2.0,115,38,83,13,37,50,25,7,1,16,2025-26
4988,2025-10-26,Home,SAS,BKN,W,2.0,118,39,78,12,27,45,20,7,6,15,2025-26
4989,2025-10-26,Away,CHA,WAS,W,1.0,139,47,92,15,38,52,30,12,4,12,2025-26
4990,2025-10-26,Away,BOS,DET,L,2.0,113,40,94,15,45,38,17,11,8,12,2025-26
4991,2025-10-26,Away,BKN,SAS,L,2.0,107,34,87,16,50,34,22,9,0,12,2025-26
4992,2025-10-26,Away,TOR,DAL,L,2.0,129,49,100,13,33,43,33,10,1,16,2025-26
4993,2025-10-26,Home,DAL,TOR,W,2.0,139,50,85,10,26,49,32,12,7,20,2025-26
4994,2025-10-26,Away,POR,LAC,L,2.0,107,34,92,11,41,42,24,12,2,16,2025-26
4995,2025-10-26,Away,NYK,MIA,L,2.0,107,38,98,15,54,52,23,9,3,16,2025-26
4996,2025-10-26,Home,WAS,CHA,L,2.0,113,41,91,10,34,40,25,5,4,15,2025-26
4997,2025-10-26,Home,MIN,IND,W,2.0,114,39,84,10,33,48,19,9,4,14,2025-26
4998,2025-10-26,Home,DET,BOS,W,2.0,119,39,93,9,34,55,22,7,5,16,2025-26
4999,2025-10-26,Home,LAC,POR,W,2.0,114,44,80,12,31,46,26,11,8,24,2025-26
5000,2025-10-26,Away,MIL,CLE,L,2.0,113,40,79,13,33,37,25,12,6,18,2025-26
5001,2025-10-26,Home,CLE,MIL,W,2.0,118,39,87,12,40,44,23,10,2,17,2025-26
5002,2025-10-26,Home,SAC,LAL,L,2.0,120,45,101,18,43,40,27,13,4,16,2025-26
5003,2025-10-26,Away,LAL,SAC,W,2.0,127,39,80,8,25,47,26,9,3,17,2025-26
5004,2025-10-26,Away,IND,MIN,L,1.0,110,39,91,14,40,49,24,7,5,17,2025-26
5005,2025-10-27,Away,POR,LAL,W,1.0,122,47,103,14,43,49,24,12,9,19,2025-26
5006,2025-10-27,Away,DEN,MIN,W,2.0,127,46,88,13,26,46,24,5,4,14,2025-26
5007,2025-10-27,Away,PHX,UTA,L,2.0,134,45,106,20,55,48,37,13,8,14,2025-26
5008,2025-10-27,Home,HOU,BKN,W,3.0,137,49,85,16,32,39,33,10,4,10,2025-26
5009,2025-10-27,Away,BOS,NOP,W,1.0,122,46,95,18,53,54,25,5,7,12,2025-26
5010,2025-10-27,Home,LAL,POR,L,1.0,108,40,86,7,27,42,23,11,5,25,2025-26
5011,2025-10-27,Home,SAS,TOR,W,1.0,121,39,67,13,27,44,29,11,3,21,2025-26
5012,2025-10-27,Home,CHI,ATL,W,2.0,128,48,92,16,43,51,33,5,4,18,2025-26
5013,2025-10-27,Home,UTA,PHX,W,3.0,138,44,108,16,49,64,27,8,4,19,2025-26
5014,2025-10-27,Away,ATL,CHI,L,2.0,123,49,98,11,32,36,32,8,1,6,2025-26
5015,2025-10-27,Away,CLE,DET,W,1.0,116,39,85,11,35,48,25,11,4,20,2025-26
5016,2025-10-27,Away,TOR,SAS,L,1.0,103,37,79,12,32,20,29,9,4,15,2025-26
5017,2025-10-27,Away,OKC,DAL,W,2.0,101,42,90,6,30,55,21,5,5,13,2025-26
5018,2025-10-27,Home,DET,CLE,L,1.0,95,33,87,11,34,48,20,12,4,26,2025-26
5019,2025-10-27,Home,GSW,MEM,W,3.0,131,44,83,19,43,39,36,7,5,16,2025-26
5020,2025-10-27,Away,ORL,PHI,L,2.0,124,45,82,8,25,43,27,4,7,13,2025-26
5021,2025-10-27,Home,MIN,DEN,L,1.0,114,40,85,10,32,33,19,8,9,15,2025-26
5022,2025-10-27,Home,NOP,BOS,L,3.0,90,28,84,9,36,35,17,7,0,14,2025-26
5023,2025-10-27,Away,MEM,GSW,L,2.0,118,40,88,12,39,39,32,8,3,13,2025-26
5024,2025-10-27,Home,DAL,OKC,L,1.0,94,33,87,12,39,36,20,6,4,9,2025-26
5025,2025-10-27,Home,PHI,ORL,W,2.0,136,48,97,14,33,39,25,5,9,7,2025-26
5026,2025-10-27,Away,BKN,HOU,L,1.0,109,41,86,15,40,37,22,3,0,14,2025-26
5027,2025-10-28,Home,WAS,PHI,L,2.0,134,51,107,17,43,50,33,10,5,16,2025-26
5028,2025-10-28,Away,SAC,OKC,L,2.0,101,36,85,10,29,46,21,11,3,17,2025-26
5029,2025-10-28,Away,LAC,GSW,L,2.0,79,30,82,6,33,47,10,7,2,16,2025-26
5030,2025-10-28,Home,MIA,CHA,W,2.0,144,52,96,20,45,37,34,8,2,11,2025-26
5031,2025-10-28,Home,OKC,SAC,W,1.0,107,42,92,14,44,44,26,11,10,15,2025-26
5032,2025-10-28,Away,CHA,MIA,L,2.0,117,40,90,18,45,41,26,9,3,18,2025-26
5033,2025-10-28,Away,NYK,MIL,L,2.0,111,39,92,13,40,45,24,9,2,13,2025-26
5034,2025-10-28,Home,GSW,LAC,W,1.0,98,39,86,17,45,42,24,11,3,13,2025-26
5035,2025-10-28,Home,MIL,NYK,W,2.0,121,43,79,14,34,38,27,7,8,13,2025-26
5036,2025-10-28,Away,PHI,WAS,W,1.0,139,45,100,17,42,55,26,7,11,14,2025-26
5037,2025-10-29,Home,BOS,CLE,W,2.0,125,42,95,21,57,53,29,11,3,10,2025-26
5038,2025-10-29,Home,DAL,IND,W,2.0,107,36,79,5,24,47,21,4,7,19,2025-26
5039,2025-10-29,Away,SAC,CHI,L,1.0,113,43,82,7,28,31,28,10,2,10,2025-26
5040,2025-10-29,Home,TOR,HOU,L,2.0,121,43,85,21,40,22,29,6,2,10,2025-26
5041,2025-10-29,Home,PHX,MEM,L,2.0,113,41,86,16,40,40,25,11,4,21,2025-26
5042,2025-10-29,Away,POR,UTA,W,2.0,136,46,96,21,55,39,34,14,5,18,2025-26
5043,2025-10-29,Home,DET,ORL,W,2.0,135,46,93,13,32,46,29,11,8,14,2025-26
5044,2025-10-29,Away,NOP,DEN,L,2.0,88,32,85,7,34,36,17,9,3,14,2025-26
5045,2025-10-29,Away,LAL,MIN,W,2.0,116,45,83,11,31,40,34,6,5,19,2025-26
5046,2025-10-29,Away,IND,DAL,L,3.0,105,37,106,13,45,52,20,8,7,14,2025-26
5047,2025-10-29,Home,BKN,ATL,L,2.0,112,40,88,11,37,47,23,4,4,16,2025-26
5048,2025-10-29,Home,DEN,NOP,W,2.0,122,48,90,14,42,56,40,6,4,14,2025-26
5049,2025-10-29,Home,UTA,POR,L,2.0,134,41,84,11,35,46,30,10,7,22,2025-26
5050,2025-10-29,Away,MEM,PHX,W,2.0,114,44,93,15,38,41,31,12,3,17,2025-26
5051,2025-10-29,Home,CHI,SAC,W,2.0,126,49,91,14,32,46,34,6,2,16,2025-26
5052,2025-10-29,Away,HOU,TOR,W,2.0,139,50,87,13,30,53,31,9,8,17,2025-26
5053,2025-10-29,Away,ORL,DET,L,2.0,116,38,83,12,31,43,22,5,5,17,2025-26
5054,2025-10-29,Away,ATL,BKN,W,2.0,117,44,93,13,33,44,33,11,8,8,2025-26
5055,2025-10-29,Home,MIN,LAL,L,2.0,115,41,82,15,30,34,30,8,5,18,2025-26
5056,2025-10-29,Away,CLE,BOS,L,2.0,105,35,87,17,52,42,25,6,4,14,2025-26
5057,2025-10-30,Away,WAS,OKC,L,2.0,108,38,84,17,40,49,25,3,6,23,2025-26
5058,2025-10-30,Home,OKC,WAS,W,2.0,127,44,98,16,49,47,29,16,8,6,2025-26
5059,2025-10-30,Home,SAS,MIA,W,3.0,107,38,86,14,41,48,26,10,8,11,2025-26
5060,2025-10-30,Away,ORL,CHA,W,1.0,123,45,87,16,38,38,29,10,7,13,2025-26
5061,2025-10-30,Away,MIA,SAS,L,2.0,101,39,90,15,38,41,29,6,2,14,2025-26
5062,2025-10-30,Home,MIL,GSW,W,2.0,120,46,96,19,46,34,25,7,2,16,2025-26
5063,2025-10-30,Away,GSW,MIL,L,2.0,110,36,85,13,38,44,23,8,6,22,2025-26
5064,2025-10-30,Home,CHA,ORL,L,2.0,107,42,83,11,30,41,24,5,6,21,2025-26
5065,2025-10-31,Home,CLE,TOR,L,2.0,101,36,90,14,46,42,24,10,10,14,2025-26
5066,2025-10-31,Home,PHX,UTA,W,2.0,118,43,91,17,48,44,30,10,6,12,2025-26
5067,2025-10-31,Away,BOS,PHI,W,2.0,109,44,101,14,45,45,26,8,7,10,2025-26
5068,2025-10-31,Away,NYK,CHI,L,3.0,125,45,91,18,45,39,27,3,5,12,2025-26
5069,2025-10-31,Home,LAC,NOP,W,3.0,126,46,89,15,39,37,28,12,6,12,2025-26
5070,2025-10-31,Away,NOP,LAC,L,2.0,124,40,83,18,37,43,28,8,4,15,2025-26
5071,2025-10-31,Away,ATL,IND,W,2.0,128,51,94,10,30,55,30,10,5,10,2025-26
5072,2025-10-31,Away,DEN,POR,L,2.0,107,38,79,6,25,46,19,6,7,19,2025-26
5073,2025-10-31,Away,UTA,PHX,L,2.0,96,30,80,12,37,48,23,4,3,21,2025-26
5074,2025-10-31,Home,PHI,BOS,L,3.0,108,37,78,13,34,40,27,6,7,18,2025-26
5075,2025-10-31,Home,POR,DEN,W,2.0,109,38,91,11,39,43,26,11,5,13,2025-26
5076,2025-10-31,Home,IND,ATL,L,2.0,108,35,99,13,47,49,23,6,3,12,2025-26
5077,2025-10-31,Home,MEM,LAL,L,2.0,112,41,93,14,45,42,28,9,0,11,2025-26
5078,2025-10-31,Away,LAL,MEM,W,2.0,117,39,76,13,38,40,24,8,3,15,2025-26
5079,2025-10-31,Away,TOR,CLE,W,2.0,112,40,82,13,30,48,27,9,4,18,2025-26
5080,2025-10-31,Home,CHI,NYK,W,2.0,135,45,84,17,37,41,31,8,6,9,2025-26
5081,2025-11-01,Home,WAS,ORL,L,2.0,94,39,98,9,27,40,19,7,9,17,2025-26
5082,2025-11-01,Home,CHA,MIN,L,2.0,105,34,86,13,45,45,23,4,4,14,2025-26
5083,2025-11-01,Home,BOS,HOU,L,1.0,101,40,103,14,44,36,24,9,2,10,2025-26
5084,2025-11-01,Away,MIN,CHA,W,3.0,122,47,87,17,36,38,31,8,2,10,2025-26
5085,2025-11-01,Away,ORL,WAS,W,2.0,125,47,92,12,36,53,32,13,10,17,2025-26
5086,2025-11-01,Away,DET,DAL,W,3.0,122,45,91,9,24,47,29,10,4,8,2025-26
5087,2025-11-01,Away,DAL,DET,L,3.0,110,34,80,16,45,43,23,3,3,15,2025-26
5088,2025-11-01,Away,SAC,MIL,W,3.0,135,45,87,10,28,38,30,8,1,10,2025-26
5089,2025-11-01,Home,MIL,SAC,L,2.0,133,49,82,15,32,37,30,5,2,11,2025-26
5090,2025-11-01,Away,GSW,IND,L,2.0,109,39,90,12,44,44,25,5,4,16,2025-26
5091,2025-11-01,Home,IND,GSW,W,1.0,114,40,89,10,33,47,24,7,3,12,2025-26
5092,2025-11-01,Away,HOU,BOS,W,3.0,128,42,77,19,29,53,30,6,11,20,2025-26
5093,2025-11-02,Away,MEM,TOR,L,2.0,104,38,87,11,35,41,24,6,0,13,2025-26
5094,2025-11-02,Home,CLE,ATL,W,2.0,117,40,97,20,57,44,30,12,4,18,2025-26
5095,2025-11-02,Away,PHI,BKN,W,2.0,129,50,96,15,40,44,34,10,6,15,2025-26
5096,2025-11-02,Home,TOR,MEM,W,2.0,117,45,89,11,37,49,32,5,7,16,2025-26
5097,2025-11-02,Home,BKN,PHI,L,4.0,105,39,91,7,39,44,21,10,4,19,2025-26
5098,2025-11-02,Away,NOP,OKC,L,2.0,106,35,80,16,40,38,26,6,3,17,2025-26
5099,2025-11-02,Home,PHX,SAS,W,2.0,130,46,79,19,33,39,34,8,4,20,2025-26
5100,2025-11-02,Home,OKC,NOP,W,3.0,137,47,84,20,48,42,33,12,5,13,2025-26
5101,2025-11-02,Away,ATL,CLE,L,2.0,109,39,77,6,23,46,28,9,3,23,2025-26
5102,2025-11-02,Home,CHA,UTA,W,1.0,126,43,88,18,43,46,31,6,6,15,2025-26
5103,2025-11-02,Away,CHI,NYK,L,2.0,116,45,93,17,40,46,28,7,3,14,2025-26
5104,2025-11-02,Home,NYK,CHI,W,2.0,128,43,95,20,42,47,31,7,5,11,2025-26
5105,2025-11-02,Away,SAS,PHX,L,3.0,118,45,98,10,41,41,21,11,5,14,2025-26
5106,2025-11-02,Away,MIA,LAL,L,3.0,120,43,84,9,33,42,29,7,3,15,2025-26
5107,2025-11-02,Home,LAL,MIA,W,2.0,130,48,95,15,46,41,33,14,2,12,2025-26
5108,2025-11-02,Away,UTA,CHA,L,2.0,103,36,88,7,32,38,27,7,3,11,2025-26
5109,2025-11-03,Away,SAC,DEN,L,2.0,124,47,90,9,27,47,27,5,1,15,2025-26
5110,2025-11-03,Away,MIA,LAC,W,1.0,120,45,83,12,25,37,33,12,3,16,2025-26
5111,2025-11-03,Home,DEN,SAC,W,3.0,130,50,97,12,38,40,33,9,5,8,2025-26
5112,2025-11-03,Away,MIN,BKN,W,2.0,125,44,78,14,35,53,33,6,4,17,2025-26
5113,2025-11-03,Away,MIL,IND,W,2.0,117,42,88,20,47,43,24,6,5,18,2025-26
5114,2025-11-03,Home,IND,MIL,L,2.0,115,39,90,8,33,45,24,8,4,12,2025-26
5115,2025-11-03,Away,DAL,HOU,L,2.0,102,40,89,9,36,40,30,12,6,15,2025-26
5116,2025-11-03,Away,WAS,NYK,L,2.0,102,38,81,13,35,44,30,7,5,20,2025-26
5117,2025-11-03,Home,LAC,MIA,L,3.0,119,44,88,17,41,44,25,13,4,21,2025-26
5118,2025-11-03,Away,UTA,BOS,W,1.0,105,38,84,9,31,55,23,4,2,19,2025-26
5119,2025-11-03,Home,HOU,DAL,W,2.0,110,41,89,8,29,54,23,9,7,17,2025-26
5120,2025-11-03,Home,MEM,DET,L,1.0,106,35,87,14,41,49,25,8,5,20,2025-26
5121,2025-11-03,Away,DET,MEM,W,2.0,114,42,83,10,31,43,23,11,9,14,2025-26
5122,2025-11-03,Away,LAL,POR,W,1.0,123,50,85,9,23,34,29,11,5,17,2025-26
5123,2025-11-03,Home,BOS,UTA,L,2.0,103,37,89,11,51,36,21,12,4,10,2025-26
5124,2025-11-03,Home,BKN,MIN,L,1.0,109,36,89,12,40,40,25,9,4,12,2025-26
5125,2025-11-03,Home,NYK,WAS,W,1.0,119,44,94,15,41,49,32,12,4,12,2025-26
5126,2025-11-03,Home,POR,LAL,L,3.0,115,42,85,9,40,38,23,13,3,18,2025-26
5127,2025-11-04,Home,NOP,CHA,W,2.0,116,43,90,17,38,39,27,9,3,13,2025-26
5128,2025-11-04,Home,CHI,PHI,W,2.0,113,42,89,13,34,48,26,11,9,18,2025-26
5129,2025-11-04,Home,GSW,PHX,W,3.0,118,41,83,19,42,39,33,9,4,16,2025-26
5130,2025-11-04,Away,MIL,TOR,L,1.0,100,37,86,11,38,41,26,5,4,15,2025-26
5131,2025-11-04,Away,ORL,ATL,L,3.0,112,36,83,11,34,41,26,9,1,19,2025-26
5132,2025-11-04,Home,ATL,ORL,W,2.0,127,40,72,13,30,34,23,11,6,20,2025-26
5133,2025-11-04,Away,PHI,CHI,L,2.0,111,40,94,11,30,40,22,12,11,16,2025-26
5134,2025-11-04,Home,TOR,MIL,W,2.0,128,44,91,17,38,50,33,8,6,10,2025-26
5135,2025-11-04,Away,OKC,LAC,W,2.0,126,45,86,18,38,40,28,12,6,11,2025-26
5136,2025-11-04,Away,CHA,NOP,L,2.0,112,39,82,13,38,49,20,8,6,20,2025-26
5137,2025-11-04,Away,PHX,GSW,L,2.0,107,40,91,12,33,46,25,10,5,17,2025-26
5138,2025-11-04,Home,LAC,OKC,L,1.0,107,33,80,18,43,42,26,9,2,19,2025-26
5139,2025-11-05,Home,SAC,GSW,W,2.0,121,41,83,11,23,47,27,7,5,16,2025-26
5140,2025-11-05,Home,DET,UTA,W,2.0,114,45,91,11,30,52,24,5,6,13,2025-26
5141,2025-11-05,Away,GSW,SAC,L,1.0,116,40,89,17,43,44,28,10,6,19,2025-26
5142,2025-11-05,Home,DEN,MIA,W,2.0,122,43,101,11,40,61,33,10,4,17,2025-26
5143,2025-11-05,Away,UTA,DET,L,2.0,103,33,86,12,39,44,24,7,2,15,2025-26
5144,2025-11-05,Away,SAS,LAL,L,3.0,116,36,74,13,33,37,22,7,1,19,2025-26
5145,2025-11-05,Home,NYK,MIN,W,2.0,137,55,102,19,42,50,32,7,8,14,2025-26
5146,2025-11-05,Away,HOU,MEM,W,2.0,124,48,101,13,30,54,29,9,3,13,2025-26
5147,2025-11-05,Home,DAL,NOP,L,2.0,99,37,89,10,32,44,18,11,7,15,2025-26
5148,2025-11-05,Away,OKC,POR,L,1.0,119,38,91,15,38,50,24,9,5,15,2025-26
5149,2025-11-05,Home,MEM,HOU,L,2.0,109,34,89,13,39,47,25,10,9,15,2025-26
5150,2025-11-05,Home,BOS,WAS,W,2.0,136,52,95,16,41,40,31,12,3,7,2025-26
5151,2025-11-05,Away,MIN,NYK,L,2.0,114,40,83,19,40,31,30,6,2,17,2025-26
5152,2025-11-05,Home,IND,BKN,L,2.0,103,41,99,13,36,56,29,6,5,18,2025-26
5153,2025-11-05,Away,MIA,DEN,L,2.0,112,38,86,14,41,38,26,13,4,15,2025-26
5154,2025-11-05,Home,LAL,SAS,W,2.0,118,37,83,10,31,38,23,8,5,14,2025-26
5155,2025-11-05,Home,POR,OKC,W,2.0,121,36,88,19,43,49,24,8,6,18,2025-26
5156,2025-11-05,Away,WAS,BOS,L,2.0,107,39,80,9,27,40,25,2,5,19,2025-26
5157,2025-11-05,Away,BKN,IND,W,2.0,112,36,86,14,40,45,26,9,5,14,2025-26
5158,2025-11-05,Home,CLE,PHI,W,3.0,132,49,92,18,44,34,33,9,7,15,2025-26
5159,2025-11-05,Away,NOP,DAL,W,1.0,101,39,91,10,31,56,18,10,3,16,2025-26
5160,2025-11-05,Away,PHI,CLE,L,1.0,121,44,90,12,31,43,26,9,2,19,2025-26
5161,2025-11-06,Home,PHX,LAC,W,2.0,115,41,92,19,49,44,27,13,2,16,2025-26
5162,2025-11-06,Away,LAC,PHX,L,2.0,102,35,79,10,31,41,24,8,4,15,2025-26
5163,2025-11-07,Home,WAS,CLE,L,2.0,115,41,91,15,41,44,32,5,7,20,2025-26
5164,2025-11-07,Home,SAC,OKC,L,2.0,101,38,92,15,40,38,27,6,3,17,2025-26
5165,2025-11-07,Away,CHI,MIL,L,3.0,110,44,90,10,33,45,34,9,3,14,2025-26
5166,2025-11-07,Away,TOR,ATL,W,3.0,109,37,91,12,38,48,23,11,6,13,2025-26
5167,2025-11-07,Away,OKC,SAC,W,2.0,132,49,91,13,35,52,27,9,8,11,2025-26
5168,2025-11-07,Away,HOU,SAS,L,2.0,110,39,85,13,27,41,25,12,4,24,2025-26
5169,2025-11-07,Away,DET,BKN,W,2.0,125,49,85,6,26,46,32,14,1,13,2025-26
5170,2025-11-07,Home,DEN,GSW,W,2.0,129,46,82,16,33,41,34,8,4,9,2025-26
5171,2025-11-07,Home,MIN,UTA,W,2.0,137,50,88,17,36,52,32,10,10,21,2025-26
5172,2025-11-07,Home,MIA,CHA,W,2.0,126,51,99,12,28,37,31,10,7,8,2025-26
5173,2025-11-07,Away,UTA,MIN,L,2.0,97,35,94,9,39,40,28,11,3,18,2025-26
5174,2025-11-07,Away,CLE,WAS,W,2.0,148,52,110,20,45,57,34,15,6,10,2025-26
5175,2025-11-07,Home,BKN,DET,L,2.0,107,34,80,17,46,30,26,5,1,20,2025-26
5176,2025-11-07,Home,SAS,HOU,W,2.0,121,40,87,18,45,40,30,15,4,21,2025-26
5177,2025-11-07,Home,ORL,BOS,W,3.0,123,41,82,17,36,44,28,8,7,15,2025-26
5178,2025-11-07,Home,ATL,TOR,L,3.0,97,33,96,9,38,54,24,8,7,19,2025-26
5179,2025-11-07,Home,MEM,DAL,W,2.0,118,41,85,13,35,42,27,8,1,15,2025-26
5180,2025-11-07,Home,MIL,CHI,W,3.0,126,48,103,16,39,53,27,10,6,11,2025-26
5181,2025-11-07,Away,DAL,MEM,L,2.0,104,42,86,10,39,44,25,7,6,18,2025-26
5182,2025-11-07,Away,CHA,MIA,L,3.0,108,37,97,10,39,57,22,4,9,18,2025-26
5183,2025-11-07,Away,BOS,ORL,L,2.0,110,43,95,13,37,44,26,9,8,14,2025-26
5184,2025-11-07,Away,GSW,DEN,L,2.0,104,40,95,12,41,46,28,4,5,12,2025-26
5185,2025-11-08,Away,LAL,ATL,L,3.0,102,37,81,12,30,47,23,8,5,20,2025-26
5186,2025-11-08,Home,ATL,LAL,W,1.0,122,48,93,16,39,37,37,13,6,11,2025-26
5187,2025-11-08,Home,PHI,TOR,W,3.0,130,49,96,10,35,54,31,4,9,14,2025-26
5188,2025-11-08,Away,TOR,PHI,L,1.0,120,41,90,16,38,38,29,7,5,11,2025-26
5189,2025-11-08,Away,IND,DEN,L,3.0,100,33,93,8,36,43,20,9,6,11,2025-26
5190,2025-11-08,Away,PHX,LAC,W,2.0,114,40,83,16,38,42,30,9,2,14,2025-26
5191,2025-11-08,Home,DEN,IND,W,1.0,117,45,93,8,27,55,32,8,2,18,2025-26
5192,2025-11-08,Home,MIA,POR,W,1.0,136,49,96,10,35,47,37,17,5,15,2025-26
5193,2025-11-08,Home,LAC,PHX,L,2.0,103,41,77,10,33,27,26,5,5,11,2025-26
5194,2025-11-08,Away,POR,MIA,L,3.0,131,49,109,14,51,57,29,8,4,20,2025-26
5195,2025-11-08,Home,WAS,DAL,L,1.0,105,37,89,11,35,44,17,7,7,18,2025-26
5196,2025-11-08,Home,SAS,NOP,W,1.0,126,48,90,14,40,43,31,6,6,12,2025-26
5197,2025-11-08,Away,NOP,SAS,L,3.0,119,45,94,15,38,40,27,7,2,12,2025-26
5198,2025-11-08,Away,DAL,WAS,W,1.0,111,42,93,6,24,51,26,15,6,13,2025-26
5199,2025-11-08,Away,CHI,CLE,L,1.0,122,38,84,13,29,49,27,8,4,14,2025-26
5200,2025-11-08,Home,CLE,CHI,W,1.0,128,46,94,17,46,39,32,6,7,9,2025-26
5201,2025-11-09,Home,ORL,BOS,L,2.0,107,35,78,7,29,42,21,8,4,17,2025-26
5202,2025-11-09,Home,GSW,IND,W,2.0,114,38,88,12,44,50,22,11,6,10,2025-26
5203,2025-11-09,Away,BKN,NYK,L,2.0,98,33,82,14,45,38,21,5,8,19,2025-26
5204,2025-11-09,Away,IND,GSW,L,1.0,83,32,94,11,39,53,21,7,6,22,2025-26
5205,2025-11-09,Away,MIN,SAC,W,2.0,144,52,97,18,46,44,28,11,9,11,2025-26
5206,2025-11-09,Home,MEM,OKC,L,2.0,100,35,91,17,44,50,30,3,6,14,2025-26
5207,2025-11-09,Home,MIL,HOU,L,2.0,115,44,79,13,29,27,25,11,6,13,2025-26
5208,2025-11-09,Home,NYK,BKN,W,4.0,134,48,89,17,37,46,31,9,3,14,2025-26
5209,2025-11-09,Away,HOU,MIL,W,2.0,122,48,90,10,26,50,24,8,3,18,2025-26
5210,2025-11-09,Home,SAC,MIN,L,2.0,117,40,90,13,29,43,25,8,3,18,2025-26
5211,2025-11-09,Away,OKC,MEM,W,2.0,114,41,95,10,43,51,19,10,3,6,2025-26
5212,2025-11-09,Home,PHI,DET,L,1.0,108,36,84,12,33,44,22,8,6,20,2025-26
5213,2025-11-09,Away,DET,PHI,W,2.0,111,39,82,13,30,37,23,12,5,16,2025-26
5214,2025-11-09,Away,BOS,ORL,W,2.0,111,40,85,13,33,41,22,10,2,14,2025-26
5215,2025-11-10,Home,ORL,POR,W,1.0,115,39,87,8,30,50,26,6,7,13,2025-26
5216,2025-11-10,Home,CHI,SAS,L,2.0,117,41,93,16,38,45,29,10,4,13,2025-26
5217,2025-11-10,Away,WAS,DET,L,2.0,135,50,95,15,38,46,26,10,6,20,2025-26
5218,2025-11-10,Away,MIN,UTA,W,1.0,120,42,89,10,33,42,25,8,5,11,2025-26
5219,2025-11-10,Home,CHA,LAL,L,3.0,111,37,71,17,36,37,28,6,6,23,2025-26
5220,2025-11-10,Home,MIA,CLE,W,2.0,140,46,98,12,36,56,32,5,6,14,2025-26
5221,2025-11-10,Away,SAS,CHI,W,2.0,121,44,86,10,33,47,30,10,7,15,2025-26
5222,2025-11-10,Home,UTA,MIN,L,3.0,113,38,95,17,52,50,30,5,5,15,2025-26
5223,2025-11-10,Away,CLE,MIA,L,2.0,138,49,120,21,65,60,26,8,4,10,2025-26
5224,2025-11-10,Away,LAL,CHA,W,2.0,121,45,90,14,39,36,25,12,2,11,2025-26
5225,2025-11-10,Home,PHX,NOP,W,2.0,121,39,78,19,43,43,29,12,7,18,2025-26
5226,2025-11-10,Away,NOP,PHX,L,2.0,98,34,83,10,32,40,18,12,3,20,2025-26
5227,2025-11-10,Away,MIL,DAL,W,1.0,116,41,91,14,36,44,24,9,6,13,2025-26
5228,2025-11-10,Home,DAL,MIL,L,2.0,114,37,89,9,39,52,25,8,8,15,2025-26
5229,2025-11-10,Away,ATL,LAC,W,2.0,105,38,84,13,34,41,30,7,8,12,2025-26
5230,2025-11-10,Home,LAC,ATL,L,2.0,102,36,82,12,38,42,19,7,9,12,2025-26
5231,2025-11-10,Away,POR,ORL,L,2.0,112,40,90,13,36,38,22,5,3,10,2025-26
5232,2025-11-10,Home,DET,WAS,W,1.0,137,47,114,13,41,63,27,16,5,16,2025-26
5233,2025-11-11,Home,OKC,GSW,W,2.0,126,42,83,16,36,40,29,12,4,20,2025-26
5234,2025-11-11,Away,DEN,SAC,W,3.0,122,44,86,13,33,48,24,6,2,13,2025-26
5235,2025-11-11,Home,BKN,TOR,L,2.0,109,32,81,14,41,36,24,7,5,13,2025-26
5236,2025-11-11,Away,GSW,OKC,L,2.0,102,33,74,13,35,32,23,16,4,21,2025-26
5237,2025-11-11,Home,UTA,IND,W,1.0,152,51,92,19,42,45,38,3,3,15,2025-26
5238,2025-11-11,Away,BOS,PHI,L,2.0,100,36,92,13,38,53,23,4,6,11,2025-26
5239,2025-11-11,Home,PHI,BOS,W,2.0,102,36,84,14,36,44,24,2,6,9,2025-26
5240,2025-11-11,Away,MEM,NYK,L,2.0,120,43,84,14,38,44,36,7,3,22,2025-26
5241,2025-11-11,Away,TOR,BKN,W,3.0,119,45,91,9,35,50,31,5,4,9,2025-26
5242,2025-11-11,Home,NYK,MEM,W,2.0,133,47,98,22,55,44,35,12,2,15,2025-26
5243,2025-11-11,Home,SAC,DEN,L,2.0,108,41,85,10,33,35,31,4,3,10,2025-26
5244,2025-11-11,Away,IND,UTA,L,2.0,128,46,99,10,37,35,29,6,6,8,2025-26
5245,2025-11-12,Away,CHI,DET,L,2.0,113,41,86,12,33,44,21,11,6,21,2025-26
5246,2025-11-12,Away,CLE,MIA,W,2.0,130,45,104,14,47,49,32,13,10,13,2025-26
5247,2025-11-12,Away,PHX,DAL,W,2.0,123,44,95,14,35,46,31,13,3,12,2025-26
5248,2025-11-12,Away,MIL,CHA,L,2.0,100,40,88,12,30,34,29,6,6,9,2025-26
5249,2025-11-12,Home,BOS,MEM,W,1.0,131,50,99,21,51,58,34,4,8,11,2025-26
5250,2025-11-12,Home,DAL,PHX,L,2.0,114,43,86,17,47,45,32,10,10,21,2025-26
5251,2025-11-12,Away,MEM,BOS,L,1.0,95,32,95,10,43,41,25,8,4,10,2025-26
5252,2025-11-12,Home,LAC,DEN,L,2.0,116,41,84,16,37,36,28,4,7,15,2025-26
5253,2025-11-12,Away,POR,NOP,W,2.0,125,48,83,13,37,39,26,5,5,13,2025-26
5254,2025-11-12,Home,MIA,CLE,L,2.0,116,45,94,15,37,44,29,6,6,21,2025-26
5255,2025-11-12,Away,ORL,NYK,W,2.0,124,42,86,12,33,49,29,10,4,15,2025-26
5256,2025-11-12,Home,HOU,WAS,W,3.0,135,51,96,17,35,53,32,9,6,12,2025-26
5257,2025-11-12,Home,NYK,ORL,L,1.0,107,39,88,11,36,37,20,10,3,14,2025-26
5258,2025-11-12,Away,WAS,HOU,L,2.0,112,42,92,15,38,37,25,6,5,12,2025-26
5259,2025-11-12,Away,LAL,OKC,L,2.0,92,31,77,11,35,42,19,9,0,20,2025-26
5260,2025-11-12,Home,CHA,MIL,W,2.0,111,38,86,12,40,50,27,5,5,16,2025-26
5261,2025-11-12,Home,SAC,ATL,L,1.0,100,36,92,14,39,35,22,7,1,20,2025-26
5262,2025-11-12,Home,OKC,LAL,W,1.0,121,44,88,12,39,42,28,14,4,11,2025-26
5263,2025-11-12,Home,NOP,POR,L,2.0,117,43,91,13,39,35,28,6,2,10,2025-26
5264,2025-11-12,Home,DET,CHI,W,2.0,124,50,90,13,30,44,30,13,5,19,2025-26
5265,2025-11-12,Away,DEN,LAC,W,1.0,130,44,84,13,34,42,22,9,3,12,2025-26
5266,2025-11-12,Home,SAS,GSW,L,2.0,120,46,94,14,39,49,30,5,3,20,2025-26
5267,2025-11-12,Away,ATL,SAC,W,2.0,133,49,85,17,40,45,42,14,6,21,2025-26
5268,2025-11-12,Away,GSW,SAS,W,1.0,125,36,85,21,57,40,30,13,3,16,2025-26
5269,2025-11-13,Home,CLE,TOR,L,1.0,113,41,91,10,41,37,26,7,6,12,2025-26
5270,2025-11-13,Away,ATL,UTA,W,1.0,132,46,90,24,47,43,36,18,6,18,2025-26
5271,2025-11-13,Home,PHX,IND,W,1.0,133,49,85,13,35,43,19,6,6,11,2025-26
5272,2025-11-13,Away,TOR,CLE,W,2.0,126,49,88,12,31,43,37,6,7,14,2025-26
5273,2025-11-13,Away,IND,PHX,L,2.0,98,32,88,7,25,41,20,4,3,12,2025-26
5274,2025-11-13,Home,UTA,ATL,L,2.0,122,45,92,19,44,49,39,9,5,24,2025-26
5275,2025-11-14,Away,PHI,DET,L,3.0,105,39,90,14,39,46,19,9,4,15,2025-26
5276,2025-11-14,Home,SAS,GSW,L,2.0,108,39,85,14,38,47,28,8,6,21,2025-26
5277,2025-11-14,Home,NOP,LAL,L,2.0,104,39,89,12,34,42,24,11,3,20,2025-26
5278,2025-11-14,Home,DET,PHI,W,2.0,114,41,92,17,41,46,32,9,7,14,2025-26
5279,2025-11-14,Away,SAC,MIN,L,2.0,110,41,93,12,33,44,32,12,4,15,2025-26
5280,2025-11-14,Home,MIN,SAC,W,4.0,124,42,86,12,37,51,28,10,3,18,2025-26
5281,2025-11-14,Home,MIL,CHA,W,2.0,147,55,85,20,34,39,37,10,3,22,2025-26
5282,2025-11-14,Away,GSW,SAS,W,2.0,109,38,90,17,45,39,18,9,8,15,2025-26
5283,2025-11-14,Home,HOU,POR,W,2.0,140,53,106,17,45,49,26,16,6,6,2025-26
5284,2025-11-14,Home,ORL,BKN,W,2.0,105,36,78,15,39,46,21,3,5,19,2025-26
5285,2025-11-14,Away,MIA,NYK,L,2.0,132,44,95,19,44,46,30,4,5,11,2025-26
5286,2025-11-14,Away,POR,HOU,L,2.0,116,42,89,13,36,44,18,4,2,20,2025-26
5287,2025-11-14,Away,LAC,DAL,W,2.0,133,45,95,13,42,45,22,16,6,23,2025-26
5288,2025-11-14,Away,LAL,NOP,W,2.0,118,44,84,10,34,45,28,13,5,18,2025-26
5289,2025-11-14,Home,DAL,LAC,L,2.0,127,44,99,10,36,50,18,11,7,25,2025-26
5290,2025-11-14,Home,NYK,MIA,W,2.0,140,48,104,21,53,51,32,9,2,8,2025-26
5291,2025-11-14,Away,BKN,ORL,L,3.0,98,38,89,10,39,34,23,9,4,7,2025-26
5292,2025-11-14,Away,CHA,MIL,L,2.0,134,47,98,17,45,39,31,11,1,13,2025-26
5293,2025-11-15,Home,IND,TOR,L,2.0,111,37,87,15,43,40,22,5,3,16,2025-26
5294,2025-11-15,Home,CLE,MEM,W,2.0,108,38,83,13,40,49,24,7,9,21,2025-26
5295,2025-11-15,Away,MEM,CLE,L,3.0,100,31,86,9,32,46,21,9,5,15,2025-26
5296,2025-11-15,Home,MIL,LAL,L,1.0,95,32,80,15,39,39,20,6,4,17,2025-26
5297,2025-11-15,Away,DEN,MIN,W,3.0,123,39,83,14,29,47,29,9,6,13,2025-26
5298,2025-11-15,Away,LAL,MIL,W,1.0,119,38,77,13,33,47,23,13,4,17,2025-26
5299,2025-11-15,Away,OKC,CHA,W,3.0,109,45,89,11,23,50,26,9,6,14,2025-26
5300,2025-11-15,Away,TOR,IND,W,2.0,129,48,87,7,30,46,29,13,3,14,2025-26
5301,2025-11-15,Home,CHA,OKC,L,1.0,96,37,96,16,42,42,23,6,5,15,2025-26
5302,2025-11-15,Home,MIN,DEN,L,1.0,112,41,88,10,34,40,23,9,7,13,2025-26
5303,2025-11-16,Home,DAL,POR,W,2.0,138,48,95,15,34,47,33,7,9,15,2025-26
5304,2025-11-16,Away,CHI,UTA,L,4.0,147,49,108,19,50,60,38,7,10,17,2025-26
5305,2025-11-16,Home,SAS,SAC,W,2.0,123,47,87,14,38,46,38,7,4,15,2025-26
5306,2025-11-16,Away,GSW,NOP,W,2.0,124,43,94,24,56,47,34,14,4,21,2025-26
5307,2025-11-16,Away,ATL,PHX,W,3.0,124,45,85,14,43,34,35,11,3,17,2025-26
5308,2025-11-16,Home,WAS,BKN,L,4.0,106,37,84,12,34,33,21,7,3,12,2025-26
5309,2025-11-16,Away,POR,DAL,L,2.0,133,46,113,14,47,53,26,8,5,12,2025-26
5310,2025-11-16,Home,NOP,GSW,L,2.0,106,38,83,8,29,45,22,11,4,21,2025-26
5311,2025-11-16,Home,BOS,LAC,W,4.0,121,46,103,16,39,49,26,6,6,6,2025-26
5312,2025-11-16,Away,LAC,BOS,L,2.0,118,38,81,14,35,44,23,4,7,14,2025-26
5313,2025-11-16,Away,ORL,HOU,L,2.0,113,38,91,12,37,38,21,11,9,8,2025-26
5314,2025-11-16,Away,BKN,WAS,W,2.0,129,42,79,17,41,44,32,4,8,15,2025-26
5315,2025-11-16,Away,SAC,SAS,L,2.0,110,41,87,12,33,37,25,10,3,12,2025-26
5316,2025-11-16,Home,UTA,CHI,W,3.0,150,49,111,18,49,53,29,13,6,9,2025-26
5317,2025-11-16,Home,PHX,ATL,L,3.0,122,47,97,10,30,47,23,9,3,17,2025-26
5318,2025-11-16,Home,HOU,ORL,W,2.0,117,42,100,8,20,60,19,4,4,15,2025-26
5319,2025-11-17,Home,MIN,DAL,W,2.0,120,44,97,14,44,59,27,16,5,17,2025-26
5320,2025-11-17,Away,NYK,MIA,L,3.0,113,43,94,9,36,48,23,7,7,17,2025-26
5321,2025-11-17,Home,NOP,OKC,L,1.0,109,42,86,12,28,35,21,9,4,22,2025-26
5322,2025-11-17,Home,CLE,MIL,W,2.0,118,44,79,15,35,45,25,7,5,18,2025-26
5323,2025-11-17,Home,MIA,NYK,W,3.0,115,45,101,14,35,40,29,5,5,14,2025-26
5324,2025-11-17,Away,CHI,DEN,W,1.0,130,48,102,19,53,53,31,5,4,9,2025-26
5325,2025-11-17,Away,OKC,NOP,W,2.0,126,43,87,17,42,38,30,12,6,18,2025-26
5326,2025-11-17,Away,LAC,PHI,L,1.0,108,35,87,12,39,45,18,6,3,10,2025-26
5327,2025-11-17,Home,DEN,CHI,L,2.0,127,46,97,14,36,53,21,6,5,8,2025-26
5328,2025-11-17,Away,CHA,TOR,L,2.0,108,37,87,10,40,48,19,11,9,16,2025-26
5329,2025-11-17,Home,TOR,CHA,W,2.0,110,44,88,10,25,43,25,8,7,17,2025-26
5330,2025-11-17,Away,MIL,CLE,L,2.0,106,39,93,17,36,34,26,9,1,15,2025-26
5331,2025-11-17,Away,DAL,MIN,L,1.0,96,34,85,9,30,43,13,7,4,20,2025-26
5332,2025-11-17,Home,PHI,LAC,W,3.0,110,39,84,11,33,46,26,7,4,9,2025-26
5333,2025-11-17,Home,DET,IND,W,3.0,127,48,88,9,35,43,29,9,8,17,2025-26
5334,2025-11-17,Away,IND,DET,L,2.0,112,35,84,9,31,43,19,8,5,21,2025-26
5335,2025-11-18,Home,BKN,BOS,L,2.0,99,33,82,14,38,39,25,12,2,14,2025-26
5336,2025-11-18,Home,SAS,MEM,W,2.0,111,42,87,16,42,38,23,10,3,9,2025-26
5337,2025-11-18,Home,POR,PHX,L,2.0,110,42,97,10,41,43,24,7,6,20,2025-26
5338,2025-11-18,Away,GSW,ORL,L,2.0,113,39,78,13,36,36,26,11,3,18,2025-26
5339,2025-11-18,Away,DET,ATL,W,1.0,120,45,83,10,31,39,28,12,4,15,2025-26
5340,2025-11-18,Home,ORL,GSW,W,2.0,121,43,85,8,32,43,28,14,3,14,2025-26
5341,2025-11-18,Away,MEM,SAS,L,3.0,101,42,104,12,39,59,30,6,4,14,2025-26
5342,2025-11-18,Away,PHX,POR,W,2.0,127,47,98,14,40,46,24,19,4,18,2025-26
5343,2025-11-18,Away,UTA,LAL,L,2.0,126,48,92,13,45,33,33,13,2,18,2025-26
5344,2025-11-18,Away,BOS,BKN,W,2.0,113,37,75,19,42,49,25,6,5,20,2025-26
5345,2025-11-18,Home,ATL,DET,L,2.0,112,42,87,15,44,35,31,9,5,19,2025-26
5346,2025-11-18,Home,LAL,UTA,W,3.0,140,50,84,11,32,41,31,9,1,17,2025-26
5347,2025-11-19,Home,IND,CHA,W,2.0,127,46,85,16,38,43,32,5,8,16,2025-26
5348,2025-11-19,Away,SAC,OKC,L,3.0,99,38,86,8,28,45,21,12,0,18,2025-26
5349,2025-11-19,Home,PHI,TOR,L,2.0,112,41,87,14,35,41,24,11,6,21,2025-26
5350,2025-11-19,Away,CHA,IND,L,2.0,118,43,107,13,45,48,28,7,2,13,2025-26
5351,2025-11-19,Home,POR,CHI,L,1.0,121,44,107,12,42,64,27,10,5,16,2025-26
5352,2025-11-19,Away,NYK,DAL,W,2.0,113,41,93,12,42,49,27,8,10,9,2025-26
5353,2025-11-19,Home,MIN,WAS,W,2.0,120,42,94,13,38,50,28,11,4,10,2025-26
5354,2025-11-19,Home,OKC,SAC,W,2.0,113,41,88,10,38,45,22,9,10,16,2025-26
5355,2025-11-19,Home,NOP,DEN,L,2.0,118,44,98,7,34,44,25,12,5,12,2025-26
5356,2025-11-19,Away,TOR,PHI,W,2.0,121,45,84,11,29,31,33,12,2,15,2025-26
5357,2025-11-19,Away,DEN,NOP,W,2.0,125,46,83,11,31,41,35,8,1,20,2025-26
5358,2025-11-19,Away,GSW,MIA,L,1.0,96,34,95,13,49,62,24,8,5,23,2025-26
5359,2025-11-19,Home,CLE,HOU,L,2.0,104,36,81,12,39,39,20,4,5,12,2025-26
5360,2025-11-19,Away,WAS,MIN,L,3.0,109,43,88,14,32,43,25,6,6,17,2025-26
5361,2025-11-19,Home,DAL,NYK,L,2.0,111,35,85,16,44,50,23,6,5,18,2025-26
5362,2025-11-19,Home,MIA,GSW,W,2.0,110,39,96,13,35,52,30,10,3,14,2025-26
5363,2025-11-19,Away,HOU,CLE,W,3.0,114,41,90,9,24,51,23,9,4,13,2025-26
5364,2025-11-19,Away,CHI,POR,W,2.0,122,46,96,21,49,38,36,10,9,16,2025-26
5365,2025-11-20,Home,SAS,ATL,W,2.0,135,48,91,17,40,43,34,10,4,11,2025-26
5366,2025-11-20,Away,LAC,ORL,L,3.0,101,36,89,14,36,43,20,7,6,21,2025-26
5367,2025-11-20,Home,MEM,SAC,W,2.0,137,50,99,17,54,49,42,11,3,8,2025-26
5368,2025-11-20,Away,ATL,SAS,L,2.0,126,49,87,20,37,39,30,7,6,16,2025-26
5369,2025-11-20,Away,SAC,MEM,L,1.0,96,37,80,11,33,32,24,5,5,17,2025-26
5370,2025-11-20,Home,ORL,LAC,W,2.0,129,45,94,18,34,51,32,12,4,11,2025-26
5371,2025-11-20,Home,MIL,PHI,L,3.0,114,45,92,14,36,42,30,7,2,14,2025-26
5372,2025-11-20,Away,PHI,MIL,W,1.0,123,42,97,18,53,52,30,9,6,14,2025-26
5373,2025-11-21,Home,DAL,NOP,W,2.0,118,40,84,16,43,47,30,9,9,20,2025-26
5374,2025-11-21,Away,NOP,DAL,L,2.0,115,42,91,7,27,42,25,15,4,13,2025-26
5375,2025-11-21,Home,BOS,BKN,L,3.0,105,42,90,11,34,44,24,7,1,13,2025-26
5376,2025-11-21,Away,OKC,UTA,W,2.0,144,51,83,23,37,26,36,15,4,14,2025-26
5377,2025-11-21,Home,CHI,MIA,L,2.0,107,37,90,12,43,39,26,5,13,18,2025-26
5378,2025-11-21,Home,GSW,POR,L,2.0,123,40,83,17,43,32,29,14,4,14,2025-26
5379,2025-11-21,Away,MIN,PHX,L,2.0,113,39,86,12,37,37,18,17,4,22,2025-26
5380,2025-11-21,Home,UTA,OKC,L,3.0,112,38,79,16,38,39,30,10,3,28,2025-26
5381,2025-11-21,Away,IND,CLE,L,2.0,109,37,88,11,37,43,25,10,6,13,2025-26
5382,2025-11-21,Home,CLE,IND,W,2.0,120,43,89,13,35,52,28,5,8,14,2025-26
5383,2025-11-21,Away,WAS,TOR,L,2.0,110,39,86,12,41,29,26,9,4,18,2025-26
5384,2025-11-21,Home,TOR,WAS,W,2.0,140,48,83,14,28,48,36,13,4,15,2025-26
5385,2025-11-21,Away,DEN,HOU,W,2.0,112,40,76,11,29,38,28,8,7,15,2025-26
5386,2025-11-21,Away,BKN,BOS,W,3.0,113,43,82,13,33,41,31,5,6,14,2025-26
5387,2025-11-21,Home,PHX,MIN,W,3.0,114,39,81,14,31,45,25,13,2,28,2025-26
5388,2025-11-21,Away,POR,GSW,W,2.0,127,42,88,16,45,52,31,8,5,21,2025-26
5389,2025-11-21,Away,MIA,CHI,W,2.0,143,47,100,14,38,53,35,13,7,10,2025-26
5390,2025-11-21,Home,HOU,DEN,L,2.0,109,41,93,14,36,41,21,8,2,16,2025-26
5391,2025-11-22,Home,ORL,NYK,W,2.0,133,47,85,13,33,36,28,5,2,14,2025-26
5392,2025-11-22,Home,MIL,DET,L,2.0,116,43,84,20,43,35,29,8,7,17,2025-26
5393,2025-11-22,Home,CHI,WAS,W,1.0,121,42,100,12,44,54,26,5,5,10,2025-26
5394,2025-11-22,Away,DET,MIL,W,4.0,129,49,78,16,30,32,31,10,6,14,2025-26
5395,2025-11-22,Home,DEN,SAC,L,1.0,123,45,92,14,37,38,28,1,3,13,2025-26
5396,2025-11-22,Away,SAC,DEN,W,2.0,128,48,91,10,30,37,32,8,3,7,2025-26
5397,2025-11-22,Away,MEM,DAL,W,2.0,102,37,92,8,31,61,26,5,5,13,2025-26
5398,2025-11-22,Away,NYK,ORL,L,3.0,121,43,79,13,37,36,28,5,4,17,2025-26
5399,2025-11-22,Away,LAC,CHA,W,2.0,131,46,90,19,43,41,30,8,2,10,2025-26
5400,2025-11-22,Home,DAL,MEM,L,1.0,96,35,91,12,36,41,19,4,9,10,2025-26
5401,2025-11-22,Home,CHA,LAC,L,3.0,116,41,85,11,36,38,24,5,2,11,2025-26
5402,2025-11-22,Away,ATL,NOP,W,2.0,115,42,90,17,46,42,28,6,7,7,2025-26
5403,2025-11-22,Away,WAS,CHI,L,1.0,120,44,96,16,36,55,33,9,4,15,2025-26
5404,2025-11-22,Home,NOP,ATL,L,1.0,98,35,84,8,27,48,21,5,6,18,2025-26
5405,2025-11-23,Away,MIA,PHI,W,2.0,127,48,98,11,32,58,32,7,2,13,2025-26
5406,2025-11-23,Home,BOS,ORL,W,2.0,138,53,88,15,33,37,29,6,8,5,2025-26
5407,2025-11-23,Away,BKN,TOR,L,2.0,109,35,75,12,34,40,23,5,7,19,2025-26
5408,2025-11-23,Home,PHX,SAS,W,2.0,111,43,97,14,38,43,27,10,6,6,2025-26
5409,2025-11-23,Away,LAC,CLE,L,1.0,105,37,80,8,26,40,23,6,2,16,2025-26
5410,2025-11-23,Away,LAL,UTA,W,5.0,108,38,86,10,38,45,23,7,4,14,2025-26
5411,2025-11-23,Away,CHA,ATL,L,1.0,110,39,86,14,44,43,26,4,2,16,2025-26
5412,2025-11-23,Home,ATL,CHA,W,1.0,113,45,91,11,31,37,32,6,5,9,2025-26
5413,2025-11-23,Home,UTA,LAL,L,2.0,106,40,94,13,40,45,27,7,2,14,2025-26
5414,2025-11-23,Home,PHI,MIA,L,3.0,117,44,98,14,41,47,28,7,9,15,2025-26
5415,2025-11-23,Home,CLE,LAC,W,2.0,120,45,87,17,45,41,28,10,4,14,2025-26
5416,2025-11-23,Home,TOR,BKN,W,2.0,119,39,84,15,30,32,30,12,4,9,2025-26
5417,2025-11-23,Away,SAS,PHX,L,3.0,102,32,77,10,34,50,17,4,4,19,2025-26
5418,2025-11-23,Away,POR,OKC,L,2.0,95,34,92,12,47,45,18,8,4,17,2025-26
5419,2025-11-23,Away,ORL,BOS,L,1.0,129,47,100,16,38,44,33,3,4,8,2025-26
5420,2025-11-23,Home,OKC,POR,W,2.0,122,45,85,15,36,49,33,9,8,14,2025-26
5421,2025-11-24,Home,NOP,CHI,W,2.0,143,53,104,13,35,55,28,13,5,14,2025-26
5422,2025-11-24,Away,UTA,GSW,L,1.0,117,47,99,11,36,47,32,7,6,14,2025-26
5423,2025-11-24,Away,DEN,MEM,W,2.0,125,46,91,22,43,46,32,5,3,14,2025-26
5424,2025-11-24,Away,DAL,MIA,L,2.0,102,38,97,12,40,50,22,8,5,16,2025-26
5425,2025-11-24,Home,IND,DET,L,3.0,117,39,82,13,31,30,22,11,4,13,2025-26
5426,2025-11-24,Home,MIL,POR,L,2.0,103,38,86,13,37,39,22,10,5,13,2025-26
5427,2025-11-24,Away,HOU,PHX,W,3.0,114,43,88,13,31,41,26,13,4,16,2025-26
5428,2025-11-24,Home,PHX,HOU,L,1.0,92,33,80,13,37,39,11,9,4,21,2025-26
5429,2025-11-24,Home,GSW,UTA,W,3.0,134,51,104,19,52,50,34,11,5,10,2025-26
5430,2025-11-24,Away,DET,IND,W,2.0,122,42,84,9,25,45,24,8,4,17,2025-26
5431,2025-11-24,Home,TOR,CLE,W,1.0,110,44,90,10,36,51,28,8,1,16,2025-26
5432,2025-11-24,Away,POR,MIL,W,1.0,115,36,79,18,43,48,24,8,8,16,2025-26
5433,2025-11-24,Away,CLE,TOR,L,1.0,99,36,87,14,48,37,27,11,4,12,2025-26
5434,2025-11-24,Home,BKN,NYK,L,1.0,100,33,87,14,48,44,19,5,1,10,2025-26
5435,2025-11-24,Home,MIA,DAL,W,1.0,106,42,94,5,27,53,22,8,7,14,2025-26
5436,2025-11-24,Away,CHI,NOP,L,2.0,130,43,82,20,50,33,29,4,3,17,2025-26
5437,2025-11-24,Away,MIN,SAC,L,3.0,112,40,97,13,42,55,21,9,4,16,2025-26
5438,2025-11-24,Home,MEM,DEN,L,2.0,115,43,93,16,47,40,33,6,4,11,2025-26
5439,2025-11-24,Home,SAC,MIN,W,2.0,117,42,97,7,26,49,27,9,3,12,2025-26
5440,2025-11-24,Away,NYK,BKN,W,2.0,113,45,88,12,35,43,28,6,6,8,2025-26
5441,2025-11-25,Away,ATL,WAS,L,2.0,113,43,95,15,43,44,33,4,6,19,2025-26
5442,2025-11-25,Home,PHI,ORL,L,2.0,103,37,82,9,25,38,22,7,4,21,2025-26
5443,2025-11-25,Home,LAL,LAC,W,2.0,135,50,87,13,29,38,29,9,4,11,2025-26
5444,2025-11-25,Home,WAS,ATL,W,3.0,132,48,84,19,38,36,30,13,8,13,2025-26
5445,2025-11-25,Away,LAC,LAL,L,2.0,118,42,81,13,35,29,24,7,2,16,2025-26
5446,2025-11-25,Away,ORL,PHI,W,2.0,144,54,101,13,34,47,38,10,4,12,2025-26
5447,2025-11-26,Away,MIL,MIA,L,2.0,103,40,95,14,42,47,31,7,1,14,2025-26
5448,2025-11-26,Away,IND,TOR,L,2.0,95,35,78,11,33,43,20,7,7,18,2025-26
5449,2025-11-26,Away,DET,BOS,L,2.0,114,37,93,11,36,56,20,5,7,13,2025-26
5450,2025-11-26,Away,MIN,OKC,L,2.0,105,33,80,17,37,44,25,4,5,16,2025-26
5451,2025-11-26,Home,CHA,NYK,L,3.0,101,35,85,13,43,35,15,5,3,17,2025-26
5452,2025-11-26,Away,SAS,POR,W,3.0,115,41,101,11,33,57,17,12,6,9,2025-26
5453,2025-11-26,Home,TOR,IND,W,2.0,97,35,90,5,26,48,18,9,4,13,2025-26
5454,2025-11-26,Home,OKC,MIN,W,3.0,113,38,80,7,26,39,19,8,3,9,2025-26
5455,2025-11-26,Home,POR,SAS,L,2.0,102,37,87,9,36,48,21,3,9,18,2025-26
5456,2025-11-26,Home,GSW,HOU,L,2.0,100,35,82,12,43,47,25,8,5,16,2025-26
5457,2025-11-26,Away,HOU,GSW,W,2.0,104,39,99,11,39,53,24,7,3,10,2025-26
5458,2025-11-26,Home,NOP,MEM,L,2.0,128,50,101,19,45,40,34,10,9,15,2025-26
5459,2025-11-26,Home,MIA,MIL,W,2.0,106,39,85,10,36,47,32,9,7,14,2025-26
5460,2025-11-26,Away,MEM,NOP,W,2.0,133,52,97,17,37,49,38,9,8,16,2025-26
5461,2025-11-26,Home,BOS,DET,W,3.0,117,38,87,20,43,44,24,9,7,13,2025-26
5462,2025-11-26,Away,NYK,CHA,W,2.0,129,50,88,13,25,41,26,12,4,15,2025-26
5463,2025-11-26,Away,PHX,SAC,W,2.0,112,42,91,14,42,47,25,14,5,17,2025-26
5464,2025-11-26,Home,SAC,PHX,L,2.0,100,40,86,12,34,41,20,9,6,19,2025-26
5465,2025-11-28,Away,SAS,DEN,W,2.0,139,46,94,17,42,35,30,10,5,9,2025-26
5466,2025-11-28,Home,CHA,CHI,W,2.0,123,44,97,15,45,46,28,6,10,14,2025-26
5467,2025-11-28,Away,SAC,UTA,L,2.0,119,43,96,10,29,44,27,9,5,9,2025-26
5468,2025-11-28,Home,LAL,DAL,W,3.0,129,45,76,18,35,34,27,4,4,15,2025-26
5469,2025-11-28,Home,DEN,SAS,L,4.0,136,48,91,16,39,44,27,5,5,17,2025-26
5470,2025-11-28,Away,WAS,IND,L,3.0,86,33,84,7,32,42,18,6,7,17,2025-26
5471,2025-11-28,Home,DET,ORL,L,2.0,109,37,84,11,28,49,22,7,8,24,2025-26
5472,2025-11-28,Home,NYK,MIL,W,2.0,118,38,84,14,34,44,25,10,2,13,2025-26
5473,2025-11-28,Away,CHI,CHA,L,4.0,116,46,97,8,36,44,31,8,1,11,2025-26
5474,2025-11-28,Home,OKC,PHX,W,2.0,123,42,87,15,32,37,27,9,3,10,2025-26
5475,2025-11-28,Away,MEM,LAC,W,2.0,112,39,88,17,40,53,24,5,6,15,2025-26
5476,2025-11-28,Away,DAL,LAL,L,4.0,119,44,91,14,32,39,28,8,4,11,2025-26
5477,2025-11-28,Home,LAC,MEM,L,3.0,107,38,89,12,38,39,19,13,5,13,2025-26
5478,2025-11-28,Home,UTA,SAC,W,4.0,128,42,87,13,40,49,32,7,5,13,2025-26
5479,2025-11-28,Home,IND,WAS,W,2.0,119,48,92,13,34,50,27,9,8,16,2025-26
5480,2025-11-28,Away,PHI,BKN,W,3.0,115,43,88,11,37,41,28,12,7,12,2025-26
5481,2025-11-28,Home,BKN,PHI,L,4.0,103,34,85,13,43,41,21,5,5,18,2025-26
5482,2025-11-28,Away,PHX,OKC,L,2.0,119,42,92,15,44,51,20,7,4,20,2025-26
5483,2025-11-28,Away,ORL,DET,W,3.0,112,40,97,5,30,44,14,15,7,14,2025-26
5484,2025-11-28,Away,MIL,NYK,L,2.0,109,37,71,18,41,35,24,9,4,15,2025-26
5485,2025-11-28,Home,ATL,CLE,W,3.0,130,48,91,16,43,38,36,11,5,14,2025-26
5486,2025-11-28,Away,CLE,ATL,L,4.0,123,44,95,17,39,48,29,9,4,17,2025-26
5487,2025-11-29,Home,MIA,DET,L,3.0,135,44,88,14,29,38,27,12,3,18,2025-26
5488,2025-11-29,Away,TOR,CHA,L,3.0,111,44,99,9,29,52,34,6,3,16,2025-26
5489,2025-11-29,Away,BKN,MIL,L,1.0,99,36,77,16,42,31,23,4,4,20,2025-26
5490,2025-11-29,Away,DEN,PHX,W,1.0,130,44,76,22,38,40,36,2,5,17,2025-26
5491,2025-11-29,Home,PHX,DEN,L,1.0,112,39,88,14,42,32,23,11,2,7,2025-26
5492,2025-11-29,Home,LAC,DAL,L,1.0,110,37,80,7,25,46,25,5,6,18,2025-26
5493,2025-11-29,Home,MIN,BOS,W,3.0,119,41,83,21,48,37,31,3,4,15,2025-26
5494,2025-11-29,Away,DET,MIA,W,1.0,138,55,93,11,26,43,29,11,3,21,2025-26
5495,2025-11-29,Home,IND,CHI,W,1.0,103,41,89,13,41,44,24,8,10,13,2025-26
5496,2025-11-29,Home,GSW,NOP,W,3.0,104,38,93,12,47,47,28,5,3,10,2025-26
5497,2025-11-29,Home,MIL,BKN,W,1.0,116,44,84,16,39,43,31,13,2,14,2025-26
5498,2025-11-29,Away,CHI,IND,L,1.0,101,39,87,14,34,45,24,5,3,13,2025-26
5499,2025-11-29,Home,CHA,TOR,W,1.0,118,41,93,10,39,39,24,10,5,9,2025-26
5500,2025-11-29,Away,DAL,LAC,W,1.0,114,40,90,11,39,37,22,15,2,9,2025-26
5501,2025-11-29,Away,NOP,GSW,L,3.0,96,32,86,7,30,50,16,7,2,13,2025-26
5502,2025-11-29,Away,BOS,MIN,L,3.0,115,45,96,16,46,43,24,10,7,11,2025-26
5503,2025-11-30,Away,ATL,PHI,W,2.0,142,48,104,15,45,58,36,10,6,23,2025-26
5504,2025-11-30,Home,SAC,MEM,L,2.0,107,43,94,8,27,34,25,14,7,8,2025-26
5505,2025-11-30,Away,NOP,LAL,L,1.0,121,46,91,13,26,40,23,6,1,8,2025-26
5506,2025-11-30,Away,HOU,UTA,W,4.0,129,46,87,11,31,50,30,14,7,16,2025-26
5507,2025-11-30,Away,BOS,CLE,W,1.0,117,40,81,14,40,46,19,9,4,19,2025-26
5508,2025-11-30,Away,TOR,NYK,L,1.0,94,37,88,11,37,40,27,9,6,18,2025-26
5509,2025-11-30,Away,SAS,MIN,L,2.0,112,44,84,8,33,33,17,10,1,10,2025-26
5510,2025-11-30,Home,POR,OKC,L,4.0,115,35,89,16,49,49,22,8,5,14,2025-26
5511,2025-11-30,Home,PHI,ATL,L,2.0,134,46,105,10,44,46,26,14,6,18,2025-26
5512,2025-11-30,Home,CLE,BOS,L,2.0,115,43,94,20,52,43,28,7,2,14,2025-26
5513,2025-11-30,Home,UTA,HOU,L,2.0,101,39,88,9,32,33,32,8,4,17,2025-26
5514,2025-11-30,Away,MEM,SAC,W,2.0,115,45,86,9,24,52,28,4,7,23,2025-26
5515,2025-11-30,Home,MIN,SAS,W,1.0,125,49,87,17,37,36,35,5,0,13,2025-26
5516,2025-11-30,Away,OKC,POR,W,2.0,123,44,90,10,29,49,27,7,9,12,2025-26
5517,2025-11-30,Home,LAL,NOP,W,2.0,133,42,87,15,41,46,26,4,10,9,2025-26
5518,2025-11-30,Home,NYK,TOR,W,2.0,116,44,96,16,45,61,27,9,3,18,2025-26
5519,2025-12-01,Away,LAC,MIA,L,2.0,123,43,96,9,29,46,23,8,3,13,2025-26
5520,2025-12-01,Home,IND,CLE,L,2.0,119,41,85,10,30,36,19,5,6,14,2025-26
5521,2025-12-01,Home,DET,ATL,W,2.0,99,38,86,5,26,60,18,11,9,23,2025-26
5522,2025-12-01,Away,PHX,LAL,W,2.0,125,52,92,17,39,33,35,16,1,11,2025-26
5523,2025-12-01,Home,UTA,HOU,W,1.0,133,45,90,14,35,50,33,8,4,13,2025-26
5524,2025-12-01,Away,CHA,BKN,L,2.0,103,38,85,12,32,42,26,5,7,18,2025-26
5525,2025-12-01,Away,ATL,DET,L,1.0,98,38,89,14,40,34,27,15,4,15,2025-26
5526,2025-12-01,Home,ORL,CHI,W,3.0,125,45,88,9,33,46,25,12,11,18,2025-26
5527,2025-12-01,Away,HOU,UTA,L,1.0,125,41,93,10,34,46,27,6,8,13,2025-26
5528,2025-12-01,Home,DEN,DAL,L,2.0,121,47,99,12,37,47,37,5,5,8,2025-26
5529,2025-12-01,Home,LAL,PHX,L,1.0,108,41,80,13,33,39,18,1,0,22,2025-26
5530,2025-12-01,Home,WAS,MIL,W,3.0,129,53,102,13,36,41,29,9,4,10,2025-26
5531,2025-12-01,Home,MIA,LAC,W,2.0,140,53,100,24,46,50,34,7,10,12,2025-26
5532,2025-12-01,Away,DAL,DEN,W,2.0,131,53,95,16,31,43,35,4,4,8,2025-26
5533,2025-12-01,Away,CLE,IND,W,1.0,135,50,98,14,40,48,27,7,8,9,2025-26
5534,2025-12-01,Home,BKN,CHA,W,2.0,116,43,96,17,43,43,33,10,3,11,2025-26
5535,2025-12-01,Away,MIL,WAS,L,2.0,126,46,84,21,38,35,29,5,4,17,2025-26
5536,2025-12-01,Away,CHI,ORL,L,2.0,120,44,88,16,37,43,30,9,4,21,2025-26
5537,2025-12-02,Away,MEM,SAS,L,2.0,119,45,90,9,26,50,28,4,6,15,2025-26
5538,2025-12-02,Away,WAS,PHI,L,1.0,102,35,88,9,36,53,23,5,11,15,2025-26
5539,2025-12-02,Away,MIN,NOP,W,2.0,149,52,104,20,51,41,29,7,4,9,2025-26
5540,2025-12-02,Away,POR,TOR,L,2.0,118,41,83,15,40,39,23,7,7,15,2025-26
5541,2025-12-02,Home,TOR,POR,W,2.0,121,48,90,11,30,43,33,10,3,18,2025-26
5542,2025-12-02,Away,NYK,BOS,L,2.0,117,43,85,19,44,33,29,5,2,12,2025-26
5543,2025-12-02,Away,OKC,GSW,W,2.0,124,46,79,15,32,41,24,8,5,15,2025-26
5544,2025-12-02,Home,GSW,OKC,L,3.0,112,43,95,18,42,43,30,5,2,16,2025-26
5545,2025-12-02,Home,PHI,WAS,W,2.0,121,46,102,17,40,51,26,12,6,11,2025-26
5546,2025-12-02,Home,SAS,MEM,W,2.0,126,42,92,18,39,40,28,7,7,7,2025-26
5547,2025-12-02,Home,NOP,MIN,L,2.0,142,50,91,12,21,42,26,5,1,13,2025-26
5548,2025-12-02,Home,BOS,NYK,W,2.0,123,49,87,13,40,38,18,6,3,10,2025-26
5549,2025-12-03,Away,LAC,ATL,W,2.0,115,44,89,10,32,54,29,12,1,12,2025-26
5550,2025-12-03,Home,CLE,POR,L,2.0,110,38,94,13,52,45,23,9,11,7,2025-26
5551,2025-12-03,Away,CHA,NYK,L,2.0,104,36,90,13,42,44,19,4,7,13,2025-26
5552,2025-12-03,Home,NYK,CHA,W,1.0,119,42,88,12,38,44,28,9,6,9,2025-26
5553,2025-12-03,Home,CHI,BKN,L,2.0,103,38,90,7,30,42,20,14,1,16,2025-26
5554,2025-12-03,Away,DET,MIL,L,2.0,109,38,95,14,43,44,25,8,5,15,2025-26
5555,2025-12-03,Away,MIA,DAL,L,2.0,108,40,101,11,37,41,29,11,5,11,2025-26
5556,2025-12-03,Home,MIL,DET,W,2.0,113,40,82,13,44,40,28,6,6,16,2025-26
5557,2025-12-03,Home,HOU,SAC,W,2.0,121,48,91,5,16,62,24,10,8,18,2025-26
5558,2025-12-03,Home,IND,DEN,L,2.0,120,42,81,13,28,38,24,6,5,12,2025-26
5559,2025-12-03,Away,DEN,IND,W,2.0,135,49,83,17,28,38,23,6,5,11,2025-26
5560,2025-12-03,Home,DAL,MIA,W,2.0,118,46,91,16,32,50,31,6,7,15,2025-26
5561,2025-12-03,Away,POR,CLE,W,1.0,122,37,85,14,34,54,27,4,4,13,2025-26
5562,2025-12-03,Home,ORL,SAS,L,2.0,112,45,99,9,27,48,27,11,3,10,2025-26
5563,2025-12-03,Home,ATL,LAC,L,2.0,92,34,85,13,39,38,20,9,1,16,2025-26
5564,2025-12-03,Away,SAC,HOU,L,3.0,95,40,97,10,34,32,21,10,7,13,2025-26
5565,2025-12-03,Away,BKN,CHI,W,2.0,113,38,78,19,46,42,30,12,8,21,2025-26
5566,2025-12-03,Away,SAS,ORL,W,1.0,114,42,91,13,38,52,20,5,5,19,2025-26
5567,2025-12-04,Away,LAL,TOR,W,3.0,123,44,88,13,31,38,26,7,7,11,2025-26
5568,2025-12-04,Home,TOR,LAL,L,2.0,120,44,89,15,37,41,39,9,8,15,2025-26
5569,2025-12-04,Home,WAS,BOS,L,2.0,101,35,84,10,31,37,21,5,4,18,2025-26
5570,2025-12-04,Away,MIN,NOP,W,2.0,125,42,92,15,38,49,30,5,10,20,2025-26
5571,2025-12-04,Away,BOS,WAS,W,2.0,146,54,99,20,47,46,35,14,8,10,2025-26
5572,2025-12-04,Away,GSW,PHI,L,2.0,98,37,89,12,42,43,27,12,4,13,2025-26
5573,2025-12-04,Home,PHI,GSW,W,2.0,99,39,85,10,37,47,23,8,7,19,2025-26
5574,2025-12-04,Home,NOP,MIN,L,2.0,116,43,95,7,25,43,29,11,2,12,2025-26
5575,2025-12-04,Away,UTA,BKN,W,3.0,123,42,83,14,25,39,31,7,1,13,2025-26
5576,2025-12-04,Home,BKN,UTA,L,1.0,110,35,82,11,42,44,22,6,7,18,2025-26
5577,2025-12-05,Home,DET,POR,W,2.0,122,38,82,10,24,37,24,8,7,14,2025-26
5578,2025-12-05,Away,CHA,TOR,W,2.0,111,37,74,13,36,47,26,14,6,24,2025-26
5579,2025-12-05,Home,HOU,PHX,W,2.0,117,45,76,10,18,40,25,9,8,23,2025-26
5580,2025-12-05,Away,PHX,HOU,L,4.0,98,39,100,5,36,34,14,12,2,13,2025-26
5581,2025-12-05,Away,POR,DET,L,2.0,116,36,85,12,37,48,22,6,8,20,2025-26
5582,2025-12-05,Home,OKC,DAL,W,3.0,132,47,84,12,30,43,30,5,3,6,2025-26
5583,2025-12-05,Away,IND,CHI,W,2.0,120,45,84,18,39,35,24,13,8,14,2025-26
5584,2025-12-05,Away,UTA,NYK,L,1.0,112,35,87,15,42,37,23,8,1,12,2025-26
5585,2025-12-05,Away,DEN,ATL,W,2.0,134,47,89,16,37,42,28,9,6,12,2025-26
5586,2025-12-05,Home,ORL,MIA,W,2.0,106,38,92,12,34,42,24,5,3,10,2025-26
5587,2025-12-05,Home,TOR,CHA,L,1.0,86,34,92,9,29,41,19,12,4,20,2025-26
5588,2025-12-05,Away,DAL,OKC,L,2.0,111,41,86,16,37,35,28,2,3,12,2025-26
5589,2025-12-05,Home,MIL,PHI,L,2.0,101,35,76,11,32,37,26,8,3,18,2025-26
5590,2025-12-05,Home,MEM,LAC,W,3.0,107,42,78,10,28,42,28,9,4,16,2025-26
5591,2025-12-05,Home,CLE,SAS,W,2.0,130,50,86,8,26,48,32,10,4,15,2025-26
5592,2025-12-05,Away,MIA,ORL,L,2.0,105,40,80,7,19,44,23,4,8,15,2025-26
5593,2025-12-05,Away,PHI,MIL,W,1.0,116,39,86,17,43,42,25,12,1,15,2025-26
5594,2025-12-05,Away,LAL,BOS,L,1.0,105,33,77,14,35,35,15,8,2,14,2025-26
5595,2025-12-05,Away,SAS,CLE,L,2.0,117,42,93,15,43,38,28,9,3,14,2025-26
5596,2025-12-05,Away,LAC,MEM,L,2.0,98,35,80,14,44,37,22,11,2,17,2025-26
5597,2025-12-05,Home,BOS,LAL,W,1.0,126,46,84,24,45,38,31,9,5,16,2025-26
5598,2025-12-05,Home,NYK,UTA,W,2.0,146,51,91,21,42,46,30,9,2,13,2025-26
5599,2025-12-05,Home,CHI,IND,L,2.0,105,34,77,13,35,46,21,7,2,19,2025-26
5600,2025-12-05,Home,ATL,DEN,L,2.0,133,49,95,20,46,45,35,8,2,14,2025-26
5601,2025-12-06,Away,SAC,MIA,W,3.0,127,49,93,14,33,45,24,11,5,11,2025-26
5602,2025-12-06,Away,MIL,DET,L,1.0,112,37,84,16,38,36,24,11,5,12,2025-26
5603,2025-12-06,Home,MIA,SAC,L,1.0,111,41,85,9,31,41,23,5,4,13,2025-26
5604,2025-12-06,Home,CLE,GSW,L,1.0,94,37,107,10,42,61,15,7,4,12,2025-26
5605,2025-12-06,Away,HOU,DAL,L,1.0,109,44,87,10,29,37,22,8,6,20,2025-26
5606,2025-12-06,Home,MIN,LAC,W,2.0,109,34,68,11,25,35,23,6,5,14,2025-26
5607,2025-12-06,Away,NOP,BKN,L,2.0,101,37,82,9,25,36,30,9,3,17,2025-26
5608,2025-12-06,Home,DAL,HOU,W,1.0,122,49,82,7,19,31,22,13,4,13,2025-26
5609,2025-12-06,Home,DET,MIL,W,1.0,124,43,86,15,40,53,31,5,4,16,2025-26
5610,2025-12-06,Home,BKN,NOP,W,2.0,119,47,89,14,35,45,36,6,7,20,2025-26
5611,2025-12-06,Away,GSW,CLE,W,2.0,99,33,86,13,35,46,25,8,8,14,2025-26
5612,2025-12-06,Away,LAC,MIN,L,1.0,106,40,85,9,29,35,16,8,3,11,2025-26
5613,2025-12-06,Home,WAS,ATL,L,2.0,116,41,80,17,38,26,29,6,5,20,2025-26
5614,2025-12-06,Away,ATL,WAS,W,1.0,131,52,98,13,39,45,36,13,4,15,2025-26
5615,2025-12-07,Home,PHI,LAL,L,2.0,108,36,102,13,36,54,21,5,4,6,2025-26
5616,2025-12-07,Home,UTA,OKC,L,2.0,101,40,85,12,36,37,25,6,3,17,2025-26
5617,2025-12-07,Home,MEM,POR,W,2.0,119,40,89,10,35,51,28,18,4,23,2025-26
5618,2025-12-07,Away,LAL,PHI,W,2.0,112,41,85,13,36,52,25,3,8,10,2025-26
5619,2025-12-07,Away,GSW,CHI,W,1.0,123,44,88,22,47,51,27,11,2,17,2025-26
5620,2025-12-07,Away,DEN,CHA,W,2.0,115,43,83,13,35,35,29,8,2,10,2025-26
5621,2025-12-07,Home,NYK,ORL,W,2.0,106,39,91,11,35,52,24,8,7,11,2025-26
5622,2025-12-07,Home,CHI,GSW,L,2.0,91,32,89,11,40,38,24,12,4,15,2025-26
5623,2025-12-07,Away,ORL,NYK,L,2.0,100,36,94,12,42,48,23,7,4,12,2025-26
5624,2025-12-07,Home,CHA,DEN,L,2.0,106,38,85,14,46,47,24,7,3,14,2025-26
5625,2025-12-07,Away,POR,MEM,L,2.0,96,33,83,15,43,40,21,8,5,26,2025-26
5626,2025-12-07,Away,BOS,TOR,W,2.0,121,44,92,20,47,41,24,8,9,11,2025-26
5627,2025-12-07,Away,OKC,UTA,W,2.0,131,51,88,21,42,44,32,9,3,14,2025-26
5628,2025-12-07,Home,TOR,BOS,L,2.0,113,43,88,9,22,42,22,5,3,13,2025-26
5629,2025-12-08,Home,MIN,PHX,L,2.0,105,39,83,11,42,46,26,5,1,15,2025-26
5630,2025-12-08,Home,IND,SAC,W,3.0,116,38,87,14,35,41,25,14,7,14,2025-26
5631,2025-12-08,Away,SAS,NOP,W,3.0,135,49,98,17,36,43,29,5,0,15,2025-26
5632,2025-12-08,Home,NOP,SAS,L,2.0,132,51,88,7,26,33,35,8,6,9,2025-26
5633,2025-12-08,Away,PHX,MIN,W,3.0,108,41,90,12,33,43,26,8,2,9,2025-26
5634,2025-12-08,Away,SAC,IND,L,2.0,105,41,88,7,22,51,28,6,4,19,2025-26
5635,2025-12-09,Away,NYK,TOR,W,2.0,117,42,80,16,35,48,19,9,7,14,2025-26
5636,2025-12-09,Away,MIA,ORL,L,3.0,108,42,93,8,33,39,25,8,6,8,2025-26
5637,2025-12-09,Home,ORL,MIA,W,2.0,117,44,87,15,32,47,30,5,6,17,2025-26
5638,2025-12-09,Home,TOR,NYK,L,2.0,101,39,90,11,38,37,28,9,4,14,2025-26
5639,2025-12-10,Home,LAL,SAS,L,3.0,119,43,87,16,37,43,27,4,7,11,2025-26
5640,2025-12-10,Away,PHX,OKC,L,2.0,89,33,84,10,31,37,24,12,2,21,2025-26
5641,2025-12-10,Home,OKC,PHX,W,3.0,138,52,88,22,40,43,32,14,7,15,2025-26
5642,2025-12-10,Away,SAS,LAL,W,2.0,132,43,86,17,38,50,25,9,3,12,2025-26
5643,2025-12-11,Home,NOP,POR,W,3.0,143,58,112,12,32,57,36,10,8,10,2025-26
5644,2025-12-11,Away,DEN,SAC,W,4.0,136,52,88,12,29,46,35,9,0,12,2025-26
5645,2025-12-11,Away,LAC,HOU,L,5.0,113,39,78,14,38,28,25,15,5,15,2025-26
5646,2025-12-11,Away,POR,NOP,L,4.0,120,45,102,14,48,41,27,5,7,15,2025-26
5647,2025-12-11,Home,SAC,DEN,L,3.0,105,39,87,11,38,38,21,9,4,16,2025-26
5648,2025-12-11,Home,MIL,BOS,W,5.0,116,46,79,13,29,40,28,5,5,16,2025-26
5649,2025-12-11,Away,BOS,MIL,L,4.0,101,34,88,14,49,39,18,7,1,14,2025-26
5650,2025-12-11,Home,HOU,LAC,W,5.0,115,43,93,12,34,51,26,9,1,19,2025-26
5651,2025-12-12,Home,DAL,BKN,W,6.0,119,46,94,10,30,40,33,10,8,14,2025-26
5652,2025-12-12,Home,PHI,IND,W,5.0,115,35,79,12,37,50,22,6,4,13,2025-26
5653,2025-12-12,Home,DET,ATL,W,6.0,142,53,91,12,29,40,34,16,6,14,2025-26
5654,2025-12-12,Away,UTA,MEM,W,5.0,130,48,104,17,47,58,33,6,4,13,2025-26
5655,2025-12-12,Home,GSW,MIN,L,5.0,120,44,96,15,46,42,27,7,2,13,2025-26
5656,2025-12-12,Away,BKN,DAL,L,6.0,111,39,86,17,39,43,26,8,5,17,2025-26
5657,2025-12-12,Away,ATL,DET,L,6.0,115,39,85,11,36,37,28,9,8,20,2025-26
5658,2025-12-12,Home,WAS,CLE,L,6.0,126,42,86,16,44,49,29,6,6,16,2025-26
5659,2025-12-12,Home,MEM,UTA,L,5.0,126,46,99,19,41,49,32,4,5,10,2025-26
5660,2025-12-12,Away,IND,PHI,L,4.0,105,38,96,13,38,46,26,6,4,7,2025-26
5661,2025-12-12,Home,CHA,CHI,L,5.0,126,51,97,16,37,32,30,5,3,9,2025-26
5662,2025-12-12,Away,CHI,CHA,W,5.0,129,52,94,10,28,44,29,3,6,12,2025-26
5663,2025-12-12,Away,MIN,GSW,W,4.0,127,48,89,11,31,44,30,8,3,11,2025-26
5664,2025-12-12,Away,CLE,WAS,W,6.0,130,41,97,15,53,48,28,11,1,7,2025-26
5665,2025-12-13,Away,NYK,ORL,W,4.0,132,51,84,7,20,41,28,9,7,12,2025-26
5666,2025-12-13,Away,SAS,OKC,W,3.0,111,37,90,13,42,52,21,9,6,19,2025-26
5667,2025-12-13,Away,ORL,NYK,L,4.0,120,45,97,13,42,41,28,9,3,14,2025-26
5668,2025-12-13,Away,OKC,SAS,L,3.0,109,38,92,9,37,51,20,13,4,15,2025-26
5669,2025-12-14,Home,MIN,SAC,W,2.0,117,43,94,12,37,48,25,12,5,12,2025-26
5670,2025-12-14,Away,GSW,POR,L,2.0,131,44,87,24,47,36,34,14,5,18,2025-26
5671,2025-12-14,Home,POR,GSW,W,3.0,136,45,89,20,39,43,30,11,4,18,2025-26
5672,2025-12-14,Away,NOP,CHI,W,3.0,114,43,93,8,33,53,21,7,5,15,2025-26
5673,2025-12-14,Away,WAS,IND,W,2.0,108,41,89,10,28,56,19,5,3,11,2025-26
5674,2025-12-14,Home,CHI,NOP,L,2.0,104,38,92,13,49,43,26,10,4,13,2025-26
5675,2025-12-14,Home,BKN,MIL,W,2.0,127,45,85,19,43,43,33,14,4,14,2025-26
5676,2025-12-14,Home,IND,WAS,L,2.0,89,31,84,10,39,41,20,2,7,8,2025-26
5677,2025-12-14,Home,ATL,PHI,W,2.0,120,43,99,17,33,57,33,8,6,17,2025-26
5678,2025-12-14,Away,LAL,PHX,W,4.0,116,38,88,7,37,54,20,13,8,22,2025-26
5679,2025-12-14,Home,CLE,CHA,L,2.0,111,38,95,12,38,46,27,10,3,14,2025-26
5680,2025-12-14,Away,CHA,CLE,W,2.0,119,43,98,17,44,53,28,9,7,18,2025-26
5681,2025-12-14,Home,PHX,LAL,L,4.0,114,40,82,13,37,37,29,11,5,20,2025-26
5682,2025-12-14,Away,PHI,ATL,L,2.0,117,38,101,17,41,54,25,10,10,12,2025-26
5683,2025-12-14,Away,MIL,BKN,L,3.0,82,31,79,8,35,37,20,8,1,20,2025-26
5684,2025-12-14,Away,SAC,MIN,L,3.0,103,37,81,10,23,36,21,5,9,15,2025-26
5685,2025-12-15,Home,MIA,TOR,L,6.0,96,35,83,9,31,45,20,12,7,19,2025-26
5686,2025-12-15,Away,TOR,MIA,W,6.0,106,42,88,16,40,45,33,9,7,21,2025-26
5687,2025-12-15,Home,LAC,MEM,L,4.0,103,37,80,13,36,39,26,4,2,19,2025-26
5688,2025-12-15,Away,HOU,DEN,L,4.0,125,47,93,12,25,46,29,7,8,16,2025-26
5689,2025-12-15,Home,BOS,DET,L,4.0,105,38,82,10,39,37,16,7,5,13,2025-26
5690,2025-12-15,Away,DET,BOS,W,3.0,112,41,89,13,36,39,21,9,3,11,2025-26
5691,2025-12-15,Home,DEN,HOU,W,4.0,128,43,85,15,34,38,24,10,4,11,2025-26
5692,2025-12-15,Away,DAL,UTA,L,3.0,133,48,98,9,27,54,24,6,6,15,2025-26
5693,2025-12-15,Home,UTA,DAL,W,3.0,140,50,97,13,36,47,33,8,4,13,2025-26
5694,2025-12-15,Away,MEM,LAC,W,3.0,121,45,86,16,39,32,33,10,7,11,2025-26
5695,2025-12-17,Home,MIN,MEM,L,3.0,110,39,98,13,44,52,26,11,8,18,2025-26
5696,2025-12-17,Home,CHI,CLE,W,3.0,127,50,89,14,36,43,35,12,3,16,2025-26
5697,2025-12-17,Away,CLE,CHI,L,3.0,111,42,87,12,39,40,26,6,3,20,2025-26
5698,2025-12-17,Away,MEM,MIN,W,2.0,116,42,96,11,34,54,23,10,4,18,2025-26
5699,2025-12-18,Away,TOR,MIL,W,3.0,111,42,84,13,35,45,31,9,2,17,2025-26
5700,2025-12-18,Away,MIA,BKN,W,3.0,106,41,89,9,28,51,23,9,8,14,2025-26
5701,2025-12-18,Away,HOU,NOP,L,3.0,128,50,107,10,32,58,30,6,8,20,2025-26
5702,2025-12-18,Home,BKN,MIA,L,4.0,95,38,98,11,49,49,24,7,7,13,2025-26
5703,2025-12-18,Home,POR,SAC,W,4.0,134,49,103,15,45,44,30,6,6,21,2025-26
5704,2025-12-18,Home,DAL,DET,W,3.0,116,40,89,5,27,51,22,4,15,17,2025-26
5705,2025-12-18,Home,OKC,LAC,W,5.0,122,48,101,13,36,38,28,18,4,9,2025-26
5706,2025-12-18,Away,DET,DAL,L,3.0,114,47,122,6,33,62,26,11,4,12,2025-26
5707,2025-12-18,Home,SAS,WAS,W,5.0,119,44,90,15,42,53,29,6,9,14,2025-26
5708,2025-12-18,Away,LAL,UTA,W,4.0,143,49,93,13,39,48,32,7,2,7,2025-26
5709,2025-12-18,Away,LAC,OKC,L,3.0,101,37,76,10,32,49,25,6,7,29,2025-26
5710,2025-12-18,Away,ATL,CHA,L,4.0,126,48,92,11,37,35,31,6,2,15,2025-26
5711,2025-12-18,Home,NOP,HOU,W,4.0,133,49,97,11,27,41,27,15,7,12,2025-26
5712,2025-12-18,Away,SAC,POR,L,4.0,133,48,94,6,19,42,29,13,7,18,2025-26
5713,2025-12-18,Home,MIL,TOR,L,4.0,105,38,84,15,37,38,25,10,2,16,2025-26
5714,2025-12-18,Home,UTA,LAL,L,3.0,135,43,83,18,37,39,31,4,1,13,2025-26
5715,2025-12-18,Home,CHA,ATL,W,4.0,133,49,91,24,49,37,39,11,3,16,2025-26
5716,2025-12-18,Home,PHX,GSW,W,4.0,99,36,88,10,35,49,19,16,6,15,2025-26
5717,2025-12-18,Away,WAS,SAS,L,4.0,94,38,94,9,36,46,29,10,5,14,2025-26
5718,2025-12-18,Away,GSW,PHX,L,4.0,98,35,89,12,42,54,27,9,3,20,2025-26
5719,2025-12-18,Home,IND,NYK,L,4.0,113,43,93,11,34,52,22,8,6,14,2025-26
5720,2025-12-18,Away,NYK,IND,W,5.0,114,43,92,17,43,46,31,10,5,16,2025-26
5721,2025-12-18,Home,DEN,ORL,W,3.0,126,49,88,16,36,40,31,7,3,15,2025-26
5722,2025-12-18,Away,ORL,DEN,L,5.0,115,43,91,11,33,44,30,9,6,10,2025-26
5723,2025-12-19,Away,OKC,MIN,L,1.0,107,34,92,11,39,52,16,7,10,12,2025-26
5724,2025-12-19,Home,BOS,MIA,W,4.0,129,44,82,21,43,46,25,8,8,16,2025-26
5725,2025-12-19,Away,PHI,NYK,W,5.0,116,40,88,17,41,36,21,7,8,11,2025-26
5726,2025-12-19,Home,ATL,SAS,L,1.0,98,38,94,10,40,43,26,7,1,17,2025-26
5727,2025-12-19,Home,CLE,CHI,L,2.0,125,48,101,14,39,46,31,10,1,15,2025-26
5728,2025-12-19,Away,MIA,BOS,L,1.0,116,40,102,19,49,47,27,6,1,13,2025-26
5729,2025-12-19,Home,MIN,OKC,W,2.0,112,33,88,13,37,57,20,8,6,13,2025-26
5730,2025-12-19,Home,NYK,PHI,L,1.0,107,39,88,8,32,57,26,3,3,18,2025-26
5731,2025-12-19,Away,CHI,CLE,W,2.0,136,53,102,18,47,48,34,12,5,12,2025-26
5732,2025-12-19,Away,SAS,ATL,W,1.0,126,51,94,13,36,56,31,11,4,15,2025-26
5733,2025-12-20,Away,ORL,UTA,W,2.0,128,47,96,11,37,52,32,6,9,13,2025-26
5734,2025-12-20,Home,LAC,LAL,W,2.0,103,34,80,16,43,48,22,8,6,19,2025-26
5735,2025-12-20,Away,HOU,DEN,W,2.0,115,39,77,19,35,47,24,6,8,19,2025-26
5736,2025-12-20,Home,PHI,DAL,W,1.0,121,44,102,12,40,47,27,11,2,10,2025-26
5737,2025-12-20,Away,BOS,TOR,W,1.0,112,44,95,12,39,55,22,7,4,11,2025-26
5738,2025-12-20,Home,MEM,WAS,L,3.0,122,45,100,16,44,48,31,7,3,14,2025-26
5739,2025-12-20,Away,WAS,MEM,W,2.0,130,47,99,17,44,54,32,5,3,13,2025-26
5740,2025-12-20,Away,IND,NOP,L,2.0,109,40,94,8,42,42,28,7,4,14,2025-26
5741,2025-12-20,Away,LAL,LAC,L,2.0,88,34,88,6,38,43,16,7,3,11,2025-26
5742,2025-12-20,Away,PHX,GSW,L,2.0,116,42,88,12,35,34,23,12,6,14,2025-26
5743,2025-12-20,Home,SAC,POR,L,2.0,93,33,87,6,31,50,18,14,6,18,2025-26
5744,2025-12-20,Away,CHA,DET,L,2.0,86,28,89,13,41,43,21,12,7,24,2025-26
5745,2025-12-20,Away,DAL,PHI,L,2.0,114,45,83,3,18,44,24,5,7,18,2025-26
5746,2025-12-20,Home,GSW,PHX,W,2.0,119,42,92,17,49,49,29,9,7,21,2025-26
5747,2025-12-20,Home,DET,CHA,W,2.0,112,41,93,6,28,61,23,16,10,20,2025-26
5748,2025-12-20,Away,POR,SAC,W,2.0,98,35,81,11,32,46,18,12,3,20,2025-26
5749,2025-12-20,Home,NOP,IND,W,2.0,128,45,85,9,27,49,25,6,2,18,2025-26
5750,2025-12-20,Home,DEN,HOU,L,2.0,101,37,92,8,29,39,21,9,2,11,2025-26
5751,2025-12-20,Home,UTA,ORL,L,2.0,127,44,105,15,43,52,34,7,2,12,2025-26
5752,2025-12-20,Home,TOR,BOS,L,2.0,96,36,87,16,47,37,30,2,7,12,2025-26
5753,2025-12-21,Home,MIN,MIL,W,2.0,103,37,88,14,46,46,28,10,4,10,2025-26
5754,2025-12-21,Home,WAS,SAS,L,1.0,113,42,95,11,45,43,20,5,7,5,2025-26
5755,2025-12-21,Away,HOU,SAC,L,1.0,124,45,94,16,38,47,31,9,2,15,2025-26
5756,2025-12-21,Away,SAS,WAS,W,2.0,124,43,104,13,41,61,26,3,5,10,2025-26
5757,2025-12-21,Away,MIA,NYK,L,2.0,125,41,87,17,35,45,26,5,1,11,2025-26
5758,2025-12-21,Home,NYK,MIA,W,2.0,132,47,85,20,38,36,28,7,3,13,2025-26
5759,2025-12-21,Away,MIL,MIN,L,3.0,100,35,87,13,45,51,27,6,2,18,2025-26
5760,2025-12-21,Home,BKN,TOR,W,3.0,96,35,75,14,35,48,29,7,4,22,2025-26
5761,2025-12-21,Away,CHI,ATL,W,2.0,152,53,92,20,42,40,41,9,3,12,2025-26
5762,2025-12-21,Home,ATL,CHI,L,2.0,150,51,98,23,47,35,39,6,7,10,2025-26
5763,2025-12-21,Away,TOR,BKN,L,1.0,81,32,86,10,36,39,23,6,5,15,2025-26
5764,2025-12-21,Home,SAC,HOU,W,1.0,125,44,95,12,32,55,29,8,5,12,2025-26
5765,2025-12-22,Away,ORL,GSW,L,2.0,97,36,87,7,27,48,21,8,5,18,2025-26
5766,2025-12-22,Home,BOS,IND,W,2.0,103,38,89,11,37,49,19,6,6,13,2025-26
5767,2025-12-22,Home,NOP,DAL,W,2.0,119,44,97,8,34,51,28,9,2,13,2025-26
5768,2025-12-22,Home,CLE,CHA,W,3.0,139,48,87,24,44,30,36,9,2,13,2025-26
5769,2025-12-22,Away,DET,POR,W,2.0,110,44,101,7,30,48,28,11,7,10,2025-26
5770,2025-12-22,Away,CHA,CLE,L,2.0,132,46,94,21,42,44,29,10,3,20,2025-26
5771,2025-12-22,Away,DAL,NOP,L,2.0,113,46,104,10,33,57,29,9,5,17,2025-26
5772,2025-12-22,Home,DEN,UTA,W,2.0,135,46,92,24,47,51,37,8,7,11,2025-26
5773,2025-12-22,Home,OKC,MEM,W,3.0,119,46,94,15,39,46,20,14,4,13,2025-26
5774,2025-12-22,Away,UTA,DEN,L,2.0,112,41,96,14,41,49,30,5,1,14,2025-26
5775,2025-12-22,Away,IND,BOS,L,2.0,95,33,85,13,40,36,19,4,3,13,2025-26
5776,2025-12-22,Home,GSW,ORL,W,2.0,120,46,89,11,37,47,33,8,6,13,2025-26
5777,2025-12-22,Away,MEM,OKC,L,2.0,103,34,83,18,41,46,26,8,5,23,2025-26
5778,2025-12-22,Home,POR,DET,L,2.0,102,33,74,7,32,38,21,6,6,19,2025-26
5779,2025-12-23,Away,NYK,MIN,L,2.0,104,41,99,11,30,55,20,8,2,19,2025-26
5780,2025-12-23,Home,ATL,CHI,L,2.0,123,48,95,14,42,38,38,9,4,12,2025-26
5781,2025-12-23,Home,DAL,DEN,W,1.0,131,53,93,11,27,36,34,9,2,11,2025-26
5782,2025-12-23,Away,DET,SAC,W,1.0,136,51,95,14,32,42,38,9,8,15,2025-26
5783,2025-12-23,Away,BKN,PHI,W,2.0,114,35,82,17,45,39,24,8,2,19,2025-26
5784,2025-12-23,Away,WAS,CHA,L,2.0,109,40,97,10,35,49,22,3,7,6,2025-26
5785,2025-12-23,Home,IND,MIL,L,1.0,94,33,81,8,31,40,20,7,3,12,2025-26
5786,2025-12-23,Away,ORL,POR,W,1.0,110,37,85,15,33,38,26,10,5,15,2025-26
5787,2025-12-23,Home,PHX,LAL,W,3.0,132,50,85,14,34,38,35,10,6,14,2025-26
5788,2025-12-23,Home,PHI,BKN,L,3.0,106,33,81,7,27,43,15,12,5,17,2025-26
5789,2025-12-23,Home,SAS,OKC,W,2.0,130,48,84,16,36,34,34,10,3,9,2025-26
5790,2025-12-23,Away,MEM,UTA,W,1.0,137,49,88,19,45,41,41,10,8,15,2025-26
5791,2025-12-23,Away,LAL,PHX,L,3.0,108,39,81,12,32,38,22,7,4,17,2025-26
5792,2025-12-23,Home,CLE,NOP,W,1.0,141,56,105,20,49,49,40,8,6,13,2025-26
5793,2025-12-23,Away,TOR,MIA,W,2.0,112,41,86,14,38,50,29,12,5,17,2025-26
5794,2025-12-23,Home,MIA,TOR,L,2.0,91,33,82,8,30,40,18,12,1,18,2025-26
5795,2025-12-23,Away,HOU,LAC,L,2.0,108,43,86,9,30,42,25,5,6,13,2025-26
5796,2025-12-23,Home,POR,ORL,L,1.0,106,41,87,9,32,45,23,9,7,17,2025-26
5797,2025-12-23,Away,MIL,IND,W,2.0,111,42,82,10,30,48,20,6,7,15,2025-26
5798,2025-12-23,Away,NOP,CLE,L,1.0,118,43,94,11,26,43,26,10,2,16,2025-26
5799,2025-12-23,Home,LAC,HOU,W,3.0,128,42,77,20,37,34,25,7,4,10,2025-26
5800,2025-12-23,Home,SAC,DET,L,2.0,127,42,92,11,33,42,26,12,5,13,2025-26
5801,2025-12-23,Home,MIN,NYK,W,2.0,115,42,93,15,46,42,25,12,9,11,2025-26
5802,2025-12-23,Away,OKC,SAS,L,1.0,110,46,85,12,30,36,23,5,1,15,2025-26
5803,2025-12-23,Away,CHI,ATL,W,2.0,126,46,91,13,39,48,35,4,5,16,2025-26
5804,2025-12-23,Home,CHA,WAS,W,1.0,126,42,93,20,50,51,35,3,6,5,2025-26
5805,2025-12-23,Away,DEN,DAL,L,1.0,130,50,87,20,41,34,39,8,1,15,2025-26
5806,2025-12-23,Home,UTA,MEM,L,1.0,128,40,90,16,45,40,29,9,2,13,2025-26
5807,2025-12-25,Home,LAL,HOU,L,2.0,96,39,77,11,30,25,19,7,5,16,2025-26
5808,2025-12-25,Away,SAS,OKC,W,2.0,117,45,84,11,29,49,20,3,4,13,2025-26
5809,2025-12-25,Home,GSW,DAL,W,3.0,126,44,99,14,50,49,33,9,4,11,2025-26
5810,2025-12-25,Away,HOU,LAL,W,2.0,119,48,90,8,24,48,24,10,6,16,2025-26
5811,2025-12-25,Away,CLE,NYK,L,2.0,124,45,86,15,34,45,30,7,0,14,2025-26
5812,2025-12-25,Away,DAL,GSW,L,2.0,116,49,89,4,14,41,18,5,5,11,2025-26
5813,2025-12-25,Home,OKC,SAS,L,2.0,102,37,95,11,44,48,23,7,6,7,2025-26
5814,2025-12-25,Away,MIN,DEN,L,2.0,138,51,104,12,45,47,31,10,12,15,2025-26
5815,2025-12-25,Home,NYK,CLE,W,2.0,126,44,94,21,44,43,28,9,4,13,2025-26
5816,2025-12-25,Home,DEN,MIN,W,2.0,142,47,101,19,43,45,31,6,5,17,2025-26
5817,2025-12-26,Away,LAC,POR,W,3.0,119,35,69,20,40,32,21,6,5,13,2025-26
5818,2025-12-26,Home,MEM,MIL,W,3.0,125,43,85,13,34,42,28,12,9,14,2025-26
5819,2025-12-26,Home,POR,LAC,L,3.0,103,36,80,16,39,43,23,6,2,15,2025-26
5820,2025-12-26,Home,IND,BOS,L,3.0,122,44,89,18,44,35,29,6,3,14,2025-26
5821,2025-12-26,Away,MIL,MEM,L,3.0,104,36,84,14,39,48,18,11,2,22,2025-26
5822,2025-12-26,Home,ATL,MIA,L,3.0,111,40,85,12,36,42,26,6,5,21,2025-26
5823,2025-12-26,Away,TOR,WAS,L,3.0,117,40,91,12,36,33,26,10,5,11,2025-26
5824,2025-12-26,Away,PHI,CHI,L,3.0,102,35,93,11,39,46,22,7,4,9,2025-26
5825,2025-12-26,Away,CHA,ORL,W,3.0,120,41,87,19,39,53,23,3,6,15,2025-26
5826,2025-12-26,Home,CHI,PHI,W,3.0,109,38,86,14,41,52,31,3,6,12,2025-26
5827,2025-12-26,Away,BOS,IND,W,4.0,140,47,83,20,39,43,26,8,3,14,2025-26
5828,2025-12-26,Home,NOP,PHX,L,3.0,108,39,88,5,25,38,22,10,2,12,2025-26
5829,2025-12-26,Home,ORL,CHA,L,3.0,105,37,93,11,35,42,22,7,7,9,2025-26
5830,2025-12-26,Away,PHX,NOP,W,3.0,115,44,91,8,40,52,26,9,4,18,2025-26
5831,2025-12-26,Away,DET,UTA,L,3.0,129,48,92,18,37,41,38,11,10,17,2025-26
5832,2025-12-26,Away,MIA,ATL,W,3.0,126,49,104,11,36,52,29,14,2,12,2025-26
5833,2025-12-26,Home,WAS,TOR,W,3.0,138,54,91,15,33,46,26,8,7,14,2025-26
5834,2025-12-26,Home,UTA,DET,W,3.0,131,44,90,18,38,42,35,12,8,18,2025-26
5835,2025-12-27,Away,DAL,SAC,L,2.0,107,40,87,13,27,51,23,6,8,21,2025-26
5836,2025-12-27,Home,SAC,DAL,W,4.0,113,45,104,17,38,50,32,16,7,11,2025-26
5837,2025-12-27,Away,MIL,CHI,W,1.0,112,40,86,13,36,47,22,12,3,12,2025-26
5838,2025-12-27,Home,NOP,PHX,L,1.0,114,38,87,9,27,43,16,11,7,13,2025-26
5839,2025-12-27,Away,IND,MIA,L,1.0,116,46,93,12,38,45,30,6,5,26,2025-26
5840,2025-12-27,Away,DEN,ORL,L,2.0,126,44,86,11,29,49,27,5,3,16,2025-26
5841,2025-12-27,Home,SAS,UTA,L,2.0,114,43,99,10,44,46,30,6,7,12,2025-26
5842,2025-12-27,Away,PHX,NOP,W,1.0,123,45,98,20,44,55,26,7,3,17,2025-26
5843,2025-12-27,Home,ATL,NYK,L,1.0,125,43,89,17,43,37,33,6,3,12,2025-26
5844,2025-12-27,Away,UTA,SAS,W,1.0,127,45,83,17,37,37,34,9,4,16,2025-26
5845,2025-12-27,Away,BKN,MIN,W,4.0,123,46,84,11,40,39,32,8,2,16,2025-26
5846,2025-12-27,Home,ORL,DEN,W,1.0,127,46,89,10,29,35,32,8,0,6,2025-26
5847,2025-12-27,Away,NYK,ATL,W,2.0,128,43,95,15,43,55,27,9,4,14,2025-26
5848,2025-12-27,Away,CLE,HOU,L,2.0,100,41,96,11,36,42,23,10,6,15,2025-26
5849,2025-12-27,Home,MIN,BKN,L,2.0,107,37,83,13,31,34,27,8,1,11,2025-26
5850,2025-12-27,Home,CHI,MIL,L,1.0,103,39,93,13,38,52,28,5,2,15,2025-26
5851,2025-12-27,Home,HOU,CLE,W,2.0,117,43,88,16,35,51,27,12,9,17,2025-26
5852,2025-12-27,Home,MIA,IND,W,1.0,142,55,107,12,31,49,33,17,5,11,2025-26
5853,2025-12-28,Home,OKC,PHI,W,3.0,129,50,87,10,28,35,27,12,6,14,2025-26
5854,2025-12-28,Away,DET,LAC,L,2.0,99,34,82,7,29,45,18,9,6,13,2025-26
5855,2025-12-28,Away,PHI,OKC,L,2.0,104,35,83,17,43,38,21,5,5,23,2025-26
5856,2025-12-28,Away,BOS,POR,L,2.0,108,40,91,13,44,39,19,13,5,19,2025-26
5857,2025-12-28,Home,WAS,MEM,W,2.0,116,42,99,8,33,54,26,9,12,19,2025-26
5858,2025-12-28,Home,LAL,SAC,W,3.0,125,47,89,15,38,41,25,14,4,16,2025-26
5859,2025-12-28,Away,SAC,LAL,L,1.0,101,40,83,8,29,39,24,11,3,19,2025-26
5860,2025-12-28,Home,POR,BOS,W,2.0,114,42,89,18,51,48,26,7,2,20,2025-26
5861,2025-12-28,Home,LAC,DET,W,2.0,112,35,75,14,34,35,18,12,6,12,2025-26
5862,2025-12-28,Away,MEM,WAS,L,2.0,112,43,103,9,32,43,27,14,8,16,2025-26
5863,2025-12-28,Away,GSW,TOR,L,3.0,127,43,96,16,44,42,25,9,9,21,2025-26
5864,2025-12-28,Home,TOR,GSW,W,2.0,141,56,110,13,42,55,40,10,2,15,2025-26
5865,2025-12-29,Home,BKN,GSW,L,2.0,107,36,80,18,42,34,22,10,5,15,2025-26
5866,2025-12-29,Home,OKC,ATL,W,1.0,140,53,98,12,32,49,27,9,7,14,2025-26
5867,2025-12-29,Away,PHX,WAS,W,2.0,115,41,101,17,40,51,25,8,3,10,2025-26
5868,2025-12-29,Away,ORL,TOR,L,2.0,106,37,91,9,32,52,25,4,5,8,2025-26
5869,2025-12-29,Away,MIL,CHA,W,2.0,123,44,84,16,34,31,29,9,5,9,2025-26
5870,2025-12-29,Away,MIN,CHI,W,2.0,136,51,95,15,37,46,32,9,9,5,2025-26
5871,2025-12-29,Home,CHA,MIL,L,3.0,113,40,93,17,46,47,28,5,3,13,2025-26
5872,2025-12-29,Home,NOP,NYK,L,2.0,125,44,96,14,36,50,27,6,8,12,2025-26
5873,2025-12-29,Away,DEN,MIA,L,2.0,123,47,89,11,31,36,29,5,4,10,2025-26
5874,2025-12-29,Home,CHI,MIN,L,2.0,101,38,93,13,38,42,25,3,7,17,2025-26
5875,2025-12-29,Home,POR,DAL,W,1.0,125,46,97,16,41,48,27,3,3,16,2025-26
5876,2025-12-29,Home,MIA,DEN,W,2.0,147,53,99,22,46,46,40,8,4,10,2025-26
5877,2025-12-29,Home,TOR,ORL,W,1.0,107,39,99,8,34,58,22,6,7,6,2025-26
5878,2025-12-29,Home,HOU,IND,W,2.0,126,49,83,10,27,50,21,4,6,19,2025-26
5879,2025-12-29,Away,CLE,SAS,W,2.0,113,41,96,13,42,47,29,12,4,14,2025-26
5880,2025-12-29,Away,ATL,OKC,L,2.0,129,46,97,25,54,38,32,11,4,16,2025-26
5881,2025-12-29,Home,WAS,PHX,L,1.0,101,36,78,13,32,43,21,6,8,16,2025-26
5882,2025-12-29,Away,DAL,POR,L,2.0,122,46,91,11,32,41,33,6,7,12,2025-26
5883,2025-12-29,Away,GSW,BKN,W,1.0,120,41,77,10,33,40,26,11,5,14,2025-26
5884,2025-12-29,Away,IND,HOU,L,2.0,119,44,88,18,34,29,30,12,3,9,2025-26
5885,2025-12-29,Away,NYK,NOP,W,2.0,130,46,95,20,44,42,35,8,4,9,2025-26
5886,2025-12-29,Home,SAS,CLE,L,2.0,101,32,83,7,31,52,21,7,2,18,2025-26
5887,2025-12-30,Home,LAL,DET,L,2.0,106,37,82,11,39,33,28,10,3,21,2025-26
5888,2025-12-30,Away,PHI,MEM,W,2.0,139,51,111,15,42,41,33,14,5,9,2025-26
5889,2025-12-30,Away,SAC,LAC,L,2.0,90,34,83,9,27,39,18,1,8,19,2025-26
5890,2025-12-30,Away,BOS,UTA,W,2.0,129,48,94,13,44,44,27,8,9,8,2025-26
5891,2025-12-30,Away,DET,LAL,W,2.0,128,48,76,11,24,37,30,12,4,20,2025-26
5892,2025-12-30,Home,LAC,SAC,W,2.0,131,46,90,14,38,42,29,13,9,4,2025-26
5893,2025-12-30,Home,UTA,BOS,L,3.0,119,41,87,16,42,40,31,4,3,13,2025-26
5894,2025-12-30,Home,MEM,PHI,L,2.0,136,51,92,11,29,51,28,2,10,20,2025-26
5895,2025-12-31,Home,TOR,DEN,L,2.0,103,37,100,12,45,50,27,6,4,8,2025-26
5896,2025-12-31,Away,DEN,TOR,W,2.0,106,34,80,10,34,47,17,5,5,11,2025-26
5897,2025-12-31,Away,POR,OKC,L,2.0,95,34,87,14,35,50,20,10,3,25,2025-26
5898,2025-12-31,Home,IND,ORL,L,2.0,110,36,83,12,35,39,22,10,3,16,2025-26
5899,2025-12-31,Away,NYK,SAS,L,2.0,132,46,96,22,52,40,32,7,2,10,2025-26
5900,2025-12-31,Home,MIL,WAS,L,2.0,113,41,89,16,39,48,24,2,6,15,2025-26
5901,2025-12-31,Home,OKC,POR,W,2.0,124,44,90,16,49,41,29,15,10,15,2025-26
5902,2025-12-31,Home,CHI,NOP,W,2.0,134,47,92,15,43,49,33,5,7,9,2025-26
5903,2025-12-31,Away,GSW,CHA,W,2.0,132,46,83,24,49,37,35,7,3,19,2025-26
5904,2025-12-31,Home,ATL,MIN,W,2.0,126,51,104,16,42,49,38,9,4,10,2025-26
5905,2025-12-31,Away,NOP,CHI,L,2.0,118,42,98,12,38,46,25,4,9,10,2025-26
5906,2025-12-31,Home,CHA,GSW,L,2.0,125,48,93,16,40,37,35,11,1,15,2025-26
5907,2025-12-31,Home,CLE,PHX,W,2.0,129,48,96,15,38,54,31,7,9,15,2025-26
5908,2025-12-31,Away,WAS,MIL,W,2.0,114,41,94,19,39,44,31,8,8,10,2025-26
5909,2025-12-31,Away,ORL,IND,W,2.0,112,43,90,3,21,49,28,9,4,19,2025-26
5910,2025-12-31,Away,PHX,CLE,L,2.0,113,42,105,15,36,52,23,8,5,14,2025-26
5911,2025-12-31,Away,MIN,ATL,L,2.0,102,37,87,14,40,46,22,5,6,16,2025-26
5912,2025-12-31,Home,SAS,NYK,W,2.0,134,44,89,14,38,48,25,7,3,11,2025-26
5913,2026-01-01,Away,HOU,BKN,W,3.0,120,47,82,12,29,45,28,8,7,14,2025-26
5914,2026-01-01,Home,DET,MIA,L,2.0,112,38,80,9,26,40,25,11,9,21,2025-26
5915,2026-01-01,Away,MIA,DET,W,3.0,118,43,99,14,39,49,25,14,6,20,2025-26
5916,2026-01-01,Home,LAC,UTA,W,2.0,118,40,89,16,51,47,20,8,7,13,2025-26
5917,2026-01-01,Home,SAC,BOS,L,2.0,106,40,85,12,36,32,29,7,2,9,2025-26
5918,2026-01-01,Away,UTA,LAC,L,2.0,101,36,78,6,27,35,20,7,5,18,2025-26
5919,2026-01-01,Away,PHI,DAL,W,2.0,123,48,90,13,36,43,22,10,7,12,2025-26
5920,2026-01-01,Home,DAL,PHI,L,3.0,108,42,94,6,28,39,23,8,1,13,2025-26
5921,2026-01-01,Home,BKN,HOU,L,3.0,96,34,76,10,30,27,18,12,2,13,2025-26
5922,2026-01-01,Away,BOS,SAC,W,2.0,120,44,87,17,41,40,25,8,6,13,2025-26
5923,2026-01-02,Home,MIL,CHA,W,2.0,122,45,87,16,37,36,31,7,4,11,2025-26
5924,2026-01-02,Away,ORL,CHI,L,2.0,114,43,86,14,32,36,28,10,5,11,2025-26
5925,2026-01-02,Home,PHX,SAC,W,2.0,129,49,87,8,31,42,23,16,9,12,2025-26
5926,2026-01-02,Away,OKC,GSW,W,2.0,131,48,92,16,38,51,34,10,5,14,2025-26
5927,2026-01-02,Away,ATL,NYK,W,2.0,111,42,88,12,36,49,31,12,2,13,2025-26
5928,2026-01-02,Away,SAS,IND,W,2.0,123,44,98,13,46,49,23,8,2,13,2025-26
5929,2026-01-02,Home,WAS,BKN,W,2.0,119,47,92,11,29,51,24,10,9,19,2025-26
5930,2026-01-02,Home,NOP,POR,L,2.0,109,44,98,8,30,42,22,8,11,15,2025-26
5931,2026-01-02,Away,CHA,MIL,L,2.0,121,40,82,18,40,39,27,5,3,14,2025-26
5932,2026-01-02,Home,IND,SAS,L,2.0,113,44,86,12,30,39,26,9,4,14,2025-26
5933,2026-01-02,Home,NYK,ATL,L,2.0,99,36,97,9,42,52,27,8,6,15,2025-26
5934,2026-01-02,Home,GSW,OKC,L,2.0,94,32,90,13,44,43,23,8,5,17,2025-26
5935,2026-01-02,Home,CHI,ORL,W,2.0,121,45,90,14,41,47,31,6,5,13,2025-26
5936,2026-01-02,Home,LAL,MEM,W,3.0,128,45,77,11,32,42,26,9,4,20,2025-26
5937,2026-01-02,Away,DEN,CLE,L,2.0,108,40,94,17,47,32,26,8,3,9,2025-26
5938,2026-01-02,Home,CLE,DEN,W,2.0,113,43,86,16,39,55,32,6,8,17,2025-26
5939,2026-01-02,Away,SAC,PHX,L,1.0,102,35,85,10,28,42,20,6,3,21,2025-26
5940,2026-01-02,Away,BKN,WAS,L,1.0,99,34,86,6,29,33,20,15,8,16,2025-26
5941,2026-01-02,Away,POR,NOP,W,2.0,122,41,92,16,47,46,27,6,7,9,2025-26
5942,2026-01-02,Away,MEM,LAL,L,3.0,121,46,96,14,42,34,32,10,2,15,2025-26
5943,2026-01-03,Away,PHI,NYK,W,2.0,130,49,90,17,36,47,25,7,10,14,2025-26
5944,2026-01-03,Home,CHI,CHA,L,1.0,99,39,87,11,41,43,32,9,5,11,2025-26
5945,2026-01-03,Home,MIA,MIN,L,2.0,115,41,87,14,37,37,27,7,2,19,2025-26
5946,2026-01-03,Home,DAL,HOU,W,2.0,110,44,80,8,21,47,24,6,10,16,2025-26
5947,2026-01-03,Home,NYK,PHI,L,1.0,119,38,89,16,40,44,23,9,2,16,2025-26
5948,2026-01-03,Home,TOR,ATL,W,3.0,134,49,92,12,31,48,28,10,8,14,2025-26
5949,2026-01-03,Home,SAS,POR,L,1.0,110,40,93,10,31,48,27,8,7,6,2025-26
5950,2026-01-03,Away,UTA,GSW,L,2.0,114,45,86,13,35,37,32,7,2,15,2025-26
5951,2026-01-03,Away,POR,SAS,W,1.0,115,40,91,19,45,51,24,3,4,11,2025-26
5952,2026-01-03,Away,BOS,LAC,W,2.0,146,53,96,24,51,46,30,4,6,6,2025-26
5953,2026-01-03,Home,GSW,UTA,W,1.0,123,43,87,19,45,45,32,9,2,15,2025-26
5954,2026-01-03,Away,CHA,CHI,W,1.0,112,39,91,15,41,52,23,7,3,12,2025-26
5955,2026-01-03,Away,ATL,TOR,L,1.0,117,42,91,17,39,36,32,10,3,16,2025-26
5956,2026-01-03,Away,HOU,DAL,L,2.0,104,41,106,10,41,51,24,13,7,9,2025-26
5957,2026-01-03,Away,MIN,MIA,W,3.0,125,46,85,11,38,40,26,9,5,14,2025-26
5958,2026-01-03,Home,LAC,BOS,L,2.0,115,42,84,15,38,30,26,4,4,10,2025-26
5959,2026-01-04,Away,MIL,SAC,W,2.0,115,39,87,10,37,48,23,4,2,13,2025-26
5960,2026-01-04,Home,MIA,NOP,W,1.0,125,47,101,18,44,43,30,19,7,16,2025-26
5961,2026-01-04,Away,IND,ORL,L,2.0,127,48,87,15,34,41,38,3,3,11,2025-26
5962,2026-01-04,Home,CLE,DET,L,2.0,110,35,80,14,42,44,23,11,10,17,2025-26
5963,2026-01-04,Home,LAL,MEM,W,2.0,120,38,80,11,41,45,30,4,6,11,2025-26
5964,2026-01-04,Home,WAS,MIN,L,2.0,115,43,88,12,36,35,21,9,5,19,2025-26
5965,2026-01-04,Home,SAC,MIL,L,2.0,98,34,80,5,25,38,17,10,7,10,2025-26
5966,2026-01-04,Home,PHX,OKC,W,2.0,108,35,79,17,43,49,21,2,1,16,2025-26
5967,2026-01-04,Home,BKN,DEN,W,2.0,127,41,81,14,33,44,29,7,5,10,2025-26
5968,2026-01-04,Away,NOP,MIA,L,2.0,106,42,90,16,40,42,28,9,7,26,2025-26
5969,2026-01-04,Away,MIN,WAS,W,1.0,141,55,98,11,37,51,29,14,6,14,2025-26
5970,2026-01-04,Away,DET,CLE,W,3.0,114,39,95,15,40,45,25,11,9,17,2025-26
5971,2026-01-04,Away,OKC,PHX,L,2.0,105,39,82,10,32,29,20,2,4,9,2025-26
5972,2026-01-04,Away,MEM,LAL,L,2.0,114,42,100,10,41,47,29,6,1,9,2025-26
5973,2026-01-04,Away,DEN,BKN,L,2.0,115,41,85,11,31,33,29,4,5,10,2025-26
5974,2026-01-04,Home,ORL,IND,W,2.0,135,47,84,15,32,36,34,7,6,7,2025-26
5975,2026-01-05,Away,GSW,LAC,L,2.0,102,35,92,10,41,40,27,18,4,7,2025-26
5976,2026-01-05,Away,CHI,BOS,L,2.0,101,38,86,16,46,45,25,2,4,13,2025-26
5977,2026-01-05,Away,UTA,POR,L,2.0,117,45,92,13,31,42,32,11,2,15,2025-26
5978,2026-01-05,Away,NYK,DET,L,2.0,90,32,76,13,30,30,15,7,3,20,2025-26
5979,2026-01-05,Home,TOR,ATL,W,2.0,118,47,90,12,37,46,34,10,5,15,2025-26
5980,2026-01-05,Home,PHI,DEN,L,2.0,124,46,98,17,45,42,28,9,9,14,2025-26
5981,2026-01-05,Home,HOU,PHX,W,2.0,100,38,87,9,37,51,20,5,1,16,2025-26
5982,2026-01-05,Home,OKC,CHA,L,1.0,97,34,93,11,39,33,18,14,5,8,2025-26
5983,2026-01-05,Away,CHA,OKC,W,2.0,124,41,77,19,37,52,25,4,7,21,2025-26
5984,2026-01-05,Away,ATL,TOR,L,2.0,100,35,89,12,34,46,28,11,1,15,2025-26
5985,2026-01-05,Away,PHX,HOU,L,1.0,97,37,88,14,41,40,23,11,0,13,2025-26
5986,2026-01-05,Home,LAC,GSW,W,2.0,103,37,77,10,29,48,25,5,9,20,2025-26
5987,2026-01-05,Home,DET,NYK,W,1.0,121,47,86,16,31,44,25,12,11,16,2025-26
5988,2026-01-05,Home,POR,UTA,W,2.0,137,49,93,19,48,45,32,9,4,14,2025-26
5989,2026-01-05,Away,DEN,PHI,W,1.0,125,43,81,18,37,38,26,6,6,19,2025-26
5990,2026-01-05,Home,BOS,CHI,W,2.0,115,42,104,20,52,54,22,7,4,8,2025-26
5991,2026-01-06,Away,DAL,SAC,W,3.0,100,39,96,8,27,55,19,6,3,17,2025-26
5992,2026-01-06,Away,SAS,MEM,L,3.0,105,38,102,14,46,50,26,9,4,14,2025-26
5993,2026-01-06,Home,SAC,DAL,L,2.0,98,39,92,9,31,43,23,11,6,13,2025-26
5994,2026-01-06,Home,MIN,MIA,W,2.0,122,45,98,14,39,63,27,7,8,12,2025-26
5995,2026-01-06,Away,CLE,IND,W,2.0,120,49,88,10,26,48,33,7,6,19,2025-26
5996,2026-01-06,Home,MEM,SAS,W,2.0,106,39,98,18,49,61,28,7,9,23,2025-26
5997,2026-01-06,Away,MIA,MIN,L,2.0,94,35,98,12,37,50,28,5,4,18,2025-26
5998,2026-01-06,Home,WAS,ORL,W,2.0,120,39,86,11,34,45,25,12,10,15,2025-26
5999,2026-01-06,Away,ORL,WAS,L,2.0,112,42,92,12,33,48,28,8,4,19,2025-26
6000,2026-01-06,Home,IND,CLE,L,2.0,116,43,93,16,35,32,32,10,4,14,2025-26
6001,2026-01-06,Away,LAL,NOP,W,2.0,111,43,85,11,31,44,30,11,6,15,2025-26
6002,2026-01-06,Home,NOP,LAL,L,2.0,103,40,91,10,40,44,28,8,2,16,2025-26
6003,2026-01-07,Away,LAL,SAS,L,1.0,91,34,86,9,39,45,16,9,2,17,2025-26
6004,2026-01-07,Away,PHX,MEM,W,2.0,117,45,97,22,56,51,31,11,5,18,2025-26
6005,2026-01-07,Home,BKN,ORL,L,3.0,103,36,86,17,51,44,23,11,8,21,2025-26
6006,2026-01-07,Home,GSW,MIL,W,2.0,120,44,89,18,47,41,31,6,2,10,2025-26
6007,2026-01-07,Away,NOP,ATL,L,1.0,100,38,86,8,28,40,26,13,9,19,2025-26
6008,2026-01-07,Away,CHI,DET,L,2.0,93,37,87,13,34,45,27,5,8,17,2025-26
6009,2026-01-07,Home,POR,HOU,W,2.0,103,36,83,12,40,38,21,7,3,14,2025-26
6010,2026-01-07,Home,CHA,TOR,L,2.0,96,32,82,14,38,50,19,3,6,18,2025-26
6011,2026-01-07,Away,DEN,BOS,W,2.0,114,39,87,20,44,39,27,7,8,9,2025-26
6012,2026-01-07,Away,TOR,CHA,W,2.0,97,38,92,7,34,42,18,6,4,6,2025-26
6013,2026-01-07,Home,NYK,LAC,W,2.0,123,47,94,14,33,48,31,5,6,12,2025-26
6014,2026-01-07,Home,OKC,UTA,W,2.0,129,44,101,7,38,51,26,14,11,11,2025-26
6015,2026-01-07,Away,HOU,POR,L,2.0,102,37,99,8,36,57,20,8,7,14,2025-26
6016,2026-01-07,Home,SAS,LAL,W,1.0,107,40,82,4,25,50,24,10,5,15,2025-26
6017,2026-01-07,Home,MEM,PHX,L,1.0,98,39,92,12,37,47,23,9,2,18,2025-26
6018,2026-01-07,Home,BOS,DEN,L,2.0,110,43,95,15,38,53,16,6,6,14,2025-26
6019,2026-01-07,Away,WAS,PHI,L,1.0,110,43,87,13,33,42,29,7,6,22,2025-26
6020,2026-01-07,Home,PHI,WAS,W,2.0,131,45,84,14,37,34,30,15,5,10,2025-26
6021,2026-01-07,Away,LAC,NYK,L,2.0,111,40,92,15,42,40,21,7,5,10,2025-26
6022,2026-01-07,Home,DET,CHI,W,2.0,108,45,92,12,33,39,35,10,8,9,2025-26
6023,2026-01-07,Home,ATL,NOP,W,2.0,117,44,95,18,47,49,30,13,10,21,2025-26
6024,2026-01-07,Away,ORL,BKN,W,1.0,104,41,96,9,33,55,28,12,4,18,2025-26
6025,2026-01-07,Away,MIL,GSW,L,3.0,113,46,85,14,32,36,29,3,3,12,2025-26
6026,2026-01-07,Away,UTA,OKC,L,2.0,125,49,111,11,41,65,33,8,5,20,2025-26
6027,2026-01-08,Away,CLE,MIN,L,2.0,122,48,91,11,33,38,31,9,2,13,2025-26
6028,2026-01-08,Away,IND,CHA,W,2.0,114,41,82,12,27,41,25,9,6,20,2025-26
6029,2026-01-08,Away,DAL,UTA,L,2.0,114,44,85,15,36,47,30,4,2,21,2025-26
6030,2026-01-08,Home,MIN,CLE,W,2.0,131,51,89,20,38,45,33,8,2,17,2025-26
6031,2026-01-08,Home,CHA,IND,L,1.0,112,39,86,16,44,35,29,8,3,17,2025-26
6032,2026-01-08,Home,UTA,DAL,W,1.0,116,47,95,13,41,42,32,11,3,9,2025-26
6033,2026-01-09,Home,GSW,SAC,W,2.0,137,52,95,19,45,41,39,4,6,11,2025-26
6034,2026-01-09,Away,TOR,BOS,L,2.0,117,45,92,18,47,31,39,7,6,7,2025-26
6035,2026-01-09,Home,DEN,ATL,L,2.0,87,30,72,11,32,44,22,6,2,19,2025-26
6036,2026-01-09,Away,OKC,MEM,W,2.0,117,43,91,9,37,36,24,9,8,6,2025-26
6037,2026-01-09,Home,MEM,OKC,L,2.0,116,41,88,14,41,52,35,4,4,17,2025-26
6038,2026-01-09,Away,NYK,PHX,L,2.0,107,37,82,16,41,50,22,3,1,18,2025-26
6039,2026-01-09,Home,BOS,TOR,W,2.0,125,47,87,14,28,40,28,3,5,10,2025-26
6040,2026-01-09,Away,ATL,DEN,W,2.0,110,46,94,16,43,40,31,14,6,6,2025-26
6041,2026-01-09,Away,LAC,BKN,W,2.0,121,45,76,14,24,37,28,9,8,16,2025-26
6042,2026-01-09,Away,MIL,LAL,W,2.0,105,38,79,12,34,44,23,10,3,17,2025-26
6043,2026-01-09,Away,PHI,ORL,W,2.0,103,39,95,4,28,52,20,12,6,13,2025-26
6044,2026-01-09,Home,ORL,PHI,L,2.0,91,36,88,4,29,42,21,5,10,19,2025-26
6045,2026-01-09,Home,POR,HOU,W,2.0,111,37,89,16,44,43,26,9,3,13,2025-26
6046,2026-01-09,Away,SAC,GSW,L,3.0,103,43,86,7,27,31,23,6,6,13,2025-26
6047,2026-01-09,Away,NOP,WAS,W,2.0,128,51,95,11,34,51,30,12,4,19,2025-26
6048,2026-01-09,Home,PHX,NYK,W,2.0,112,38,85,16,42,37,23,4,4,10,2025-26
6049,2026-01-09,Home,LAL,MIL,L,2.0,101,39,91,15,36,45,28,9,0,13,2025-26
6050,2026-01-09,Home,BKN,LAC,L,2.0,105,40,100,15,47,39,26,12,4,12,2025-26
6051,2026-01-09,Away,HOU,POR,L,2.0,105,40,96,10,44,56,21,8,8,13,2025-26
6052,2026-01-09,Home,WAS,NOP,L,2.0,107,37,87,11,35,40,24,10,8,19,2025-26
6053,2026-01-10,Away,SAS,BOS,W,3.0,100,38,95,10,44,53,22,5,4,8,2025-26
6054,2026-01-10,Home,BOS,SAS,L,1.0,95,38,93,16,44,52,22,5,5,10,2025-26
6055,2026-01-10,Home,IND,MIA,W,2.0,123,44,98,17,40,54,37,13,4,18,2025-26
6056,2026-01-10,Away,DAL,CHI,L,2.0,107,39,91,13,35,42,25,7,6,14,2025-26
6057,2026-01-10,Home,CHI,DAL,W,3.0,125,50,97,15,46,52,31,10,7,16,2025-26
6058,2026-01-10,Away,CHA,UTA,W,2.0,150,53,101,24,59,65,35,10,5,13,2025-26
6059,2026-01-10,Away,MIN,CLE,L,2.0,134,51,89,16,32,40,31,8,7,16,2025-26
6060,2026-01-10,Away,LAC,DET,W,1.0,98,31,72,11,31,37,17,18,6,22,2025-26
6061,2026-01-10,Home,DET,LAC,L,3.0,92,33,83,8,35,47,21,18,13,25,2025-26
6062,2026-01-10,Home,UTA,CHA,L,2.0,95,36,88,7,31,31,22,6,2,15,2025-26
6063,2026-01-10,Away,MIA,IND,L,4.0,99,36,92,4,30,51,17,6,5,19,2025-26
6064,2026-01-10,Home,CLE,MIN,W,2.0,146,55,92,15,31,31,38,10,2,10,2025-26
6065,2026-01-11,Away,SAS,MIN,L,1.0,103,34,88,13,38,49,19,6,1,14,2025-26
6066,2026-01-11,Away,MIA,OKC,L,1.0,112,44,82,17,32,37,35,9,4,23,2025-26
6067,2026-01-11,Away,NOP,ORL,L,2.0,118,46,80,14,26,26,27,8,9,16,2025-26
6068,2026-01-11,Away,MIL,DEN,L,2.0,104,38,85,14,34,44,29,5,6,11,2025-26
6069,2026-01-11,Home,OKC,MIA,W,2.0,124,47,93,10,34,46,23,12,5,13,2025-26
6070,2026-01-11,Home,DEN,MIL,W,2.0,108,35,87,14,35,45,23,5,5,9,2025-26
6071,2026-01-11,Home,TOR,PHI,W,2.0,116,41,103,5,32,48,29,14,6,15,2025-26
6072,2026-01-11,Away,PHI,TOR,L,2.0,115,41,90,8,31,44,11,9,11,22,2025-26
6073,2026-01-11,Home,POR,NYK,L,2.0,114,40,84,12,39,39,24,9,6,15,2025-26
6074,2026-01-11,Home,SAC,HOU,W,2.0,111,44,91,8,23,45,25,4,1,10,2025-26
6075,2026-01-11,Home,MEM,BKN,W,2.0,103,37,88,11,34,54,27,6,7,15,2025-26
6076,2026-01-11,Home,PHX,WAS,W,2.0,112,40,95,17,52,51,32,11,7,16,2025-26
6077,2026-01-11,Away,BKN,MEM,L,2.0,98,36,88,18,48,43,25,10,6,10,2025-26
6078,2026-01-11,Away,NYK,POR,W,2.0,123,50,99,17,46,45,32,11,7,12,2025-26
6079,2026-01-11,Home,MIN,SAS,W,1.0,104,39,90,12,39,50,23,9,7,9,2025-26
6080,2026-01-11,Home,ORL,NOP,W,2.0,128,43,82,11,24,39,27,10,3,13,2025-26
6081,2026-01-11,Home,GSW,ATL,L,2.0,111,42,90,10,42,48,28,5,4,16,2025-26
6082,2026-01-11,Away,ATL,GSW,W,2.0,124,46,94,15,39,46,33,9,4,9,2025-26
6083,2026-01-11,Away,HOU,SAC,L,2.0,98,36,84,7,30,44,23,4,5,13,2025-26
6084,2026-01-11,Away,WAS,PHX,L,2.0,93,34,86,7,30,49,22,9,7,23,2025-26
6085,2026-01-12,Away,LAL,SAC,L,3.0,112,41,84,8,36,39,21,9,2,10,2025-26
6086,2026-01-12,Home,CLE,UTA,L,2.0,112,41,92,17,41,30,33,10,6,14,2025-26
6087,2026-01-12,Home,IND,BOS,W,2.0,98,39,84,16,37,40,29,8,3,12,2025-26
6088,2026-01-12,Away,BOS,IND,L,2.0,96,40,88,9,35,46,22,9,1,12,2025-26
6089,2026-01-12,Home,LAC,CHA,W,2.0,117,41,92,18,49,37,22,7,0,5,2025-26
6090,2026-01-12,Away,UTA,CLE,W,2.0,123,40,83,18,41,50,32,7,4,19,2025-26
6091,2026-01-12,Away,PHI,TOR,W,1.0,115,39,74,16,36,36,22,4,2,16,2025-26
6092,2026-01-12,Away,CHA,LAC,L,2.0,109,43,88,10,33,49,24,3,4,10,2025-26
6093,2026-01-12,Home,SAC,LAL,W,1.0,124,48,82,17,26,32,23,6,4,15,2025-26
6094,2026-01-12,Home,DAL,BKN,W,2.0,113,43,85,15,34,37,28,9,3,14,2025-26
6095,2026-01-12,Away,BKN,DAL,L,1.0,105,39,86,9,37,43,23,5,8,17,2025-26
6096,2026-01-12,Home,TOR,PHI,L,1.0,102,37,92,6,37,38,29,7,2,9,2025-26
6097,2026-01-13,Home,GSW,POR,W,2.0,119,42,89,23,57,34,34,16,5,14,2025-26
6098,2026-01-13,Away,ATL,LAL,L,2.0,116,45,100,13,46,32,30,11,1,6,2025-26
6099,2026-01-13,Away,POR,GSW,L,2.0,97,36,83,14,47,45,20,7,3,22,2025-26
6100,2026-01-13,Home,MIA,PHX,W,2.0,127,48,92,13,38,41,28,8,2,12,2025-26
6101,2026-01-13,Away,MIN,MIL,W,2.0,139,55,92,22,42,44,37,9,2,16,2025-26
6102,2026-01-13,Home,HOU,CHI,W,2.0,119,45,88,7,24,50,24,5,2,9,2025-26
6103,2026-01-13,Away,CHI,HOU,L,3.0,113,41,94,12,37,40,24,5,3,7,2025-26
6104,2026-01-13,Away,SAS,OKC,L,2.0,98,34,85,13,37,42,21,4,3,12,2025-26
6105,2026-01-13,Home,MIL,MIN,L,2.0,106,41,85,13,36,32,29,12,4,20,2025-26
6106,2026-01-13,Home,OKC,SAS,W,2.0,119,42,81,11,30,43,26,7,11,11,2025-26
6107,2026-01-13,Home,NOP,DEN,L,2.0,116,39,86,11,29,51,21,6,4,15,2025-26
6108,2026-01-13,Away,PHX,MIA,L,2.0,121,44,102,14,48,48,22,10,1,13,2025-26
6109,2026-01-13,Away,DEN,NOP,W,2.0,122,41,84,14,35,32,24,8,3,7,2025-26
6110,2026-01-13,Home,LAL,ATL,W,1.0,141,48,83,19,34,47,36,2,3,16,2025-26
6111,2026-01-14,Away,WAS,LAC,L,3.0,105,41,90,10,38,41,25,5,3,11,2025-26
6112,2026-01-14,Away,UTA,CHI,L,2.0,126,47,86,8,28,36,30,9,2,13,2025-26
6113,2026-01-14,Away,CLE,PHI,W,2.0,133,50,95,20,46,52,41,6,5,16,2025-26
6114,2026-01-14,Home,SAC,NYK,W,2.0,112,35,74,10,27,48,23,4,6,17,2025-26
6115,2026-01-14,Away,NYK,SAC,L,3.0,101,39,100,8,41,45,23,11,6,9,2025-26
6116,2026-01-14,Home,NOP,BKN,W,1.0,116,43,97,11,33,53,24,5,7,9,2025-26
6117,2026-01-14,Home,IND,TOR,L,2.0,101,33,86,12,42,46,26,6,7,11,2025-26
6118,2026-01-14,Away,DEN,DAL,W,1.0,118,42,85,16,38,39,21,4,1,9,2025-26
6119,2026-01-14,Home,PHI,CLE,L,2.0,107,36,89,12,43,42,22,9,5,12,2025-26
6120,2026-01-14,Away,TOR,IND,W,2.0,115,44,89,10,28,49,30,4,5,12,2025-26
6121,2026-01-14,Home,LAC,WAS,W,2.0,119,39,83,14,37,40,25,9,5,10,2025-26
6122,2026-01-14,Home,DAL,DEN,L,2.0,109,41,93,5,34,47,16,6,3,6,2025-26
6123,2026-01-14,Away,BKN,NOP,L,2.0,113,45,95,16,43,43,24,3,5,11,2025-26
6124,2026-01-14,Home,CHI,UTA,W,1.0,128,47,92,17,43,43,36,10,5,13,2025-26
6125,2026-01-15,Home,DAL,UTA,W,1.0,144,55,97,19,46,46,37,13,7,13,2025-26
6126,2026-01-15,Away,ORL,MEM,W,4.0,118,41,95,15,40,54,28,9,4,16,2025-26
6127,2026-01-15,Away,UTA,DAL,L,1.0,122,47,96,10,36,39,33,9,4,17,2025-26
6128,2026-01-15,Home,HOU,OKC,L,2.0,91,35,104,7,24,60,17,10,7,16,2025-26
6129,2026-01-15,Home,DET,PHX,W,5.0,108,38,81,9,32,54,25,10,7,17,2025-26
6130,2026-01-15,Away,PHX,DET,L,2.0,105,36,87,17,46,41,21,14,9,14,2025-26
6131,2026-01-15,Home,LAL,CHA,L,2.0,117,43,93,14,38,35,18,8,4,9,2025-26
6132,2026-01-15,Away,NYK,GSW,L,1.0,113,42,91,14,38,41,28,3,2,12,2025-26
6133,2026-01-15,Home,POR,ATL,W,2.0,117,43,95,14,46,54,23,13,5,15,2025-26
6134,2026-01-15,Home,GSW,NYK,W,2.0,126,48,89,20,45,38,26,7,6,12,2025-26
6135,2026-01-15,Away,BOS,MIA,W,3.0,119,41,91,13,39,51,22,5,5,13,2025-26
6136,2026-01-15,Away,CHA,LAL,W,3.0,135,50,92,20,43,50,34,3,5,13,2025-26
6137,2026-01-15,Away,ATL,POR,L,2.0,101,35,81,14,44,40,23,10,4,20,2025-26
6138,2026-01-15,Away,MEM,ORL,L,4.0,111,38,83,17,36,37,27,5,6,16,2025-26
6139,2026-01-15,Away,MIL,SAS,L,2.0,101,34,87,17,48,37,24,6,3,13,2025-26
6140,2026-01-15,Home,SAS,MIL,W,2.0,119,40,79,16,37,50,28,7,2,17,2025-26
6141,2026-01-15,Home,MIA,BOS,L,2.0,114,39,87,15,42,40,25,7,2,10,2025-26
6142,2026-01-15,Away,OKC,HOU,W,2.0,111,41,89,16,41,44,25,9,12,12,2025-26
6143,2026-01-16,Home,TOR,LAC,L,2.0,117,42,87,11,33,36,30,4,5,18,2025-26
6144,2026-01-16,Away,MIN,HOU,L,3.0,105,37,80,11,30,45,21,7,7,16,2025-26
6145,2026-01-16,Home,HOU,MIN,W,1.0,110,39,84,12,28,42,19,10,5,14,2025-26
6146,2026-01-16,Away,NOP,IND,L,2.0,119,41,82,13,31,42,22,4,4,9,2025-26
6147,2026-01-16,Home,BKN,CHI,W,2.0,112,39,91,19,40,47,30,7,4,14,2025-26
6148,2026-01-16,Home,IND,NOP,W,2.0,127,52,101,15,43,43,37,5,7,7,2025-26
6149,2026-01-16,Home,SAC,WAS,W,2.0,128,47,81,15,31,45,36,5,5,19,2025-26
6150,2026-01-16,Away,WAS,SAC,L,2.0,115,44,90,11,34,34,23,9,2,11,2025-26
6151,2026-01-16,Away,CHI,BKN,L,2.0,109,41,86,11,35,41,28,10,10,8,2025-26
6152,2026-01-16,Home,PHI,CLE,L,2.0,115,43,91,12,32,37,28,11,8,11,2025-26
6153,2026-01-16,Away,CLE,PHI,W,2.0,117,44,85,17,34,42,38,7,5,18,2025-26
6154,2026-01-16,Away,LAC,TOR,W,2.0,121,41,79,13,36,36,25,12,3,16,2025-26
6155,2026-01-17,Away,PHX,NYK,W,2.0,106,34,82,15,42,37,22,9,2,12,2025-26
6156,2026-01-17,Home,MIA,OKC,W,2.0,122,41,111,20,50,51,30,7,4,4,2025-26
6157,2026-01-17,Away,LAL,POR,L,2.0,116,42,85,13,31,27,25,8,6,15,2025-26
6158,2026-01-17,Home,DEN,WAS,W,3.0,121,45,85,14,35,38,31,7,4,13,2025-26
6159,2026-01-17,Away,CHA,GSW,L,2.0,116,43,94,16,44,44,27,5,3,17,2025-26
6160,2026-01-17,Away,OKC,MIA,L,2.0,120,42,77,13,29,46,23,3,6,15,2025-26
6161,2026-01-17,Away,BOS,ATL,W,2.0,132,46,91,22,52,55,27,9,8,17,2025-26
6162,2026-01-17,Home,NYK,PHX,L,2.0,99,33,82,14,44,47,20,9,5,17,2025-26
6163,2026-01-17,Home,POR,LAL,W,2.0,132,45,86,16,42,42,24,9,5,15,2025-26
6164,2026-01-17,Home,GSW,CHA,W,2.0,136,51,93,23,52,41,34,8,7,12,2025-26
6165,2026-01-17,Home,DET,IND,W,2.0,121,46,93,16,34,51,32,15,6,19,2025-26
6166,2026-01-17,Away,WAS,DEN,L,1.0,115,44,96,11,30,48,20,9,4,11,2025-26
6167,2026-01-17,Away,IND,DET,L,1.0,78,28,79,8,35,42,18,13,2,25,2025-26
6168,2026-01-17,Away,MIN,SAS,L,1.0,123,42,90,14,34,41,22,7,7,11,2025-26
6169,2026-01-17,Away,UTA,DAL,L,2.0,120,48,89,10,31,41,30,5,3,15,2025-26
6170,2026-01-17,Home,SAS,MIN,W,2.0,126,47,94,15,38,43,35,6,5,11,2025-26
6171,2026-01-17,Home,ATL,BOS,L,2.0,106,38,102,15,46,47,29,10,4,12,2025-26
6172,2026-01-17,Home,DAL,UTA,W,2.0,138,49,91,18,41,44,36,8,2,11,2025-26
6173,2026-01-18,Away,BKN,CHI,L,2.0,102,38,83,16,37,38,33,4,4,11,2025-26
6174,2026-01-18,Away,NOP,HOU,L,2.0,110,44,88,10,26,39,27,10,5,14,2025-26
6175,2026-01-18,Away,ORL,MEM,L,3.0,109,42,95,10,33,42,30,5,6,17,2025-26
6176,2026-01-18,Away,CHA,DEN,W,1.0,110,44,89,11,34,52,30,4,3,13,2025-26
6177,2026-01-18,Home,CHI,BKN,W,2.0,124,49,94,20,46,44,41,8,5,9,2025-26
6178,2026-01-18,Home,SAC,POR,L,2.0,110,42,86,11,31,40,29,8,5,16,2025-26
6179,2026-01-18,Home,LAL,TOR,W,1.0,110,41,85,14,36,48,25,6,6,15,2025-26
6180,2026-01-18,Away,TOR,LAL,L,2.0,93,38,91,7,32,43,30,7,5,10,2025-26
6181,2026-01-18,Home,DEN,CHA,L,1.0,87,32,79,8,38,29,21,7,5,8,2025-26
6182,2026-01-18,Away,MEM,ORL,W,3.0,126,48,91,13,35,42,31,12,7,12,2025-26
6183,2026-01-18,Home,HOU,NOP,W,2.0,119,45,90,13,36,47,22,9,4,15,2025-26
6184,2026-01-18,Away,POR,SAC,W,1.0,117,40,83,8,32,43,18,7,4,15,2025-26
6185,2026-01-19,Away,LAC,WAS,W,3.0,110,36,78,5,28,43,20,12,6,16,2025-26
6186,2026-01-19,Home,BKN,PHX,L,1.0,117,41,81,15,38,28,28,7,1,8,2025-26
6187,2026-01-19,Away,MIA,GSW,L,2.0,112,39,99,13,45,54,30,6,2,19,2025-26
6188,2026-01-19,Home,NYK,DAL,L,2.0,97,38,95,9,31,53,22,10,5,17,2025-26
6189,2026-01-19,Home,GSW,MIA,W,2.0,135,49,95,24,51,46,38,11,3,14,2025-26
6190,2026-01-19,Away,PHX,BKN,W,2.0,126,44,77,20,39,35,29,4,4,13,2025-26
6191,2026-01-19,Away,MIL,ATL,W,4.0,112,39,79,16,36,47,24,8,6,13,2025-26
6192,2026-01-19,Home,PHI,IND,W,3.0,113,42,88,5,17,40,22,18,5,9,2025-26
6193,2026-01-19,Home,SAS,UTA,W,2.0,123,44,79,16,38,38,32,9,12,14,2025-26
6194,2026-01-19,Home,WAS,LAC,L,2.0,106,37,86,13,35,45,27,7,5,20,2025-26
6195,2026-01-19,Home,CLE,OKC,L,3.0,104,34,91,8,35,54,20,8,5,21,2025-26
6196,2026-01-19,Home,DET,BOS,W,2.0,104,38,88,11,35,41,24,9,9,8,2025-26
6197,2026-01-19,Away,UTA,SAS,L,2.0,110,37,92,13,37,42,31,10,1,14,2025-26
6198,2026-01-19,Away,DAL,NYK,W,2.0,114,40,82,15,32,49,25,9,5,17,2025-26
6199,2026-01-19,Home,ATL,MIL,L,2.0,110,39,96,12,42,51,33,9,6,10,2025-26
6200,2026-01-19,Away,BOS,DET,L,2.0,103,33,83,13,41,45,13,7,4,14,2025-26
6201,2026-01-19,Away,OKC,CLE,W,2.0,136,50,90,23,47,38,32,11,6,13,2025-26
6202,2026-01-19,Away,IND,PHI,L,2.0,104,40,84,13,34,46,24,4,9,24,2025-26
6203,2026-01-20,Away,MIN,UTA,L,3.0,122,44,100,14,47,46,28,12,6,11,2025-26
6204,2026-01-20,Home,CHI,LAC,W,2.0,138,52,92,25,47,42,40,10,11,12,2025-26
6205,2026-01-20,Away,TOR,GSW,W,2.0,145,51,86,21,34,37,42,7,3,17,2025-26
6206,2026-01-20,Away,LAL,DEN,W,2.0,115,42,83,10,25,51,24,3,2,13,2025-26
6207,2026-01-20,Home,GSW,TOR,L,1.0,127,47,91,16,43,36,28,7,1,19,2025-26
6208,2026-01-20,Home,HOU,SAS,W,2.0,111,43,83,10,27,43,29,5,9,14,2025-26
6209,2026-01-20,Home,PHI,PHX,L,1.0,110,39,93,11,34,49,20,12,6,19,2025-26
6210,2026-01-20,Home,DEN,LAL,L,2.0,107,39,87,15,37,31,27,6,7,5,2025-26
6211,2026-01-20,Away,MIA,SAC,W,1.0,130,47,98,21,42,46,33,6,2,10,2025-26
6212,2026-01-20,Away,SAS,HOU,L,1.0,106,41,105,14,50,45,24,7,5,9,2025-26
6213,2026-01-20,Home,SAC,MIA,L,2.0,117,44,87,11,30,49,27,6,4,16,2025-26
6214,2026-01-20,Home,UTA,MIN,W,1.0,127,48,87,12,29,45,31,8,4,17,2025-26
6215,2026-01-20,Away,LAC,CHI,L,1.0,110,43,92,10,30,41,24,6,5,16,2025-26
6216,2026-01-20,Away,PHX,PHI,W,1.0,116,40,92,16,39,42,25,5,2,22,2025-26
6217,2026-01-21,Away,TOR,SAC,W,1.0,122,43,94,13,33,47,30,11,3,11,2025-26
6218,2026-01-21,Away,DET,NOP,W,2.0,112,39,88,15,39,47,26,12,8,20,2025-26
6219,2026-01-21,Home,SAC,TOR,L,1.0,109,41,88,9,33,45,25,6,6,16,2025-26
6220,2026-01-21,Home,NYK,BKN,W,2.0,120,46,80,16,32,56,28,10,6,12,2025-26
6221,2026-01-21,Away,CLE,CHA,W,2.0,94,34,87,8,40,60,20,6,8,21,2025-26
6222,2026-01-21,Home,BOS,IND,W,2.0,119,42,88,12,31,54,24,8,6,16,2025-26
6223,2026-01-21,Away,IND,BOS,L,2.0,104,37,94,12,45,42,31,6,2,14,2025-26
6224,2026-01-21,Home,NOP,DET,L,3.0,104,36,86,7,32,46,19,13,6,19,2025-26
6225,2026-01-21,Home,MIL,OKC,L,2.0,102,40,81,16,41,39,30,6,0,16,2025-26
6226,2026-01-21,Away,OKC,MIL,W,2.0,122,49,90,14,36,42,24,12,3,8,2025-26
6227,2026-01-21,Away,ATL,MEM,W,2.0,124,43,92,20,45,42,34,9,6,17,2025-26
6228,2026-01-21,Home,CHA,CLE,L,3.0,87,33,98,8,47,47,20,12,4,13,2025-26
6229,2026-01-21,Away,BKN,NYK,L,2.0,66,23,79,11,40,27,15,5,4,14,2025-26
6230,2026-01-21,Home,MEM,ATL,L,3.0,122,43,93,12,35,43,26,7,7,18,2025-26
6231,2026-01-22,Home,PHI,HOU,W,2.0,128,49,89,11,32,46,41,13,4,15,2025-26
6232,2026-01-22,Away,LAL,LAC,L,2.0,104,40,88,11,33,34,24,14,8,10,2025-26
6233,2026-01-22,Home,DAL,GSW,W,3.0,123,43,86,13,35,54,25,6,6,22,2025-26
6234,2026-01-22,Away,DEN,WAS,W,2.0,107,37,83,9,26,46,22,9,6,14,2025-26
6235,2026-01-22,Home,LAC,LAL,W,2.0,112,40,84,12,31,49,23,8,0,20,2025-26
6236,2026-01-22,Home,WAS,DEN,L,3.0,97,32,84,13,43,42,20,9,6,14,2025-26
6237,2026-01-22,Away,CHA,ORL,W,1.0,124,43,79,17,36,47,26,7,4,15,2025-26
6238,2026-01-22,Home,UTA,SAS,L,2.0,109,43,90,12,30,44,31,5,3,17,2025-26
6239,2026-01-22,Away,GSW,DAL,L,2.0,115,43,96,15,46,35,29,15,7,10,2025-26
6240,2026-01-22,Home,MIN,CHI,L,2.0,115,43,93,15,41,45,29,6,9,14,2025-26
6241,2026-01-22,Home,POR,MIA,W,4.0,127,48,96,20,50,50,26,10,5,20,2025-26
6242,2026-01-22,Away,HOU,PHI,L,2.0,122,46,99,18,40,46,33,13,5,17,2025-26
6243,2026-01-22,Away,CHI,MIN,W,2.0,120,38,86,17,39,43,28,7,1,12,2025-26
6244,2026-01-22,Away,MIA,POR,L,2.0,110,43,94,9,45,40,27,12,4,15,2025-26
6245,2026-01-22,Away,SAS,UTA,W,2.0,126,44,87,18,43,41,30,8,11,11,2025-26
6246,2026-01-22,Home,ORL,CHA,L,4.0,97,33,79,14,37,31,25,7,4,12,2025-26
6247,2026-01-23,Away,PHX,ATL,L,3.0,103,42,95,11,34,42,24,15,3,13,2025-26
6248,2026-01-23,Home,BKN,BOS,L,2.0,126,42,95,13,44,58,22,5,6,18,2025-26
6249,2026-01-23,Home,POR,TOR,L,1.0,98,39,98,13,45,45,22,7,3,15,2025-26
6250,2026-01-23,Home,CLE,SAC,W,2.0,123,44,96,13,36,48,23,6,6,7,2025-26
6251,2026-01-23,Away,IND,OKC,W,2.0,117,45,96,16,38,51,34,5,1,11,2025-26
6252,2026-01-23,Away,DEN,MIL,W,1.0,102,35,87,12,41,47,27,8,3,8,2025-26
6253,2026-01-23,Home,OKC,IND,L,2.0,114,40,82,7,26,41,18,4,8,9,2025-26
6254,2026-01-23,Away,SAC,CLE,L,2.0,118,42,89,13,33,43,26,5,2,11,2025-26
6255,2026-01-23,Home,MEM,NOP,L,2.0,127,45,92,18,47,47,34,4,10,19,2025-26
6256,2026-01-23,Home,MIL,DEN,L,2.0,100,34,85,12,39,51,24,7,8,11,2025-26
6257,2026-01-23,Away,BOS,BKN,W,2.0,130,49,109,22,51,41,35,8,5,9,2025-26
6258,2026-01-23,Home,DET,HOU,L,2.0,104,40,84,7,32,35,22,9,4,17,2025-26
6259,2026-01-23,Away,TOR,POR,W,2.0,110,45,85,9,29,46,28,7,9,16,2025-26
6260,2026-01-23,Away,HOU,DET,W,1.0,111,39,79,9,26,43,21,11,7,17,2025-26
6261,2026-01-23,Away,NOP,MEM,W,2.0,133,46,99,13,36,49,29,14,4,10,2025-26
6262,2026-01-23,Home,ATL,PHX,W,2.0,110,43,81,13,26,48,28,5,3,21,2025-26
6263,2026-01-24,Home,PHI,NYK,L,2.0,109,39,77,9,29,37,24,7,4,14,2025-26
6264,2026-01-24,Away,MIA,UTA,W,2.0,147,47,108,19,47,64,35,10,6,14,2025-26
6265,2026-01-24,Home,ORL,CLE,L,2.0,105,33,81,11,40,37,21,8,3,16,2025-26
6266,2026-01-24,Away,LAL,DAL,W,2.0,116,40,90,14,34,57,26,7,8,16,2025-26
6267,2026-01-24,Away,CLE,ORL,W,1.0,119,43,81,15,34,38,27,11,6,17,2025-26
6268,2026-01-24,Home,CHI,BOS,W,2.0,114,43,85,21,45,44,32,2,6,15,2025-26
6269,2026-01-24,Home,DAL,LAL,L,2.0,110,39,94,10,29,43,22,10,6,11,2025-26
6270,2026-01-24,Home,UTA,MIA,L,2.0,116,44,92,7,25,34,36,9,10,14,2025-26
6271,2026-01-24,Away,WAS,CHA,L,2.0,115,44,96,19,53,34,35,14,6,13,2025-26
6272,2026-01-24,Away,NYK,PHI,W,3.0,112,41,93,15,44,53,27,6,5,11,2025-26
6273,2026-01-24,Home,CHA,WAS,W,2.0,119,41,79,14,36,46,30,8,3,21,2025-26
6274,2026-01-24,Away,BOS,CHI,L,1.0,111,44,99,15,47,38,28,10,5,6,2025-26
6275,2026-01-25,Home,LAC,BKN,W,3.0,126,44,78,12,25,51,20,12,5,19,2025-26
6276,2026-01-25,Home,OKC,TOR,L,2.0,101,33,75,11,43,37,21,5,5,11,2025-26
6277,2026-01-25,Away,MIA,PHX,W,1.0,111,39,93,9,35,59,21,6,3,12,2025-26
6278,2026-01-25,Home,DET,SAC,W,2.0,139,50,91,16,31,43,31,15,5,19,2025-26
6279,2026-01-25,Away,GSW,MIN,W,3.0,111,40,95,16,51,45,31,20,5,12,2025-26
6280,2026-01-25,Away,NOP,SAS,W,2.0,104,41,102,9,34,58,23,3,5,10,2025-26
6281,2026-01-25,Home,MIN,GSW,L,3.0,85,30,79,13,38,50,16,6,5,26,2025-26
6282,2026-01-25,Away,SAC,DET,L,2.0,116,44,84,11,25,33,32,7,7,19,2025-26
6283,2026-01-25,Home,PHX,MIA,L,2.0,102,37,100,7,35,56,14,6,7,11,2025-26
6284,2026-01-25,Home,SAS,NOP,L,3.0,95,32,81,12,44,46,22,2,5,12,2025-26
6285,2026-01-25,Away,BKN,LAC,L,2.0,89,29,85,9,43,36,23,14,4,17,2025-26
6286,2026-01-25,Away,TOR,OKC,W,2.0,103,37,86,12,34,51,28,10,6,11,2025-26
6287,2026-01-26,Away,IND,ATL,L,3.0,116,43,93,10,35,42,31,11,7,17,2025-26
6288,2026-01-26,Home,MIN,GSW,W,1.0,108,37,81,14,35,56,29,12,10,22,2025-26
6289,2026-01-26,Home,BOS,POR,W,2.0,102,39,90,13,34,41,24,11,4,17,2025-26
6290,2026-01-26,Away,GSW,MIN,L,1.0,83,33,95,9,39,45,21,13,4,19,2025-26
6291,2026-01-26,Home,HOU,MEM,W,3.0,108,41,92,11,37,57,29,9,3,16,2025-26
6292,2026-01-26,Away,POR,BOS,L,3.0,94,32,78,10,40,46,17,11,8,18,2025-26
6293,2026-01-26,Home,ATL,IND,W,3.0,132,49,98,18,43,46,35,11,9,14,2025-26
6294,2026-01-26,Away,PHI,CHA,L,2.0,93,35,89,9,30,33,20,14,3,17,2025-26
6295,2026-01-26,Away,LAL,CHI,W,2.0,129,46,82,16,33,35,26,7,3,8,2025-26
6296,2026-01-26,Home,CHI,LAL,L,2.0,118,43,82,18,49,40,31,5,0,15,2025-26
6297,2026-01-26,Away,MEM,HOU,L,3.0,99,39,105,7,37,52,26,9,5,13,2025-26
6298,2026-01-26,Away,ORL,CLE,L,2.0,98,38,94,11,39,42,21,10,6,12,2025-26
6299,2026-01-26,Home,CHA,PHI,W,2.0,130,47,83,17,41,53,34,8,4,25,2025-26
6300,2026-01-26,Home,CLE,ORL,W,2.0,114,42,79,11,25,45,23,6,5,16,2025-26
6301,2026-01-27,Away,SAC,NYK,L,2.0,87,35,87,5,30,44,18,8,3,17,2025-26
6302,2026-01-27,Away,BKN,PHX,L,2.0,102,38,75,13,32,35,28,9,2,22,2025-26
6303,2026-01-27,Away,DET,DEN,W,2.0,109,44,94,6,31,41,24,10,3,7,2025-26
6304,2026-01-27,Home,NYK,SAC,W,3.0,103,37,78,13,32,44,24,11,1,21,2025-26
6305,2026-01-27,Home,WAS,POR,W,3.0,115,40,98,17,39,46,27,16,12,14,2025-26
6306,2026-01-27,Away,NOP,OKC,L,2.0,95,34,99,10,40,54,25,13,11,9,2025-26
6307,2026-01-27,Home,PHI,MIL,W,1.0,139,53,101,22,42,46,35,7,5,7,2025-26
6308,2026-01-27,Home,UTA,LAC,L,3.0,103,37,82,12,33,40,28,6,3,17,2025-26
6309,2026-01-27,Home,DEN,DET,L,4.0,107,40,84,10,29,49,22,4,9,15,2025-26
6310,2026-01-27,Away,LAC,UTA,W,2.0,115,41,88,18,46,39,27,10,3,11,2025-26
6311,2026-01-27,Home,OKC,NOP,W,2.0,104,35,87,13,38,53,25,4,9,16,2025-26
6312,2026-01-27,Away,POR,WAS,L,1.0,111,42,109,14,38,69,19,10,5,20,2025-26
6313,2026-01-27,Home,PHX,BKN,W,2.0,106,43,77,5,20,32,22,12,5,15,2025-26
6314,2026-01-27,Away,MIL,PHI,L,4.0,122,44,86,15,34,38,29,4,4,12,2025-26
6315,2026-01-28,Away,NYK,TOR,W,1.0,119,45,90,14,38,48,32,12,5,18,2025-26
6316,2026-01-28,Away,CHI,IND,L,2.0,110,42,88,12,30,47,27,3,3,11,2025-26
6317,2026-01-28,Away,ORL,MIA,W,2.0,133,52,104,16,38,42,36,12,6,7,2025-26
6318,2026-01-28,Away,SAS,HOU,W,3.0,111,44,82,6,26,46,28,5,8,15,2025-26
6319,2026-01-28,Away,MIN,DAL,W,2.0,118,43,94,12,34,42,26,15,6,12,2025-26
6320,2026-01-28,Home,BOS,ATL,L,2.0,106,42,89,9,34,51,21,3,6,16,2025-26
6321,2026-01-28,Home,CLE,LAL,W,2.0,129,51,97,17,44,46,32,12,2,10,2025-26
6322,2026-01-28,Home,MIA,ORL,L,3.0,124,44,88,15,34,48,27,6,5,18,2025-26
6323,2026-01-28,Away,GSW,UTA,W,2.0,140,46,86,23,54,42,39,15,8,20,2025-26
6324,2026-01-28,Home,HOU,SAS,L,2.0,99,39,99,8,23,46,23,12,8,14,2025-26
6325,2026-01-28,Home,MEM,CHA,L,2.0,97,37,81,14,40,29,27,10,7,13,2025-26
6326,2026-01-28,Home,DAL,MIN,L,4.0,105,38,84,3,18,50,22,6,3,19,2025-26
6327,2026-01-28,Away,CHA,MEM,W,2.0,112,44,90,17,42,43,25,5,1,20,2025-26
6328,2026-01-28,Home,IND,CHI,W,2.0,113,38,85,15,36,43,30,7,3,6,2025-26
6329,2026-01-28,Away,ATL,BOS,W,2.0,117,45,93,18,42,38,29,11,2,9,2025-26
6330,2026-01-28,Away,LAL,CLE,L,2.0,99,39,81,9,32,36,21,7,3,16,2025-26
6331,2026-01-28,Home,TOR,NYK,L,3.0,92,30,79,7,26,43,20,9,8,20,2025-26
6332,2026-01-28,Home,UTA,GSW,L,1.0,124,44,90,15,38,37,38,16,3,19,2025-26
6333,2026-01-29,Away,HOU,ATL,W,1.0,104,39,92,12,31,59,23,8,14,12,2025-26
6334,2026-01-29,Away,MIL,WAS,L,2.0,99,41,98,10,38,43,25,7,9,9,2025-26
6335,2026-01-29,Home,WAS,MIL,W,2.0,109,38,96,8,35,61,21,8,7,13,2025-26
6336,2026-01-29,Away,OKC,MIN,L,2.0,111,41,86,11,31,36,27,11,5,16,2025-26
6337,2026-01-29,Home,MIN,OKC,W,1.0,123,45,89,22,47,46,26,12,7,20,2025-26
6338,2026-01-29,Home,CHI,MIA,L,1.0,113,37,94,15,38,52,25,5,4,16,2025-26
6339,2026-01-29,Away,DET,PHX,L,2.0,96,37,87,6,29,37,26,8,2,9,2025-26
6340,2026-01-29,Away,CHA,DAL,W,1.0,123,43,91,20,41,45,28,4,9,10,2025-26
6341,2026-01-29,Away,SAC,PHI,L,2.0,111,41,82,10,26,46,21,6,4,17,2025-26
6342,2026-01-29,Away,BKN,DEN,L,2.0,103,37,85,14,37,49,24,4,6,9,2025-26
6343,2026-01-29,Away,MIA,CHI,W,1.0,116,42,93,12,36,49,29,12,2,14,2025-26
6344,2026-01-29,Home,PHX,DET,W,2.0,114,37,79,16,42,47,22,8,3,17,2025-26
6345,2026-01-29,Home,ATL,HOU,L,1.0,86,34,93,12,39,46,19,7,5,12,2025-26
6346,2026-01-29,Home,DAL,CHA,L,1.0,121,48,103,11,33,50,26,7,8,8,2025-26
6347,2026-01-29,Home,DEN,BKN,W,2.0,107,38,80,13,26,41,24,6,4,7,2025-26
6348,2026-01-29,Home,PHI,SAC,W,2.0,113,39,72,8,25,24,25,8,3,9,2025-26
6349,2026-01-30,Away,LAC,DEN,L,3.0,109,40,86,14,40,34,29,7,3,9,2025-26
6350,2026-01-30,Away,TOR,ORL,L,2.0,120,44,84,7,28,38,33,8,6,14,2025-26
6351,2026-01-30,Home,GSW,DET,L,2.0,124,40,90,18,52,42,31,10,4,18,2025-26
6352,2026-01-30,Home,ORL,TOR,W,2.0,130,40,78,17,34,35,28,7,3,12,2025-26
6353,2026-01-30,Away,POR,NYK,L,3.0,97,35,81,13,43,37,23,5,5,20,2025-26
6354,2026-01-30,Away,LAL,WAS,W,2.0,142,52,85,14,33,46,38,17,4,17,2025-26
6355,2026-01-30,Away,DET,GSW,W,1.0,131,46,95,10,26,53,31,13,3,16,2025-26
6356,2026-01-30,Away,CLE,PHX,L,2.0,113,45,97,15,48,43,34,13,2,22,2025-26
6357,2026-01-30,Home,PHX,CLE,W,1.0,126,45,85,23,48,43,31,15,5,22,2025-26
6358,2026-01-30,Home,NOP,MEM,W,3.0,114,43,88,8,33,42,24,13,6,16,2025-26
6359,2026-01-30,Home,NYK,POR,W,2.0,127,48,99,19,45,52,29,9,3,14,2025-26
6360,2026-01-30,Away,BKN,UTA,W,1.0,109,39,82,14,40,47,27,6,5,12,2025-26
6361,2026-01-30,Away,MEM,NOP,L,2.0,106,40,93,12,41,46,26,11,3,20,2025-26
6362,2026-01-30,Home,WAS,LAL,L,1.0,111,44,99,16,48,39,28,10,4,19,2025-26
6363,2026-01-30,Home,UTA,BKN,L,2.0,99,39,78,10,29,33,26,6,4,11,2025-26
6364,2026-01-30,Away,SAC,BOS,L,1.0,93,31,83,10,31,47,19,4,6,16,2025-26
6365,2026-01-30,Home,DEN,LAC,W,1.0,122,40,73,16,28,43,30,7,4,13,2025-26
6366,2026-01-30,Home,BOS,SAC,W,2.0,112,42,93,18,48,44,25,7,5,7,2025-26
6367,2026-01-31,Away,CHI,MIA,W,2.0,125,46,88,20,40,43,34,8,5,24,2025-26
6368,2026-01-31,Away,DAL,HOU,L,2.0,107,41,92,10,23,48,19,3,4,11,2025-26
6369,2026-01-31,Away,SAS,CHA,L,3.0,106,38,80,13,34,36,26,7,6,11,2025-26
6370,2026-01-31,Home,CHA,SAS,W,2.0,111,39,88,13,35,51,30,5,5,12,2025-26
6371,2026-01-31,Away,NOP,PHI,L,1.0,114,40,92,15,36,46,23,5,11,10,2025-26
6372,2026-01-31,Home,HOU,DAL,W,2.0,111,45,108,10,26,53,33,10,6,6,2025-26
6373,2026-01-31,Home,PHI,NOP,W,2.0,124,45,94,17,36,52,28,5,4,10,2025-26
6374,2026-01-31,Home,MIA,CHI,L,2.0,118,41,95,13,47,47,26,17,4,19,2025-26
6375,2026-01-31,Away,ATL,IND,L,2.0,124,46,97,11,28,39,25,11,2,10,2025-26
6376,2026-01-31,Away,MIN,MEM,W,2.0,131,47,89,18,37,45,28,12,5,15,2025-26
6377,2026-01-31,Home,IND,ATL,W,3.0,129,48,89,15,32,51,29,6,4,23,2025-26
6378,2026-01-31,Home,MEM,MIN,L,1.0,114,44,90,10,37,43,29,8,4,15,2025-26
6379,2026-02-01,Away,UTA,TOR,L,2.0,100,32,90,8,36,56,20,10,6,24,2025-26
6380,2026-02-01,Home,PHX,LAC,L,2.0,93,31,93,19,46,35,21,7,4,5,2025-26
6381,2026-02-01,Home,DET,BKN,W,2.0,130,48,85,12,32,43,33,17,6,8,2025-26
6382,2026-02-01,Away,LAL,NYK,L,2.0,100,38,84,12,42,36,21,5,3,11,2025-26
6383,2026-02-01,Away,MIL,BOS,L,3.0,79,29,82,10,34,40,17,5,0,11,2025-26
6384,2026-02-01,Home,TOR,UTA,W,2.0,107,35,84,12,35,42,22,11,8,19,2025-26
6385,2026-02-01,Away,BKN,DET,L,2.0,77,24,73,7,31,43,17,3,2,25,2025-26
6386,2026-02-01,Home,NYK,LAL,W,2.0,112,43,91,18,42,46,30,7,2,10,2025-26
6387,2026-02-01,Home,DEN,OKC,L,2.0,111,39,79,16,35,39,29,9,4,18,2025-26
6388,2026-02-01,Away,SAC,WAS,L,2.0,112,39,84,8,21,37,21,9,8,14,2025-26
6389,2026-02-01,Home,SAS,ORL,W,1.0,112,41,82,8,29,48,27,8,6,17,2025-26
6390,2026-02-01,Away,CLE,POR,W,2.0,130,50,91,16,34,39,41,15,7,14,2025-26
6391,2026-02-01,Away,LAC,PHX,W,2.0,117,43,83,9,24,63,25,2,3,18,2025-26
6392,2026-02-01,Away,CHI,MIA,L,1.0,91,28,87,6,41,47,18,5,6,19,2025-26
6393,2026-02-01,Home,WAS,SAC,W,2.0,116,46,88,13,31,42,31,10,4,17,2025-26
6394,2026-02-01,Away,ORL,SAS,L,2.0,103,40,91,10,30,34,24,11,1,15,2025-26
6395,2026-02-01,Home,POR,CLE,L,2.0,111,44,98,14,44,47,24,7,5,23,2025-26
6396,2026-02-01,Home,MIA,CHI,W,1.0,134,54,107,14,38,54,44,8,5,9,2025-26
6397,2026-02-01,Home,BOS,MIL,W,2.0,107,41,92,15,42,52,24,4,2,10,2025-26
6398,2026-02-01,Away,OKC,DEN,W,3.0,121,40,85,19,48,39,23,12,6,13,2025-26
6399,2026-02-02,Home,LAC,PHI,L,1.0,113,46,78,9,26,36,24,4,2,14,2025-26
6400,2026-02-02,Home,IND,HOU,L,2.0,114,43,87,12,26,33,33,10,6,10,2025-26
6401,2026-02-02,Away,PHI,LAC,W,2.0,128,45,94,17,39,41,31,8,3,6,2025-26
6402,2026-02-02,Home,CHA,NOP,W,2.0,102,34,85,12,50,59,16,3,3,17,2025-26
6403,2026-02-02,Away,NOP,CHA,L,2.0,95,33,84,11,34,34,23,9,4,8,2025-26
6404,2026-02-02,Away,HOU,IND,W,2.0,118,40,87,7,22,56,21,7,6,16,2025-26
6405,2026-02-02,Home,MEM,MIN,W,2.0,137,44,88,19,41,45,31,5,2,10,2025-26
6406,2026-02-02,Away,MIN,MEM,L,2.0,128,44,90,16,41,40,24,4,7,9,2025-26
6407,2026-02-03,Away,PHI,GSW,W,1.0,113,42,93,13,38,56,23,9,3,13,2025-26
6408,2026-02-03,Home,WAS,NYK,L,2.0,101,35,86,11,31,42,19,6,3,13,2025-26
6409,2026-02-03,Away,LAL,BKN,W,2.0,125,46,85,7,31,41,25,14,0,12,2025-26
6410,2026-02-03,Home,MIL,CHI,W,2.0,131,50,97,23,38,51,33,6,4,14,2025-26
6411,2026-02-03,Home,BKN,LAL,L,2.0,109,45,94,10,41,48,28,7,0,20,2025-26
6412,2026-02-03,Home,OKC,ORL,W,2.0,128,48,93,12,35,52,33,12,1,11,2025-26
6413,2026-02-03,Home,IND,UTA,L,1.0,122,45,84,14,39,38,33,6,2,15,2025-26
6414,2026-02-03,Away,CHI,MIL,L,2.0,115,40,91,19,51,43,26,9,11,10,2025-26
6415,2026-02-03,Away,ORL,OKC,L,2.0,92,34,89,13,41,38,21,5,5,16,2025-26
6416,2026-02-03,Away,UTA,IND,W,2.0,131,50,88,13,29,38,38,13,4,10,2025-26
6417,2026-02-03,Home,DAL,BOS,L,3.0,100,37,89,9,32,49,21,4,4,9,2025-26
6418,2026-02-03,Home,MIA,ATL,L,2.0,115,42,96,8,32,53,25,6,1,13,2025-26
6419,2026-02-03,Away,NYK,WAS,W,2.0,132,47,90,17,37,50,34,6,5,9,2025-26
6420,2026-02-03,Home,GSW,PHI,L,4.0,94,37,78,19,48,33,27,8,6,20,2025-26
6421,2026-02-03,Away,BOS,DAL,W,2.0,110,47,96,13,39,47,27,7,4,10,2025-26
6422,2026-02-03,Home,POR,PHX,L,2.0,125,47,95,18,52,47,31,8,5,17,2025-26
6423,2026-02-03,Home,DET,DEN,W,2.0,124,43,94,12,29,43,27,9,4,9,2025-26
6424,2026-02-03,Away,PHX,POR,W,2.0,130,50,97,20,41,45,26,13,2,11,2025-26
6425,2026-02-03,Away,DEN,DET,L,2.0,121,37,83,10,30,43,20,7,10,10,2025-26
6426,2026-02-03,Away,ATL,MIA,W,3.0,127,49,101,21,50,47,34,7,2,9,2025-26
6427,2026-02-04,Home,MIL,NOP,W,1.0,141,56,92,21,47,43,36,5,3,15,2025-26
6428,2026-02-04,Home,TOR,MIN,L,3.0,126,47,89,15,31,41,31,6,7,13,2025-26
6429,2026-02-04,Home,HOU,BOS,L,2.0,93,34,82,11,30,38,16,10,5,10,2025-26
6430,2026-02-04,Away,BOS,HOU,W,1.0,114,39,90,19,51,57,26,6,6,15,2025-26
6431,2026-02-04,Home,NYK,DEN,W,1.0,134,50,100,18,50,45,28,4,2,12,2025-26
6432,2026-02-04,Away,DEN,NYK,L,1.0,127,46,105,13,50,51,29,8,3,16,2025-26
6433,2026-02-04,Home,SAS,OKC,W,3.0,116,45,101,14,42,63,26,11,8,14,2025-26
6434,2026-02-04,Away,CLE,LAC,W,3.0,124,50,98,16,41,44,30,17,5,9,2025-26
6435,2026-02-04,Away,MEM,SAC,W,2.0,129,45,90,18,41,44,30,8,4,13,2025-26
6436,2026-02-04,Home,LAC,CLE,L,2.0,91,37,80,6,28,37,20,6,4,24,2025-26
6437,2026-02-04,Home,SAC,MEM,L,3.0,125,45,100,11,36,46,29,4,2,13,2025-26
6438,2026-02-04,Away,MIN,TOR,W,2.0,128,49,97,16,39,46,26,8,5,10,2025-26
6439,2026-02-04,Away,OKC,SAS,L,1.0,106,37,93,19,47,46,26,10,9,14,2025-26
6440,2026-02-04,Away,NOP,MIL,L,2.0,137,45,94,24,46,38,32,9,2,8,2025-26
6441,2026-02-05,Away,SAS,DAL,W,1.0,135,48,95,17,41,50,34,7,7,14,2025-26
6442,2026-02-05,Home,HOU,CHA,L,1.0,99,38,83,8,23,40,24,17,5,18,2025-26
6443,2026-02-05,Away,BKN,ORL,L,2.0,98,34,82,12,39,36,22,7,2,19,2025-26
6444,2026-02-05,Home,LAL,PHI,W,2.0,119,44,79,9,25,42,27,8,4,22,2025-26
6445,2026-02-05,Away,CHI,TOR,L,2.0,107,41,91,18,49,38,28,9,4,17,2025-26
6446,2026-02-05,Home,ORL,BKN,W,2.0,118,44,82,9,32,42,32,14,11,17,2025-26
6447,2026-02-05,Home,DAL,SAS,L,2.0,123,47,97,12,31,41,23,9,8,9,2025-26
6448,2026-02-05,Home,DET,WAS,L,2.0,117,41,88,9,33,47,22,11,5,15,2025-26
6449,2026-02-05,Away,UTA,ATL,L,2.0,119,47,101,12,30,49,19,7,4,11,2025-26
6450,2026-02-05,Home,PHX,GSW,L,2.0,97,38,82,16,43,37,22,10,1,12,2025-26
6451,2026-02-05,Away,PHI,LAL,L,2.0,115,45,84,5,24,28,29,15,3,15,2025-26
6452,2026-02-05,Home,ATL,UTA,W,2.0,121,48,98,8,35,50,34,3,10,10,2025-26
6453,2026-02-05,Away,GSW,PHX,W,2.0,101,33,76,20,55,45,23,8,4,15,2025-26
6454,2026-02-05,Away,CHA,HOU,W,3.0,109,36,87,17,43,46,21,14,5,22,2025-26
6455,2026-02-05,Away,WAS,DET,W,2.0,126,49,91,18,41,39,30,9,6,17,2025-26
6456,2026-02-05,Home,TOR,CHI,W,1.0,123,49,87,14,34,35,35,10,7,12,2025-26
6457,2026-02-06,Away,MEM,POR,L,2.0,115,42,88,15,41,37,28,12,3,16,2025-26
6458,2026-02-06,Home,BOS,MIA,W,2.0,98,35,84,10,36,50,17,7,7,16,2025-26
6459,2026-02-06,Home,MIL,IND,W,2.0,105,44,95,13,43,48,26,4,2,12,2025-26
6460,2026-02-06,Away,NYK,DET,L,2.0,80,29,82,8,33,35,22,6,1,15,2025-26
6461,2026-02-06,Home,DET,NYK,W,1.0,118,44,83,17,40,44,31,10,6,13,2025-26
6462,2026-02-06,Away,MIA,BOS,L,3.0,96,35,84,13,40,42,23,9,3,12,2025-26
6463,2026-02-06,Home,POR,MEM,W,3.0,135,49,90,17,42,46,31,9,7,18,2025-26
6464,2026-02-06,Away,IND,MIL,L,3.0,99,35,79,12,43,37,26,9,4,9,2025-26
6465,2026-02-06,Home,SAC,LAC,L,2.0,111,41,92,10,37,42,22,10,6,11,2025-26
6466,2026-02-06,Home,MIN,NOP,L,2.0,115,40,95,13,40,47,22,7,7,10,2025-26
6467,2026-02-06,Away,NOP,MIN,W,2.0,119,43,80,15,34,39,29,5,5,16,2025-26
6468,2026-02-06,Away,LAC,SAC,W,2.0,114,37,71,9,21,40,22,6,7,16,2025-26
6469,2026-02-07,Home,SAC,CLE,L,1.0,126,48,94,16,37,42,30,9,5,15,2025-26
6470,2026-02-07,Away,WAS,BKN,L,2.0,113,37,79,11,30,30,18,6,8,16,2025-26
6471,2026-02-07,Away,DEN,CHI,W,3.0,136,49,85,16,33,41,37,7,7,14,2025-26
6472,2026-02-07,Home,CHI,DEN,L,2.0,120,41,92,20,51,37,25,9,3,17,2025-26
6473,2026-02-07,Home,ORL,UTA,W,2.0,120,36,84,13,41,38,26,15,7,14,2025-26
6474,2026-02-07,Away,MEM,POR,L,1.0,115,42,84,16,38,36,19,14,6,15,2025-26
6475,2026-02-07,Home,POR,MEM,W,1.0,122,46,95,21,51,48,30,7,3,17,2025-26
6476,2026-02-07,Home,SAS,DAL,W,2.0,138,55,99,14,35,52,34,5,11,18,2025-26
6477,2026-02-07,Away,PHI,PHX,W,2.0,109,35,74,11,29,50,18,5,4,18,2025-26
6478,2026-02-07,Away,CLE,SAC,W,3.0,132,46,88,11,35,38,30,9,3,12,2025-26
6479,2026-02-07,Away,CHA,ATL,W,2.0,126,46,95,18,39,49,31,5,3,16,2025-26
6480,2026-02-07,Home,ATL,CHA,L,2.0,119,43,88,18,37,30,30,9,6,10,2025-26
6481,2026-02-07,Home,BKN,WAS,W,2.0,127,50,91,13,38,45,36,8,3,13,2025-26
6482,2026-02-07,Home,LAL,GSW,W,2.0,105,35,69,11,27,41,29,7,10,23,2025-26
6483,2026-02-07,Away,HOU,OKC,W,2.0,112,38,83,15,43,41,25,12,5,15,2025-26
6484,2026-02-07,Away,DAL,SAS,L,2.0,125,46,105,15,37,41,35,10,4,7,2025-26
6485,2026-02-07,Away,UTA,ORL,L,2.0,117,44,92,10,31,54,30,11,4,24,2025-26
6486,2026-02-07,Home,PHX,PHI,L,2.0,103,33,83,11,46,40,22,8,0,14,2025-26
6487,2026-02-07,Home,OKC,HOU,L,3.0,106,37,82,14,36,42,25,10,2,17,2025-26
6488,2026-02-07,Away,GSW,LAL,L,2.0,99,39,92,14,51,37,25,16,3,13,2025-26
6489,2026-02-08,Away,NYK,BOS,W,2.0,111,40,83,14,35,46,23,5,3,8,2025-26
6490,2026-02-08,Home,TOR,IND,W,3.0,122,45,95,11,30,54,29,12,8,13,2025-26
6491,2026-02-08,Home,WAS,MIA,L,1.0,101,39,93,12,36,42,23,7,6,19,2025-26
6492,2026-02-08,Home,MIN,LAC,L,2.0,96,37,83,8,33,41,17,8,2,21,2025-26
6493,2026-02-08,Home,BOS,NYK,L,2.0,89,34,92,7,41,44,22,4,3,10,2025-26
6494,2026-02-08,Away,LAC,MIN,W,2.0,115,39,76,14,27,37,25,11,6,15,2025-26
6495,2026-02-08,Away,MIA,WAS,W,2.0,132,49,104,21,47,60,34,18,4,16,2025-26
6496,2026-02-08,Away,IND,TOR,L,2.0,104,40,89,12,33,40,26,6,3,19,2025-26
6497,2026-02-09,Home,LAL,OKC,L,2.0,110,42,84,10,31,37,25,7,2,15,2025-26
6498,2026-02-09,Home,NOP,SAC,W,3.0,120,47,87,16,39,39,30,8,5,13,2025-26
6499,2026-02-09,Home,DEN,CLE,L,2.0,117,38,85,13,40,46,25,9,1,14,2025-26
6500,2026-02-09,Home,MIA,UTA,L,1.0,111,33,79,15,45,43,24,6,3,14,2025-26
6501,2026-02-09,Away,CLE,DEN,W,2.0,119,43,92,15,45,39,25,6,7,12,2025-26
6502,2026-02-09,Away,UTA,MIA,W,2.0,115,39,92,10,36,58,29,8,2,12,2025-26
6503,2026-02-09,Away,CHI,BKN,L,2.0,115,40,91,10,36,39,20,13,8,18,2025-26
6504,2026-02-09,Away,SAC,NOP,L,2.0,94,40,99,4,31,50,19,8,3,17,2025-26
6505,2026-02-09,Home,MIN,ATL,W,1.0,138,55,92,16,42,41,36,10,9,15,2025-26
6506,2026-02-09,Away,OKC,LAL,W,2.0,119,42,87,14,33,45,23,12,4,16,2025-26
6507,2026-02-09,Away,MIL,ORL,L,3.0,99,36,77,12,33,37,17,7,6,20,2025-26
6508,2026-02-09,Away,MEM,GSW,L,2.0,113,42,83,10,32,37,26,17,3,18,2025-26
6509,2026-02-09,Home,BKN,CHI,W,2.0,123,45,88,12,25,47,28,10,6,20,2025-26
6510,2026-02-09,Home,CHA,DET,L,2.0,104,34,82,19,47,39,22,4,3,21,2025-26
6511,2026-02-09,Home,ORL,MIL,W,2.0,118,40,86,14,42,44,27,14,3,11,2025-26
6512,2026-02-09,Home,GSW,MEM,W,2.0,114,44,83,11,33,40,31,12,1,23,2025-26
6513,2026-02-09,Home,POR,PHI,W,2.0,135,47,97,22,54,51,36,8,7,18,2025-26
6514,2026-02-09,Away,ATL,MIN,L,2.0,116,40,99,14,45,47,20,12,1,19,2025-26
6515,2026-02-09,Away,PHI,POR,L,2.0,118,38,81,11,30,33,23,12,8,14,2025-26
6516,2026-02-09,Away,DET,CHA,W,3.0,110,41,87,5,25,41,20,12,3,10,2025-26
6517,2026-02-10,Home,LAL,SAS,L,1.0,108,41,85,11,25,34,23,7,2,18,2025-26
6518,2026-02-10,Away,LAC,HOU,L,2.0,95,36,88,8,30,45,24,11,5,12,2025-26
6519,2026-02-10,Home,NYK,IND,L,2.0,134,50,100,14,46,46,33,4,4,12,2025-26
6520,2026-02-10,Away,IND,NYK,W,2.0,137,50,97,18,45,43,30,6,4,11,2025-26
6521,2026-02-10,Home,PHX,DAL,W,3.0,120,49,102,16,50,49,32,8,3,14,2025-26
6522,2026-02-10,Away,SAS,LAL,W,3.0,136,52,92,13,33,45,34,14,6,13,2025-26
6523,2026-02-10,Home,HOU,LAC,W,3.0,102,36,79,14,28,44,19,7,5,18,2025-26
6524,2026-02-10,Away,DAL,PHX,L,3.0,111,37,77,5,22,42,18,7,5,16,2025-26
6525,2026-02-11,Away,MIA,NOP,W,2.0,123,42,102,14,47,56,25,8,9,8,2025-26
6526,2026-02-11,Home,UTA,SAC,W,2.0,121,47,86,15,37,52,34,9,3,18,2025-26
6527,2026-02-11,Away,OKC,PHX,W,2.0,136,52,89,15,36,37,28,6,3,8,2025-26
6528,2026-02-11,Away,DET,TOR,W,2.0,113,41,89,14,34,47,24,10,8,16,2025-26
6529,2026-02-11,Away,MIL,ORL,W,2.0,116,39,81,14,36,47,22,4,4,16,2025-26
6530,2026-02-11,Home,CHA,ATL,W,2.0,110,33,88,19,51,50,21,10,6,16,2025-26
6531,2026-02-11,Away,WAS,CLE,L,3.0,113,42,104,14,46,40,26,13,4,15,2025-26
6532,2026-02-11,Home,BOS,CHI,W,3.0,124,49,95,18,45,48,29,9,8,14,2025-26
6533,2026-02-11,Home,ORL,MIL,L,2.0,108,35,82,20,47,30,31,12,6,9,2025-26
6534,2026-02-11,Away,SAC,UTA,L,2.0,93,31,90,7,33,42,24,10,3,13,2025-26
6535,2026-02-11,Away,POR,MIN,L,2.0,109,40,94,16,45,50,23,4,4,26,2025-26
6536,2026-02-11,Away,ATL,CHA,L,2.0,107,37,84,10,36,41,28,8,6,13,2025-26
6537,2026-02-11,Home,GSW,SAS,L,2.0,113,42,91,16,47,40,37,6,1,12,2025-26
6538,2026-02-11,Home,HOU,LAC,L,1.0,102,38,82,12,36,45,25,3,9,21,2025-26
6539,2026-02-11,Away,SAS,GSW,W,1.0,126,46,93,10,39,44,35,6,5,10,2025-26
6540,2026-02-11,Home,PHX,OKC,L,1.0,109,43,92,15,42,43,26,4,5,12,2025-26
6541,2026-02-11,Away,NYK,PHI,W,1.0,138,48,91,20,44,51,41,13,6,15,2025-26
6542,2026-02-11,Home,CLE,WAS,W,2.0,138,45,83,16,38,51,30,9,8,21,2025-26
6543,2026-02-11,Away,LAC,HOU,W,1.0,105,36,77,11,28,32,21,13,7,11,2025-26
6544,2026-02-11,Away,IND,BKN,W,1.0,115,45,92,15,42,42,29,11,5,12,2025-26
6545,2026-02-11,Home,NOP,MIA,L,2.0,111,42,92,11,31,46,27,5,3,13,2025-26
6546,2026-02-11,Home,DEN,MEM,W,2.0,122,43,81,10,22,46,29,2,1,15,2025-26
6547,2026-02-11,Away,CHI,BOS,L,2.0,105,41,89,12,36,34,25,9,5,13,2025-26
6548,2026-02-11,Home,TOR,DET,L,3.0,95,32,75,10,32,35,22,7,6,17,2025-26
6549,2026-02-11,Home,BKN,IND,L,2.0,110,38,85,14,33,47,25,8,5,17,2025-26
6550,2026-02-11,Away,MEM,DEN,L,2.0,116,42,91,15,39,29,28,12,5,6,2025-26
6551,2026-02-11,Home,PHI,NYK,L,2.0,89,33,88,6,32,38,16,9,6,18,2025-26
6552,2026-02-11,Home,MIN,POR,W,2.0,133,45,87,14,34,43,26,14,6,15,2025-26
6553,2026-02-12,Home,UTA,POR,L,1.0,119,42,87,14,38,38,28,15,3,19,2025-26
6554,2026-02-12,Home,OKC,MIL,L,1.0,93,31,83,15,45,47,22,3,6,16,2025-26
6555,2026-02-12,Home,LAL,DAL,W,2.0,124,48,86,10,31,44,35,8,3,13,2025-26
6556,2026-02-12,Away,DAL,LAL,L,2.0,104,39,79,7,26,28,22,7,1,15,2025-26
6557,2026-02-12,Away,MIL,OKC,W,1.0,110,44,95,17,42,49,25,9,6,11,2025-26
6558,2026-02-12,Away,POR,UTA,W,1.0,135,46,90,18,46,52,26,7,7,21,2025-26
6559,2026-02-19,Home,CHI,TOR,L,8.0,101,36,86,12,40,46,22,6,5,23,2025-26
6560,2026-02-19,Away,HOU,CHA,W,8.0,105,42,85,9,32,39,19,15,8,11,2025-26
6561,2026-02-19,Away,BKN,CLE,L,8.0,84,30,87,14,49,36,25,8,4,12,2025-26
6562,2026-02-19,Home,SAS,PHX,W,8.0,121,45,87,13,37,50,30,6,7,12,2025-26
6563,2026-02-19,Away,BOS,GSW,W,8.0,121,49,95,17,40,54,36,7,6,13,2025-26
6564,2026-02-19,Away,PHX,SAS,L,8.0,94,39,105,12,42,46,22,7,5,13,2025-26
6565,2026-02-19,Away,IND,WAS,L,8.0,105,34,83,15,42,50,22,7,4,23,2025-26
6566,2026-02-19,Away,DET,NYK,W,8.0,126,48,93,13,30,44,30,9,8,15,2025-26
6567,2026-02-19,Home,CHA,HOU,L,8.0,101,36,84,14,42,46,25,7,2,16,2025-26
6568,2026-02-19,Home,NYK,DET,L,8.0,111,41,87,8,35,38,24,9,7,12,2025-26
6569,2026-02-19,Away,ORL,SAC,W,8.0,131,45,90,27,50,41,28,13,4,10,2025-26
6570,2026-02-19,Home,CLE,BKN,W,8.0,112,44,86,12,35,56,27,7,7,14,2025-26
6571,2026-02-19,Home,LAC,DEN,W,8.0,115,41,87,8,33,45,27,9,4,14,2025-26
6572,2026-02-19,Home,SAC,ORL,L,8.0,94,35,86,8,27,48,22,9,3,19,2025-26
6573,2026-02-19,Away,ATL,PHI,W,8.0,117,38,89,10,32,51,24,11,5,14,2025-26
6574,2026-02-19,Away,DEN,LAC,L,8.0,114,39,86,13,40,45,29,8,2,17,2025-26
6575,2026-02-19,Away,TOR,CHI,W,8.0,110,38,90,7,23,46,23,14,3,14,2025-26
6576,2026-02-19,Home,PHI,ATL,L,8.0,107,33,86,11,33,46,17,9,13,16,2025-26
6577,2026-02-19,Home,WAS,IND,W,8.0,112,43,98,11,37,46,30,14,5,10,2025-26
6578,2026-02-19,Home,GSW,BOS,L,8.0,110,43,96,20,55,40,30,8,4,9,2025-26
6579,2026-02-20,Home,MIN,DAL,W,9.0,122,47,99,16,42,54,28,7,8,19,2025-26
6580,2026-02-20,Home,OKC,BKN,W,8.0,105,35,83,13,35,47,22,11,4,19,2025-26
6581,2026-02-20,Away,DEN,POR,W,1.0,157,55,96,21,41,60,41,12,3,16,2025-26
6582,2026-02-20,Away,UTA,MEM,L,8.0,114,46,93,13,34,49,28,11,6,24,2025-26
6583,2026-02-20,Home,NOP,MIL,L,9.0,118,47,87,4,25,37,22,10,5,14,2025-26
6584,2026-02-20,Away,DAL,MIN,L,8.0,111,41,97,8,25,45,21,12,3,12,2025-26
6585,2026-02-20,Home,ATL,MIA,L,1.0,97,36,95,16,38,46,26,4,3,13,2025-26
6586,2026-02-20,Away,MIA,ATL,W,9.0,128,52,100,13,35,58,31,8,4,9,2025-26
6587,2026-02-20,Home,WAS,IND,W,1.0,131,55,95,6,29,48,36,14,9,18,2025-26
6588,2026-02-20,Home,LAL,LAC,W,8.0,125,44,85,17,31,32,31,8,4,12,2025-26
6589,2026-02-20,Away,IND,WAS,L,1.0,118,43,90,18,49,40,32,12,0,21,2025-26
6590,2026-02-20,Away,BKN,OKC,L,1.0,86,29,79,7,41,40,19,11,7,21,2025-26
6591,2026-02-20,Away,LAC,LAL,L,1.0,122,45,82,8,21,42,25,7,5,16,2025-26
6592,2026-02-20,Away,MIL,NOP,W,8.0,139,55,92,15,36,37,28,9,8,15,2025-26
6593,2026-02-20,Home,POR,DEN,L,8.0,103,35,86,15,47,36,25,8,5,18,2025-26
6594,2026-02-20,Home,MEM,UTA,W,9.0,123,45,92,12,33,45,29,15,6,17,2025-26
6595,2026-02-20,Home,CHA,CLE,L,1.0,113,36,92,20,56,45,26,5,4,14,2025-26
6596,2026-02-20,Away,CLE,CHA,W,1.0,118,41,77,10,21,39,24,10,3,12,2025-26
6597,2026-02-21,Away,HOU,NYK,L,2.0,106,38,80,12,31,44,24,5,6,20,2025-26
6598,2026-02-21,Home,CHI,DET,L,2.0,110,38,84,17,40,44,29,10,13,23,2025-26
6599,2026-02-21,Home,NOP,PHI,W,1.0,126,40,81,17,34,49,25,5,8,15,2025-26
6600,2026-02-21,Away,ORL,PHX,L,2.0,110,42,98,10,39,53,24,6,15,16,2025-26
6601,2026-02-21,Away,PHI,NOP,L,2.0,111,36,94,12,46,47,19,10,5,11,2025-26
6602,2026-02-21,Home,PHX,ORL,W,2.0,113,40,117,16,55,65,20,11,4,9,2025-26
6603,2026-02-21,Home,NYK,HOU,W,2.0,108,42,85,10,26,29,26,11,0,12,2025-26
6604,2026-02-21,Away,MEM,MIA,L,1.0,120,45,95,15,43,35,31,14,7,13,2025-26
6605,2026-02-21,Away,DET,CHI,W,2.0,126,51,105,13,29,50,34,12,6,14,2025-26
6606,2026-02-21,Home,SAS,SAC,W,2.0,139,52,94,13,34,48,32,5,7,18,2025-26
6607,2026-02-21,Home,MIA,MEM,W,1.0,136,49,95,13,36,57,36,8,5,18,2025-26
6608,2026-02-21,Away,SAC,SAS,L,2.0,122,45,96,9,32,35,33,11,7,12,2025-26
6609,2026-02-22,Away,CLE,OKC,L,2.0,113,43,89,13,39,44,28,9,3,17,2025-26
6610,2026-02-22,Away,ORL,LAC,W,1.0,111,40,83,8,23,43,25,7,3,12,2025-26
6611,2026-02-22,Home,WAS,CHA,L,2.0,112,41,84,18,42,37,24,6,5,11,2025-26
6612,2026-02-22,Away,BKN,ATL,L,2.0,104,38,85,12,34,34,29,9,4,13,2025-26
6613,2026-02-22,Away,CHA,WAS,W,2.0,129,43,87,25,46,53,27,9,5,12,2025-26
6614,2026-02-22,Away,NYK,CHI,W,1.0,105,38,84,15,42,50,27,9,4,13,2025-26
6615,2026-02-22,Away,DEN,GSW,L,2.0,117,42,91,8,31,44,25,13,3,17,2025-26
6616,2026-02-22,Home,LAC,ORL,L,2.0,109,40,83,5,23,43,18,9,9,10,2025-26
6617,2026-02-22,Home,MIN,PHI,L,2.0,108,34,71,10,33,39,22,7,8,21,2025-26
6618,2026-02-22,Home,PHX,POR,L,1.0,77,31,85,9,35,41,16,14,3,23,2025-26
6619,2026-02-22,Away,DAL,IND,W,2.0,134,51,94,11,28,45,29,9,2,11,2025-26
6620,2026-02-22,Home,CHI,NYK,L,1.0,99,34,86,16,46,50,24,8,2,17,2025-26
6621,2026-02-22,Away,BOS,LAL,W,3.0,111,40,83,14,36,50,29,6,5,14,2025-26
6622,2026-02-22,Home,ATL,BKN,W,2.0,115,42,87,13,33,52,28,10,4,17,2025-26
6623,2026-02-22,Home,MIL,TOR,L,2.0,94,35,85,9,32,46,18,4,4,19,2025-26
6624,2026-02-22,Away,PHI,MIN,W,1.0,135,50,97,21,37,39,31,14,1,11,2025-26
6625,2026-02-22,Home,LAL,BOS,L,2.0,89,34,87,9,30,39,18,7,5,8,2025-26
6626,2026-02-22,Home,GSW,DEN,W,3.0,128,48,94,21,52,44,42,14,2,18,2025-26
6627,2026-02-22,Away,POR,PHX,W,2.0,92,38,81,10,37,47,23,10,11,21,2025-26
6628,2026-02-22,Home,OKC,CLE,W,2.0,121,42,86,21,41,44,32,12,4,16,2025-26
6629,2026-02-22,Away,TOR,MIL,W,3.0,122,44,94,16,46,45,34,11,3,8,2025-26
6630,2026-02-22,Home,IND,DAL,L,2.0,130,47,94,20,42,39,37,8,3,16,2025-26
6631,2026-02-23,Away,UTA,HOU,L,3.0,105,36,98,8,44,36,23,17,3,12,2025-26
6632,2026-02-23,Home,HOU,UTA,W,2.0,125,49,86,18,40,53,34,10,8,27,2025-26
6633,2026-02-23,Home,MEM,SAC,L,2.0,114,42,87,12,34,37,33,13,3,18,2025-26
6634,2026-02-23,Home,DET,SAS,L,2.0,103,40,106,7,36,55,21,7,8,16,2025-26
6635,2026-02-23,Away,SAC,MEM,W,2.0,123,47,94,10,29,45,30,12,7,15,2025-26
6636,2026-02-23,Away,SAS,DET,W,2.0,114,42,101,18,40,50,32,8,11,16,2025-26
6637,2026-02-24,Away,MIA,MIL,L,3.0,117,40,94,16,48,51,32,8,5,16,2025-26
6638,2026-02-24,Home,IND,PHI,L,2.0,114,41,95,13,43,41,27,8,4,18,2025-26
6639,2026-02-24,Home,PHX,BOS,L,2.0,81,29,79,12,36,34,18,4,5,8,2025-26
6640,2026-02-24,Home,ATL,WAS,W,2.0,119,42,107,12,50,61,33,14,2,11,2025-26
6641,2026-02-24,Away,NYK,CLE,L,2.0,94,35,86,10,37,44,23,7,8,17,2025-26
6642,2026-02-24,Away,BOS,PHX,W,2.0,97,38,95,13,47,61,24,4,7,11,2025-26
6643,2026-02-24,Home,POR,MIN,L,2.0,121,42,89,14,35,44,27,10,4,16,2025-26
6644,2026-02-24,Home,BKN,DAL,L,2.0,114,41,80,13,32,28,29,11,2,11,2025-26
6645,2026-02-24,Away,WAS,ATL,L,2.0,98,37,84,10,31,41,23,9,8,20,2025-26
6646,2026-02-24,Home,TOR,OKC,L,2.0,107,41,88,18,38,34,30,10,8,16,2025-26
6647,2026-02-24,Home,MIL,MIA,W,2.0,128,48,97,16,39,46,25,10,3,11,2025-26
6648,2026-02-24,Home,LAL,ORL,L,2.0,109,40,83,9,29,39,24,6,8,12,2025-26
6649,2026-02-24,Away,OKC,TOR,W,2.0,116,45,95,16,40,49,26,10,5,19,2025-26
6650,2026-02-24,Away,PHI,IND,W,2.0,135,53,92,8,29,44,29,14,5,13,2025-26
6651,2026-02-24,Home,NOP,GSW,W,3.0,113,43,101,10,40,53,20,12,9,17,2025-26
6652,2026-02-24,Home,CLE,NYK,W,2.0,109,37,87,13,35,45,23,11,6,11,2025-26
6653,2026-02-24,Away,DAL,BKN,W,2.0,123,48,82,8,23,44,26,5,4,16,2025-26
6654,2026-02-24,Away,MIN,POR,W,2.0,124,47,88,17,35,41,26,14,8,16,2025-26
6655,2026-02-24,Away,CHA,CHI,W,2.0,131,49,95,25,57,46,31,13,8,17,2025-26
6656,2026-02-24,Away,GSW,NOP,L,2.0,109,40,97,11,45,59,26,8,6,21,2025-26
6657,2026-02-24,Away,ORL,LAL,W,2.0,110,43,94,7,29,47,26,7,5,11,2025-26
6658,2026-02-24,Home,CHI,CHA,L,2.0,99,35,82,16,40,33,18,9,1,21,2025-26
6659,2026-02-25,Home,TOR,SAS,L,1.0,107,38,90,8,23,50,17,6,4,13,2025-26
6660,2026-02-25,Away,SAC,HOU,L,2.0,97,37,93,7,32,43,22,9,2,12,2025-26
6661,2026-02-25,Home,DET,OKC,W,2.0,124,48,89,9,27,52,29,9,12,17,2025-26
6662,2026-02-25,Away,GSW,MEM,W,1.0,133,49,92,19,46,48,37,12,6,16,2025-26
6663,2026-02-25,Home,MEM,GSW,L,2.0,112,41,84,17,41,34,30,7,4,16,2025-26
6664,2026-02-25,Away,CLE,MIL,L,1.0,116,42,87,12,40,44,28,7,2,11,2025-26
6665,2026-02-25,Home,MIL,CLE,W,1.0,118,48,88,19,45,36,28,7,2,13,2025-26
6666,2026-02-25,Home,HOU,SAC,W,2.0,128,47,86,17,39,44,29,6,8,13,2025-26
6667,2026-02-25,Away,BOS,DEN,L,1.0,84,29,83,12,43,48,18,4,8,14,2025-26
6668,2026-02-25,Away,OKC,DET,L,1.0,116,39,96,18,49,37,28,7,3,14,2025-26
6669,2026-02-25,Home,DEN,BOS,W,3.0,103,39,93,15,43,54,28,4,4,9,2025-26
6670,2026-02-25,Away,SAS,TOR,W,2.0,110,40,86,17,39,40,28,11,5,13,2025-26
6671,2026-02-26,Away,CHA,IND,W,2.0,133,48,86,22,46,46,35,10,4,17,2025-26
6672,2026-02-26,Home,CHI,POR,L,2.0,112,40,80,9,30,41,29,8,4,22,2025-26
6673,2026-02-26,Away,WAS,ATL,L,2.0,96,36,94,9,33,44,17,7,3,14,2025-26
6674,2026-02-26,Home,ATL,WAS,W,2.0,126,42,91,13,39,56,30,12,8,14,2025-26
6675,2026-02-26,Away,SAS,BKN,W,1.0,126,43,87,17,42,39,36,13,5,9,2025-26
6676,2026-02-26,Away,MIN,LAC,W,2.0,94,36,83,8,26,41,23,8,5,13,2025-26
6677,2026-02-26,Away,HOU,ORL,W,1.0,113,43,82,11,29,41,24,7,9,13,2025-26
6678,2026-02-26,Home,IND,CHA,L,2.0,109,41,87,11,35,37,28,7,3,12,2025-26
6679,2026-02-26,Away,NOP,UTA,W,2.0,129,46,88,13,34,40,37,13,8,18,2025-26
6680,2026-02-26,Home,PHX,LAL,W,2.0,113,40,87,22,50,41,22,9,5,12,2025-26
6681,2026-02-26,Home,BKN,SAS,L,2.0,110,41,89,13,34,50,26,5,1,15,2025-26
6682,2026-02-26,Away,SAC,DAL,W,1.0,130,51,101,8,26,46,29,11,4,5,2025-26
6683,2026-02-26,Away,POR,CHI,W,2.0,121,42,95,10,46,45,27,10,8,12,2025-26
6684,2026-02-26,Home,ORL,HOU,L,2.0,108,40,88,15,37,40,25,11,4,12,2025-26
6685,2026-02-26,Away,MIA,PHI,L,2.0,117,40,87,17,40,45,25,8,2,14,2025-26
6686,2026-02-26,Away,LAL,PHX,L,2.0,110,38,75,11,29,39,20,8,2,13,2025-26
6687,2026-02-26,Home,UTA,NOP,L,3.0,118,45,90,12,37,37,28,14,6,18,2025-26
6688,2026-02-26,Home,DAL,SAC,L,2.0,121,45,81,10,23,42,23,4,3,18,2025-26
6689,2026-02-26,Home,PHI,MIA,W,2.0,124,45,94,17,43,49,26,11,3,14,2025-26
6690,2026-02-26,Home,LAC,MIN,L,4.0,88,30,74,5,22,40,21,8,2,19,2025-26
6691,2026-02-27,Away,BKN,BOS,L,1.0,111,43,88,14,34,25,29,7,2,12,2025-26
6692,2026-02-27,Away,CLE,DET,L,2.0,119,43,94,13,35,41,32,10,9,18,2025-26
6693,2026-02-27,Away,MEM,DAL,W,2.0,124,47,93,12,32,43,29,13,7,11,2025-26
6694,2026-02-27,Home,DET,CLE,W,2.0,122,46,100,6,27,56,26,14,6,16,2025-26
6695,2026-02-27,Home,BOS,BKN,W,2.0,148,52,78,22,34,39,38,9,7,12,2025-26
6696,2026-02-27,Home,OKC,DEN,W,2.0,127,46,99,12,35,56,29,14,10,12,2025-26
6697,2026-02-27,Away,NYK,MIL,W,3.0,127,46,88,21,42,44,33,7,6,11,2025-26
6698,2026-02-27,Home,MIL,NYK,L,2.0,98,33,77,16,42,34,24,5,3,16,2025-26
6699,2026-02-27,Away,DEN,OKC,L,2.0,121,43,103,18,48,51,27,10,6,18,2025-26
6700,2026-02-27,Home,DAL,MEM,L,1.0,105,37,88,9,32,46,24,4,4,21,2025-26
6701,2026-02-28,Away,HOU,MIA,L,2.0,105,41,95,9,36,47,26,6,2,11,2025-26
6702,2026-02-28,Home,CHA,POR,W,2.0,109,38,91,16,42,55,24,11,0,16,2025-26
6703,2026-02-28,Away,TOR,WAS,W,3.0,134,51,85,9,22,35,31,7,3,10,2025-26
6704,2026-02-28,Away,POR,CHA,L,2.0,93,35,86,11,47,39,22,8,7,17,2025-26
6705,2026-02-28,Home,WAS,TOR,L,2.0,125,47,88,16,34,35,23,3,8,14,2025-26
6706,2026-02-28,Away,NOP,UTA,W,2.0,115,39,85,15,44,58,32,5,11,19,2025-26
6707,2026-02-28,Away,LAL,GSW,W,2.0,129,48,90,19,41,47,29,7,5,10,2025-26
6708,2026-02-28,Home,UTA,NOP,L,2.0,105,33,96,12,43,40,24,10,5,7,2025-26
6709,2026-02-28,Home,MIA,HOU,W,2.0,115,45,90,11,31,47,22,3,4,14,2025-26
6710,2026-02-28,Home,GSW,LAL,L,3.0,101,41,91,12,44,40,32,6,4,11,2025-26
6711,2026-03-01,Home,IND,MEM,L,3.0,106,39,80,15,39,31,29,5,9,19,2025-26
6712,2026-03-01,Away,PHI,BOS,L,3.0,98,35,88,12,31,37,21,10,4,6,2025-26
6713,2026-03-01,Away,OKC,DAL,W,2.0,100,41,92,8,39,46,22,9,8,9,2025-26
6714,2026-03-01,Home,LAL,SAC,W,1.0,128,47,94,18,39,37,34,14,9,10,2025-26
6715,2026-03-01,Home,BOS,PHI,W,2.0,114,40,91,16,49,59,27,4,7,15,2025-26
6716,2026-03-01,Away,NOP,LAC,L,1.0,117,40,89,12,33,41,22,6,4,17,2025-26
6717,2026-03-01,Away,MEM,IND,W,2.0,125,48,94,15,35,40,34,12,9,13,2025-26
6718,2026-03-01,Home,CHI,MIL,W,3.0,120,43,84,18,49,50,34,14,8,18,2025-26
6719,2026-03-01,Away,CLE,BKN,W,2.0,106,34,70,13,27,38,25,9,7,17,2025-26
6720,2026-03-01,Home,DEN,MIN,L,2.0,108,41,85,6,22,44,21,2,4,14,2025-26
6721,2026-03-01,Away,MIN,DEN,W,3.0,117,46,85,14,36,41,33,11,5,14,2025-26
6722,2026-03-01,Away,MIL,CHI,L,2.0,97,35,95,13,46,45,26,9,3,19,2025-26
6723,2026-03-01,Home,LAC,NOP,W,3.0,137,48,89,17,36,38,29,11,3,9,2025-26
6724,2026-03-01,Away,SAC,LAL,L,3.0,104,42,90,6,26,52,30,4,8,20,2025-26
6725,2026-03-01,Away,SAS,NYK,L,3.0,89,32,77,9,34,41,25,7,5,22,2025-26
6726,2026-03-01,Away,DET,ORL,W,2.0,106,42,93,4,30,56,24,14,6,14,2025-26
6727,2026-03-01,Home,ATL,POR,W,3.0,135,51,92,15,40,54,36,10,5,15,2025-26
6728,2026-03-01,Home,DAL,OKC,L,2.0,87,33,85,9,31,49,20,6,1,17,2025-26
6729,2026-03-01,Home,BKN,CLE,L,2.0,102,38,75,11,32,32,27,10,4,17,2025-26
6730,2026-03-01,Home,NYK,SAS,W,2.0,114,43,97,17,48,54,27,13,3,14,2025-26
6731,2026-03-01,Away,POR,ATL,L,1.0,101,35,87,13,37,38,23,5,6,17,2025-26
6732,2026-03-01,Home,ORL,DET,L,3.0,92,29,77,10,36,41,20,8,4,19,2025-26
6733,2026-03-02,Home,UTA,DEN,L,2.0,125,44,86,15,39,33,24,11,3,9,2025-26
6734,2026-03-02,Home,MIL,BOS,L,1.0,81,27,74,13,36,41,18,7,3,16,2025-26
6735,2026-03-02,Home,WAS,HOU,L,2.0,118,44,91,19,35,27,20,15,4,13,2025-26
6736,2026-03-02,Away,HOU,WAS,W,2.0,123,45,92,9,25,59,21,10,5,21,2025-26
6737,2026-03-02,Home,GSW,LAC,L,2.0,101,36,93,17,48,40,26,7,2,14,2025-26
6738,2026-03-02,Away,DEN,UTA,W,1.0,128,40,74,16,39,38,25,4,2,15,2025-26
6739,2026-03-02,Away,LAC,GSW,W,1.0,114,42,85,9,31,52,18,9,7,14,2025-26
6740,2026-03-02,Away,BOS,MIL,W,1.0,108,41,95,20,50,54,31,7,6,11,2025-26
6741,2026-03-03,Home,MIA,BKN,W,3.0,124,45,91,13,36,46,28,13,8,12,2025-26
6742,2026-03-03,Home,LAL,NOP,W,2.0,110,39,83,11,37,48,29,7,12,22,2025-26
6743,2026-03-03,Home,MIN,MEM,W,2.0,117,40,84,10,34,52,19,8,2,18,2025-26
6744,2026-03-03,Home,CLE,DET,W,2.0,113,38,86,17,46,38,27,7,4,10,2025-26
6745,2026-03-03,Home,SAC,PHX,L,2.0,103,41,90,7,27,40,25,11,2,14,2025-26
6746,2026-03-03,Away,NOP,LAL,L,2.0,101,38,90,8,29,41,29,12,3,19,2025-26
6747,2026-03-03,Away,PHX,SAC,W,5.0,114,42,92,19,49,53,31,11,3,19,2025-26
6748,2026-03-03,Away,DET,CLE,L,2.0,109,39,77,9,24,44,29,9,7,14,2025-26
6749,2026-03-03,Home,ORL,WAS,W,2.0,126,42,76,10,25,38,33,3,6,9,2025-26
6750,2026-03-03,Home,CHA,DAL,W,3.0,117,42,88,20,51,49,32,11,7,15,2025-26
6751,2026-03-03,Away,BKN,MIA,L,2.0,98,33,86,6,32,38,24,6,5,19,2025-26
6752,2026-03-03,Away,WAS,ORL,L,1.0,109,43,92,7,32,42,23,4,6,14,2025-26
6753,2026-03-03,Away,DAL,CHA,L,2.0,90,28,74,3,22,42,19,7,4,15,2025-26
6754,2026-03-03,Away,SAS,PHI,W,2.0,131,49,89,18,45,56,36,10,10,17,2025-26
6755,2026-03-03,Away,MEM,MIN,L,2.0,110,36,79,15,38,33,27,9,4,17,2025-26
6756,2026-03-03,Home,TOR,NYK,L,3.0,95,35,77,8,28,28,24,8,3,15,2025-26
6757,2026-03-03,Away,OKC,CHI,W,2.0,116,43,99,10,42,51,23,10,3,9,2025-26
6758,2026-03-03,Home,PHI,SAS,L,2.0,91,33,95,10,42,40,20,8,5,14,2025-26
6759,2026-03-03,Home,CHI,OKC,L,2.0,108,39,90,17,49,53,27,3,3,19,2025-26
6760,2026-03-03,Away,NYK,TOR,W,2.0,111,46,81,10,29,43,32,10,4,18,2025-26
6761,2026-03-04,Away,ATL,MIL,W,3.0,131,50,92,20,45,40,33,9,7,11,2025-26
6762,2026-03-04,Home,LAC,IND,W,2.0,130,49,89,12,32,47,28,8,7,11,2025-26
6763,2026-03-04,Away,POR,MEM,W,3.0,122,48,95,15,43,53,29,10,11,17,2025-26
6764,2026-03-04,Away,IND,LAC,L,3.0,107,36,84,10,36,38,26,2,3,13,2025-26
6765,2026-03-04,Home,PHI,UTA,W,1.0,106,40,88,9,35,43,24,6,7,15,2025-26
6766,2026-03-04,Away,CHA,BOS,W,1.0,118,41,89,19,49,43,26,10,4,5,2025-26
6767,2026-03-04,Home,MEM,POR,L,1.0,114,39,87,14,32,38,25,12,6,17,2025-26
6768,2026-03-04,Home,BOS,CHA,L,2.0,89,30,79,10,36,45,18,1,3,16,2025-26
6769,2026-03-04,Home,NYK,OKC,L,1.0,100,37,88,10,35,48,23,5,3,14,2025-26
6770,2026-03-04,Home,MIL,ATL,L,2.0,113,43,86,13,39,41,27,8,2,15,2025-26
6771,2026-03-04,Away,OKC,NYK,W,1.0,103,33,73,16,42,38,21,8,0,16,2025-26
6772,2026-03-04,Away,UTA,PHI,L,2.0,102,36,88,12,39,42,22,7,6,15,2025-26
6773,2026-03-05,Home,MIA,BKN,W,2.0,126,48,91,9,27,45,29,13,8,14,2025-26
6774,2026-03-05,Away,NOP,SAC,W,2.0,133,49,98,12,34,52,27,7,11,12,2025-26
6775,2026-03-05,Home,ORL,DAL,W,2.0,115,44,97,13,39,47,31,10,2,12,2025-26
6776,2026-03-05,Away,CHI,PHX,W,2.0,105,41,86,7,28,46,23,8,3,13,2025-26
6777,2026-03-05,Away,TOR,MIN,L,2.0,107,41,83,9,21,40,22,6,5,14,2025-26
6778,2026-03-05,Away,DAL,ORL,L,2.0,114,39,86,14,32,44,28,6,9,13,2025-26
6779,2026-03-05,Home,PHX,CHI,L,2.0,103,36,92,13,46,48,24,7,3,15,2025-26
6780,2026-03-05,Away,DET,SAS,L,2.0,106,35,87,12,28,44,20,4,4,10,2025-26
6781,2026-03-05,Home,SAS,DET,W,2.0,121,42,84,13,37,46,24,5,11,9,2025-26
6782,2026-03-05,Away,UTA,WAS,W,1.0,122,47,92,15,35,45,31,12,4,12,2025-26
6783,2026-03-05,Home,DEN,LAL,W,3.0,120,39,75,14,31,41,27,3,1,18,2025-26
6784,2026-03-05,Home,HOU,GSW,L,3.0,113,44,96,14,34,49,26,11,2,18,2025-26
6785,2026-03-05,Away,LAL,DEN,L,2.0,113,45,87,13,31,32,30,12,1,10,2025-26
6786,2026-03-05,Away,BKN,MIA,L,2.0,110,41,95,16,41,49,30,9,2,20,2025-26
6787,2026-03-05,Home,WAS,UTA,L,2.0,112,36,77,18,42,43,22,8,1,19,2025-26
6788,2026-03-05,Home,MIN,TOR,W,2.0,115,42,81,13,31,41,24,10,5,13,2025-26
6789,2026-03-05,Away,GSW,HOU,W,3.0,115,45,94,14,38,47,29,10,5,19,2025-26
6790,2026-03-05,Home,SAC,NOP,L,2.0,123,50,99,8,31,42,29,5,3,7,2025-26
6791,2026-03-06,Away,POR,HOU,L,2.0,99,33,83,12,39,43,20,17,2,16,2025-26
6792,2026-03-06,Away,LAC,SAS,L,2.0,112,42,86,12,33,41,22,12,3,10,2025-26
6793,2026-03-06,Home,DEN,NYK,L,1.0,103,37,83,8,40,31,30,6,1,15,2025-26
6794,2026-03-06,Home,CHA,MIA,L,2.0,120,41,96,19,52,48,24,5,9,13,2025-26
6795,2026-03-06,Away,IND,LAL,L,2.0,117,46,98,8,35,40,33,10,4,7,2025-26
6796,2026-03-06,Away,NOP,PHX,L,1.0,116,37,83,10,28,42,18,8,3,15,2025-26
6797,2026-03-06,Home,BOS,DAL,W,2.0,120,47,99,16,48,58,29,6,10,10,2025-26
6798,2026-03-06,Home,PHX,NOP,W,1.0,118,40,90,20,58,41,27,9,6,15,2025-26
6799,2026-03-06,Away,DAL,BOS,L,1.0,100,38,93,14,35,45,23,2,5,10,2025-26
6800,2026-03-06,Away,MIA,CHA,W,1.0,128,45,97,18,38,44,31,7,5,6,2025-26
6801,2026-03-06,Away,NYK,DEN,W,2.0,142,55,95,16,34,50,44,11,4,11,2025-26
6802,2026-03-06,Home,SAS,LAC,W,1.0,116,46,95,17,41,52,29,6,7,13,2025-26
6803,2026-03-06,Home,LAL,IND,W,1.0,128,45,85,17,37,43,25,5,2,13,2025-26
6804,2026-03-06,Home,HOU,POR,W,1.0,106,41,76,5,19,44,23,9,9,22,2025-26
6805,2026-03-07,Home,MIL,UTA,W,3.0,113,41,85,15,44,48,33,7,5,11,2025-26
6806,2026-03-07,Away,UTA,MIL,L,2.0,99,31,90,12,49,53,23,7,3,12,2025-26
6807,2026-03-07,Home,MEM,LAC,L,3.0,120,42,87,16,43,34,29,8,6,15,2025-26
6808,2026-03-07,Home,MIN,ORL,L,2.0,92,30,84,9,40,37,17,10,5,12,2025-26
6809,2026-03-07,Away,ORL,MIN,W,2.0,119,42,91,9,34,58,28,8,4,15,2025-26
6810,2026-03-07,Home,OKC,GSW,W,3.0,104,33,78,15,42,42,24,7,1,14,2025-26
6811,2026-03-07,Away,GSW,OKC,L,2.0,97,36,88,14,45,47,28,8,3,13,2025-26
6812,2026-03-07,Away,BKN,DET,W,2.0,107,35,80,10,30,45,20,7,10,20,2025-26
6813,2026-03-07,Home,ATL,PHI,W,3.0,125,46,83,13,32,39,32,11,2,21,2025-26
6814,2026-03-07,Away,LAC,MEM,W,1.0,123,41,82,4,17,44,15,10,2,16,2025-26
6815,2026-03-07,Away,PHI,ATL,L,3.0,116,47,86,10,26,36,27,10,4,21,2025-26
6816,2026-03-07,Home,DET,BKN,L,2.0,105,36,85,10,26,37,21,14,6,14,2025-26
6817,2026-03-08,Home,MIL,ORL,L,1.0,91,36,84,13,44,36,22,10,3,17,2025-26
6818,2026-03-08,Home,MIA,DET,W,2.0,121,43,93,12,33,49,31,9,5,12,2025-26
6819,2026-03-08,Away,IND,POR,L,2.0,111,41,95,14,42,38,27,9,6,12,2025-26
6820,2026-03-08,Away,DET,MIA,L,1.0,110,40,90,11,37,39,26,5,12,12,2025-26
6821,2026-03-08,Home,CLE,BOS,L,5.0,98,35,86,13,45,42,23,4,6,9,2025-26
6822,2026-03-08,Away,DAL,TOR,L,2.0,92,35,88,5,30,47,22,5,7,19,2025-26
6823,2026-03-08,Away,WAS,NOP,L,3.0,118,41,91,14,42,41,27,2,3,17,2025-26
6824,2026-03-08,Home,POR,IND,W,2.0,131,47,93,15,41,53,29,5,8,14,2025-26
6825,2026-03-08,Away,BOS,CLE,W,2.0,109,37,84,15,38,49,25,2,0,12,2025-26
6826,2026-03-08,Home,NOP,WAS,W,2.0,138,47,89,7,23,44,25,11,6,8,2025-26
6827,2026-03-08,Home,LAL,NYK,W,2.0,110,35,81,15,44,42,20,10,5,14,2025-26
6828,2026-03-08,Away,HOU,SAS,L,2.0,120,42,87,8,28,37,25,5,5,12,2025-26
6829,2026-03-08,Home,SAS,HOU,W,2.0,145,51,88,21,40,32,38,4,6,8,2025-26
6830,2026-03-08,Home,SAC,CHI,W,3.0,126,47,105,11,29,55,33,5,6,4,2025-26
6831,2026-03-08,Home,TOR,DAL,W,3.0,122,48,95,10,36,42,39,11,4,8,2025-26
6832,2026-03-08,Away,CHI,SAC,L,3.0,110,35,84,17,45,49,27,2,6,14,2025-26
6833,2026-03-08,Away,CHA,PHX,L,2.0,99,37,88,15,45,41,24,1,6,13,2025-26
6834,2026-03-08,Away,NYK,LAL,L,2.0,97,35,82,8,34,47,23,7,2,19,2025-26
6835,2026-03-08,Away,ORL,MIL,W,1.0,130,45,80,14,33,49,31,11,2,15,2025-26
6836,2026-03-08,Home,PHX,CHA,W,2.0,111,36,79,16,41,40,24,5,5,8,2025-26
6837,2026-03-09,Home,OKC,DEN,W,2.0,129,47,93,19,47,37,27,3,9,3,2025-26
6838,2026-03-09,Home,LAC,NYK,W,2.0,126,43,93,18,39,36,25,12,4,8,2025-26
6839,2026-03-09,Away,DEN,OKC,L,3.0,126,45,98,15,37,56,29,3,3,8,2025-26
6840,2026-03-09,Home,BKN,MEM,W,2.0,126,47,85,17,33,43,35,10,9,20,2025-26
6841,2026-03-09,Home,UTA,GSW,W,2.0,119,40,83,12,34,50,29,8,4,17,2025-26
6842,2026-03-09,Away,PHI,CLE,L,2.0,101,39,85,11,38,42,20,7,4,17,2025-26
6843,2026-03-09,Home,CLE,PHI,W,1.0,115,38,84,16,44,41,28,4,8,10,2025-26
6844,2026-03-09,Away,GSW,UTA,L,2.0,116,43,99,16,52,46,33,11,2,10,2025-26
6845,2026-03-09,Away,NYK,LAC,L,1.0,118,46,90,14,40,51,32,5,1,20,2025-26
6846,2026-03-09,Away,MEM,BKN,L,2.0,115,40,92,14,35,36,25,9,8,15,2025-26
6847,2026-03-10,Home,PHI,MEM,W,1.0,139,45,86,11,31,40,27,13,5,11,2025-26
6848,2026-03-10,Away,PHX,MIL,W,2.0,129,48,89,24,51,39,33,9,0,12,2025-26
6849,2026-03-10,Home,HOU,TOR,W,2.0,113,41,82,10,24,52,21,8,4,18,2025-26
6850,2026-03-10,Home,MIA,WAS,W,2.0,150,45,90,13,43,48,31,16,5,17,2025-26
6851,2026-03-10,Home,SAC,IND,W,2.0,114,41,90,7,20,52,22,10,7,11,2025-26
6852,2026-03-10,Away,DET,BKN,W,2.0,138,48,85,16,31,40,36,12,3,9,2025-26
6853,2026-03-10,Home,SAS,BOS,W,2.0,125,44,85,20,47,44,27,3,2,12,2025-26
6854,2026-03-10,Home,POR,CHA,L,2.0,101,35,83,16,42,42,23,6,8,18,2025-26
6855,2026-03-10,Home,LAL,MIN,W,2.0,120,45,93,11,38,47,31,7,2,7,2025-26
6856,2026-03-10,Away,CHA,POR,W,2.0,103,34,88,14,38,52,21,12,4,17,2025-26
6857,2026-03-10,Home,ATL,DAL,W,3.0,124,49,95,14,36,45,29,8,8,10,2025-26
6858,2026-03-10,Away,MIN,LAL,L,3.0,106,37,80,10,40,43,22,4,5,11,2025-26
6859,2026-03-10,Home,BKN,DET,L,1.0,100,29,69,13,38,31,23,3,3,19,2025-26
6860,2026-03-10,Home,GSW,CHI,L,1.0,124,44,105,20,54,49,30,9,12,12,2025-26
6861,2026-03-10,Away,WAS,MIA,L,2.0,129,46,89,15,36,35,25,6,3,24,2025-26
6862,2026-03-10,Away,TOR,HOU,L,2.0,99,34,78,9,36,30,21,10,4,13,2025-26
6863,2026-03-10,Away,DAL,ATL,L,2.0,112,41,86,13,32,43,28,6,0,14,2025-26
6864,2026-03-10,Away,CHI,GSW,W,2.0,130,50,112,15,47,64,34,6,6,14,2025-26
6865,2026-03-10,Away,IND,SAC,L,2.0,109,38,93,13,43,48,29,7,2,15,2025-26
6866,2026-03-10,Away,MEM,PHI,L,1.0,129,48,97,17,43,44,26,5,3,20,2025-26
6867,2026-03-10,Away,BOS,SAS,L,2.0,116,42,89,19,51,37,27,6,4,8,2025-26
6868,2026-03-10,Home,MIL,PHX,L,2.0,114,42,82,16,38,39,26,6,1,17,2025-26
6869,2026-03-11,Away,NYK,UTA,W,2.0,134,48,92,17,40,45,37,10,3,12,2025-26
6870,2026-03-11,Away,CLE,ORL,L,2.0,122,44,89,17,44,42,24,3,5,10,2025-26
6871,2026-03-11,Home,UTA,NYK,L,2.0,117,42,87,18,36,38,30,7,4,15,2025-26
6872,2026-03-11,Away,MIN,LAC,L,1.0,128,46,77,11,25,28,32,5,1,21,2025-26
6873,2026-03-11,Away,HOU,DEN,L,1.0,93,42,97,4,33,44,25,7,6,16,2025-26
6874,2026-03-11,Home,DEN,HOU,W,2.0,129,48,87,17,32,42,36,12,4,10,2025-26
6875,2026-03-11,Home,LAC,MIN,W,2.0,153,52,82,19,37,29,36,16,4,10,2025-26
6876,2026-03-11,Away,CHA,SAC,W,1.0,117,41,90,19,40,41,29,8,1,16,2025-26
6877,2026-03-11,Home,ORL,CLE,W,3.0,128,44,85,12,35,42,29,6,4,6,2025-26
6878,2026-03-11,Home,SAC,CHA,L,1.0,109,45,83,8,25,35,24,6,6,14,2025-26
6879,2026-03-11,Home,NOP,TOR,W,3.0,122,45,88,14,29,49,27,10,5,16,2025-26
6880,2026-03-11,Away,TOR,NOP,L,1.0,111,39,94,14,44,43,20,13,5,11,2025-26
6881,2026-03-12,Home,MEM,DAL,L,2.0,112,41,98,14,48,38,26,10,5,10,2025-26
6882,2026-03-12,Home,ATL,BKN,W,2.0,108,35,89,12,40,51,22,12,6,12,2025-26
6883,2026-03-12,Away,DAL,MEM,W,2.0,120,45,93,11,32,60,25,8,9,20,2025-26
6884,2026-03-12,Away,CHI,LAL,L,2.0,130,51,95,15,36,41,34,7,3,16,2025-26
6885,2026-03-12,Away,WAS,ORL,L,2.0,131,48,105,14,46,49,26,7,10,15,2025-26
6886,2026-03-12,Away,MIL,MIA,L,2.0,105,41,83,9,26,36,26,10,2,14,2025-26
6887,2026-03-12,Home,IND,PHX,L,2.0,108,37,82,12,40,36,24,7,4,16,2025-26
6888,2026-03-12,Away,BOS,OKC,L,2.0,102,35,87,13,42,44,20,8,4,13,2025-26
6889,2026-03-12,Away,DEN,SAS,W,1.0,136,44,88,12,36,47,27,8,4,10,2025-26
6890,2026-03-12,Home,LAL,CHI,W,2.0,142,55,99,17,36,41,31,9,4,10,2025-26
6891,2026-03-12,Home,OKC,BOS,W,3.0,104,40,84,11,44,39,22,7,4,12,2025-26
6892,2026-03-12,Home,ORL,WAS,W,1.0,136,47,100,15,34,52,30,12,5,13,2025-26
6893,2026-03-12,Away,BKN,ATL,L,2.0,97,34,72,12,35,39,19,5,6,20,2025-26
6894,2026-03-12,Home,SAS,DEN,L,2.0,131,43,95,19,47,49,34,8,4,10,2025-26
6895,2026-03-12,Away,PHX,IND,W,2.0,123,46,88,13,32,40,21,9,7,14,2025-26
6896,2026-03-12,Home,MIA,MIL,W,2.0,112,38,92,14,41,53,26,4,2,12,2025-26
6897,2026-03-12,Away,PHI,DET,L,2.0,109,42,90,8,35,35,20,10,8,16,2025-26
6898,2026-03-12,Home,DET,PHI,W,2.0,131,48,89,14,35,40,37,10,7,17,2025-26
6899,2026-03-13,Home,LAC,CHI,W,2.0,119,46,96,9,32,46,28,8,12,6,2025-26
6900,2026-03-13,Away,NYK,IND,W,2.0,101,37,88,8,28,53,20,4,4,12,2025-26
6901,2026-03-13,Away,CLE,DAL,W,2.0,138,56,91,18,38,45,32,12,4,14,2025-26
6902,2026-03-13,Home,POR,UTA,W,3.0,124,46,89,17,46,49,34,16,12,24,2025-26
6903,2026-03-13,Away,UTA,POR,L,2.0,114,42,92,13,30,36,28,16,3,18,2025-26
6904,2026-03-13,Away,MEM,DET,L,1.0,110,38,89,15,41,33,20,11,2,17,2025-26
6905,2026-03-13,Home,DET,MEM,W,1.0,126,50,92,12,35,52,36,12,6,19,2025-26
6906,2026-03-13,Home,DAL,CLE,L,1.0,105,38,87,9,33,40,27,4,3,19,2025-26
6907,2026-03-13,Home,TOR,PHX,W,2.0,122,46,86,14,27,44,25,6,3,12,2025-26
6908,2026-03-13,Home,GSW,MIN,L,3.0,117,39,97,15,48,38,23,8,1,9,2025-26
6909,2026-03-13,Away,CHI,LAC,L,1.0,108,42,95,12,41,48,23,5,7,15,2025-26
6910,2026-03-13,Away,MIN,GSW,W,2.0,127,46,82,12,30,45,25,6,5,17,2025-26
6911,2026-03-13,Away,PHX,TOR,L,1.0,115,38,80,18,42,34,20,5,6,12,2025-26
6912,2026-03-13,Home,HOU,NOP,W,2.0,107,40,94,14,41,52,25,8,8,12,2025-26
6913,2026-03-13,Away,NOP,HOU,L,2.0,105,37,84,13,32,48,19,7,6,13,2025-26
6914,2026-03-13,Home,IND,NYK,L,1.0,92,35,89,10,38,46,21,6,3,11,2025-26
6915,2026-03-14,Home,PHI,BKN,W,2.0,104,38,82,3,25,47,22,12,10,14,2025-26
6916,2026-03-14,Away,MIL,ATL,L,2.0,99,37,76,12,37,37,24,5,4,23,2025-26
6917,2026-03-14,Away,BKN,PHI,L,2.0,97,32,89,15,43,42,20,10,5,17,2025-26
6918,2026-03-14,Home,LAL,DEN,W,2.0,127,48,93,14,42,46,31,10,6,17,2025-26
6919,2026-03-14,Home,LAC,SAC,L,1.0,109,39,84,9,27,35,19,13,8,13,2025-26
6920,2026-03-14,Away,WAS,BOS,L,2.0,100,37,84,15,39,38,28,9,4,15,2025-26
6921,2026-03-14,Home,BOS,WAS,W,2.0,111,41,93,12,46,55,29,8,4,15,2025-26
6922,2026-03-14,Home,MIA,ORL,L,2.0,117,41,88,12,38,32,25,13,5,11,2025-26
6923,2026-03-14,Away,CHA,SAS,L,3.0,102,35,93,18,54,39,18,7,10,12,2025-26
6924,2026-03-14,Home,ATL,MIL,W,2.0,122,47,95,14,38,47,29,10,1,13,2025-26
6925,2026-03-14,Away,DEN,LAL,L,2.0,125,44,95,19,49,41,33,13,5,16,2025-26
6926,2026-03-14,Away,SAC,LAC,W,3.0,118,48,82,12,27,48,29,9,4,21,2025-26
6927,2026-03-14,Home,SAS,CHA,W,2.0,115,43,92,11,33,54,29,7,6,13,2025-26
6928,2026-03-14,Away,ORL,MIA,W,2.0,121,44,89,10,32,49,26,6,2,20,2025-26
6929,2026-03-15,Away,DET,TOR,L,2.0,108,41,85,10,26,39,23,6,5,13,2025-26
6930,2026-03-15,Away,MIN,OKC,L,2.0,103,36,77,15,33,46,18,5,5,25,2025-26
6931,2026-03-15,Away,DAL,CLE,W,2.0,130,46,87,15,30,44,35,13,5,13,2025-26
6932,2026-03-15,Away,POR,PHI,L,2.0,103,36,92,17,53,49,26,6,9,19,2025-26
6933,2026-03-15,Away,UTA,SAC,L,2.0,111,41,86,12,36,40,22,12,5,15,2025-26
6934,2026-03-15,Away,IND,MIL,L,2.0,123,42,81,21,42,40,34,5,6,19,2025-26
6935,2026-03-15,Home,MIL,IND,W,1.0,134,49,90,23,44,40,31,10,2,9,2025-26
6936,2026-03-15,Home,CLE,DAL,L,2.0,120,45,88,16,41,38,32,5,5,16,2025-26
6937,2026-03-15,Home,TOR,DET,W,2.0,119,44,91,8,28,48,25,9,5,13,2025-26
6938,2026-03-15,Home,PHI,POR,W,1.0,109,44,97,7,25,51,17,13,4,14,2025-26
6939,2026-03-15,Home,OKC,MIN,W,3.0,116,42,101,15,40,44,28,16,6,7,2025-26
6940,2026-03-15,Home,NYK,GSW,W,2.0,110,39,84,10,32,44,23,9,6,15,2025-26
6941,2026-03-15,Away,GSW,NYK,L,2.0,107,40,82,14,38,35,27,9,6,18,2025-26
6942,2026-03-15,Home,SAC,UTA,W,1.0,116,41,85,11,36,50,28,9,3,18,2025-26
6943,2026-03-16,Away,DAL,NOP,L,1.0,111,44,104,14,39,51,27,10,3,12,2025-26
6944,2026-03-16,Away,POR,BKN,W,1.0,114,41,80,11,26,44,30,7,3,19,2025-26
6945,2026-03-16,Away,MEM,CHI,L,3.0,107,39,86,14,39,37,30,10,5,18,2025-26
6946,2026-03-16,Away,LAL,HOU,W,2.0,100,37,84,8,34,32,17,14,2,12,2025-26
6947,2026-03-16,Home,BKN,POR,L,2.0,95,33,86,9,34,44,19,11,7,17,2025-26
6948,2026-03-16,Home,BOS,PHX,W,2.0,120,39,80,17,40,38,31,7,3,14,2025-26
6949,2026-03-16,Home,LAC,SAS,L,2.0,115,43,89,11,29,37,25,11,5,14,2025-26
6950,2026-03-16,Away,SAS,LAC,W,2.0,119,43,93,10,36,52,25,5,7,15,2025-26
6951,2026-03-16,Away,PHX,BOS,L,3.0,112,37,83,13,40,35,26,7,6,10,2025-26
6952,2026-03-16,Home,CHI,MEM,W,3.0,132,48,93,18,48,47,30,9,6,17,2025-26
6953,2026-03-16,Away,ORL,ATL,L,2.0,112,40,95,14,43,40,20,9,3,11,2025-26
6954,2026-03-16,Home,WAS,GSW,L,2.0,117,40,78,13,34,36,24,7,2,21,2025-26
6955,2026-03-16,Home,HOU,LAL,L,3.0,92,38,79,5,26,44,21,9,3,24,2025-26
6956,2026-03-16,Away,GSW,WAS,W,1.0,125,46,91,9,32,41,32,13,4,17,2025-26
6957,2026-03-16,Home,ATL,ORL,W,2.0,124,43,93,16,40,54,33,5,3,14,2025-26
6958,2026-03-16,Home,NOP,DAL,W,3.0,129,48,95,11,35,57,31,7,12,14,2025-26
6959,2026-03-17,Home,SAC,SAS,L,2.0,104,41,93,14,36,41,32,4,2,8,2025-26
6960,2026-03-17,Away,PHI,DEN,L,2.0,96,37,94,9,41,42,30,6,10,13,2025-26
6961,2026-03-17,Away,MIA,CHA,L,3.0,106,36,89,7,36,43,26,4,3,15,2025-26
6962,2026-03-17,Away,DET,WAS,W,2.0,130,46,90,11,27,50,31,8,4,13,2025-26
6963,2026-03-17,Away,OKC,ORL,W,2.0,113,40,90,9,29,53,19,8,3,12,2025-26
6964,2026-03-17,Home,ORL,OKC,L,1.0,108,37,93,17,50,41,21,8,2,12,2025-26
6965,2026-03-17,Home,MIL,CLE,L,2.0,116,42,88,20,45,39,24,3,6,8,2025-26
6966,2026-03-17,Home,WAS,DET,L,1.0,117,43,87,16,37,35,20,7,5,14,2025-26
6967,2026-03-17,Away,IND,NYK,L,2.0,110,44,85,17,38,36,31,7,7,18,2025-26
6968,2026-03-17,Away,CLE,MIL,W,2.0,123,42,86,12,36,46,27,3,4,7,2025-26
6969,2026-03-17,Away,SAS,SAC,W,1.0,132,48,93,25,49,50,41,5,5,6,2025-26
6970,2026-03-17,Home,DEN,PHI,W,3.0,124,43,86,16,33,53,35,5,2,14,2025-26
6971,2026-03-17,Home,MIN,PHX,W,2.0,116,43,84,9,28,49,28,8,11,18,2025-26
6972,2026-03-17,Home,CHA,MIA,W,3.0,136,51,96,17,42,48,32,11,3,14,2025-26
6973,2026-03-17,Away,PHX,MIN,L,1.0,104,37,97,13,37,40,25,13,2,14,2025-26
6974,2026-03-17,Home,NYK,IND,W,2.0,136,54,100,18,41,49,38,13,3,9,2025-26
6975,2026-03-18,Home,BKN,OKC,L,2.0,92,29,79,11,35,41,17,8,4,23,2025-26
6976,2026-03-18,Home,NOP,LAC,W,2.0,124,44,83,16,37,40,32,12,6,19,2025-26
6977,2026-03-18,Away,TOR,CHI,W,3.0,139,48,84,14,33,43,33,6,3,18,2025-26
6978,2026-03-18,Away,ATL,DAL,W,2.0,135,55,102,14,35,42,36,10,3,11,2025-26
6979,2026-03-18,Home,MEM,DEN,W,2.0,125,42,98,16,49,48,22,12,9,10,2025-26
6980,2026-03-18,Home,BOS,GSW,W,2.0,120,44,92,14,39,49,22,12,1,16,2025-26
6981,2026-03-18,Away,DEN,MEM,L,1.0,118,44,90,13,36,46,34,6,5,19,2025-26
6982,2026-03-18,Away,OKC,BKN,W,1.0,121,45,85,14,35,45,26,16,5,19,2025-26
6983,2026-03-18,Home,MIN,UTA,W,1.0,147,52,96,18,39,46,39,15,5,17,2025-26
6984,2026-03-18,Away,UTA,MIN,L,3.0,111,40,93,13,39,46,26,10,5,24,2025-26
6985,2026-03-18,Away,GSW,BOS,L,2.0,99,36,90,10,43,39,26,12,3,14,2025-26
6986,2026-03-18,Home,HOU,LAL,L,2.0,116,45,91,11,32,38,26,10,1,12,2025-26
6987,2026-03-18,Away,POR,IND,W,2.0,127,45,101,16,46,52,32,5,7,13,2025-26
6988,2026-03-18,Home,IND,POR,L,1.0,119,46,91,12,27,39,32,9,7,12,2025-26
6989,2026-03-18,Away,LAL,HOU,W,2.0,124,46,76,15,32,34,30,6,8,14,2025-26
6990,2026-03-18,Away,LAC,NOP,L,2.0,109,45,88,9,31,36,24,10,2,16,2025-26
6991,2026-03-18,Home,CHI,TOR,L,2.0,109,40,85,9,31,36,24,13,2,19,2025-26
6992,2026-03-18,Home,DAL,ATL,L,2.0,120,42,86,11,28,43,26,8,6,19,2025-26
6993,2026-03-19,Away,DET,WAS,W,2.0,117,44,97,9,30,56,32,11,8,10,2025-26
6994,2026-03-19,Home,NOP,LAC,W,1.0,105,37,78,13,34,40,21,11,2,16,2025-26
6995,2026-03-19,Away,CLE,CHI,W,2.0,115,40,91,14,41,54,26,11,5,16,2025-26
6996,2026-03-19,Away,PHX,SAS,L,2.0,100,38,91,11,36,47,27,9,3,11,2025-26
6997,2026-03-19,Home,SAS,PHX,W,2.0,101,35,83,10,34,42,23,6,5,14,2025-26
6998,2026-03-19,Home,UTA,MIL,W,1.0,128,48,89,18,48,47,34,10,2,17,2025-26
6999,2026-03-19,Home,CHI,CLE,L,1.0,110,42,94,15,44,47,27,11,7,16,2025-26
7000,2026-03-19,Away,MIL,UTA,L,2.0,96,32,78,15,44,35,20,9,2,20,2025-26
7001,2026-03-19,Away,LAL,MIA,W,1.0,134,43,81,14,32,47,23,8,3,13,2025-26
7002,2026-03-19,Home,MIA,LAL,L,2.0,126,48,94,12,38,41,31,4,2,11,2025-26
7003,2026-03-19,Away,PHI,SAC,W,2.0,139,51,102,17,36,49,32,8,7,9,2025-26
7004,2026-03-19,Home,CHA,ORL,W,2.0,130,42,80,22,46,41,28,9,2,22,2025-26
7005,2026-03-19,Away,LAC,NOP,L,1.0,99,35,76,10,32,39,20,11,2,16,2025-26
7006,2026-03-19,Home,SAC,PHI,L,2.0,118,43,89,12,32,41,26,3,6,14,2025-26
7007,2026-03-19,Away,ORL,CHA,L,2.0,111,39,93,14,42,31,24,11,4,14,2025-26
7008,2026-03-19,Home,WAS,DET,L,2.0,95,36,82,15,38,35,20,3,10,19,2025-26
7009,2026-03-20,Home,DET,GSW,W,1.0,115,45,86,5,21,35,29,16,4,15,2025-26
7010,2026-03-20,Away,GSW,DET,L,2.0,101,35,76,12,33,38,23,6,6,26,2025-26
7011,2026-03-20,Away,TOR,DEN,L,2.0,115,44,86,10,31,40,32,8,4,10,2025-26
7012,2026-03-20,Away,ATL,HOU,L,2.0,95,36,85,9,35,37,22,13,9,18,2025-26
7013,2026-03-20,Home,MIN,POR,L,2.0,104,36,91,9,28,43,21,11,5,13,2025-26
7014,2026-03-20,Home,HOU,ATL,W,2.0,117,42,83,14,30,51,33,11,5,20,2025-26
7015,2026-03-20,Away,NYK,BKN,W,3.0,93,31,76,8,29,52,22,10,5,22,2025-26
7016,2026-03-20,Away,POR,MIN,W,2.0,108,39,92,9,37,51,25,8,6,17,2025-26
7017,2026-03-20,Home,DEN,TOR,W,2.0,121,44,81,14,30,38,26,5,2,10,2025-26
7018,2026-03-20,Home,BKN,NYK,L,2.0,92,34,86,14,38,40,28,8,6,15,2025-26
7019,2026-03-20,Home,MEM,BOS,L,2.0,112,42,90,14,43,35,24,7,3,9,2025-26
7020,2026-03-20,Away,BOS,MEM,W,2.0,117,40,89,11,42,57,19,4,2,13,2025-26
7021,2026-03-21,Home,ATL,GSW,W,1.0,126,48,89,13,40,41,28,10,4,18,2025-26
7022,2026-03-21,Home,SAS,IND,W,2.0,134,53,97,13,34,49,33,5,6,12,2025-26
7023,2026-03-21,Away,CLE,NOP,W,2.0,111,42,88,12,39,55,26,6,4,14,2025-26
7024,2026-03-21,Home,DAL,LAC,L,3.0,131,48,102,13,34,47,25,5,6,11,2025-26
7025,2026-03-21,Home,CHA,MEM,W,2.0,124,45,85,18,43,49,25,7,4,18,2025-26
7026,2026-03-21,Home,UTA,PHI,L,2.0,116,39,96,9,40,39,29,8,8,8,2025-26
7027,2026-03-21,Away,GSW,ATL,L,1.0,110,41,82,15,42,29,23,9,2,21,2025-26
7028,2026-03-21,Away,MIA,HOU,L,2.0,122,47,92,16,41,41,31,6,1,9,2025-26
7029,2026-03-21,Home,HOU,MIA,W,1.0,123,45,86,16,35,44,33,5,3,13,2025-26
7030,2026-03-21,Home,NOP,CLE,L,2.0,106,39,90,12,40,40,30,10,7,9,2025-26
7031,2026-03-21,Home,PHX,MIL,L,2.0,105,40,89,15,39,38,27,7,4,10,2025-26
7032,2026-03-21,Home,WAS,OKC,L,2.0,111,41,91,16,39,34,28,8,3,15,2025-26
7033,2026-03-21,Away,IND,SAS,L,3.0,119,44,85,16,35,26,38,5,2,10,2025-26
7034,2026-03-21,Away,LAC,DAL,W,2.0,138,51,90,21,42,40,33,8,10,12,2025-26
7035,2026-03-21,Away,MIL,PHX,W,2.0,108,39,78,16,39,42,20,6,4,17,2025-26
7036,2026-03-21,Away,OKC,WAS,W,3.0,132,50,93,11,30,55,31,6,6,13,2025-26
7037,2026-03-21,Away,LAL,ORL,W,2.0,105,39,87,8,32,43,19,11,6,12,2025-26
7038,2026-03-21,Away,PHI,UTA,W,2.0,126,46,92,6,27,56,27,4,8,16,2025-26
7039,2026-03-21,Away,MEM,CHA,L,1.0,101,35,86,16,46,34,20,10,1,13,2025-26
7040,2026-03-21,Home,ORL,LAL,L,2.0,104,36,83,11,37,42,27,9,2,18,2025-26
7041,2026-03-22,Away,WAS,NYK,L,1.0,113,43,89,18,47,28,25,12,4,15,2025-26
7042,2026-03-22,Away,TOR,PHX,L,2.0,98,37,75,9,28,30,28,9,9,20,2025-26
7043,2026-03-22,Home,DEN,POR,W,2.0,128,49,90,18,46,42,37,6,3,11,2025-26
7044,2026-03-22,Home,SAC,BKN,W,3.0,126,43,82,14,27,51,30,4,5,17,2025-26
7045,2026-03-22,Away,POR,DEN,L,2.0,112,42,97,16,50,45,31,5,0,11,2025-26
7046,2026-03-22,Home,PHX,TOR,W,1.0,120,46,89,18,40,43,24,12,6,19,2025-26
7047,2026-03-22,Away,MIN,BOS,W,2.0,102,39,91,12,33,56,24,7,7,14,2025-26
7048,2026-03-22,Home,NYK,WAS,W,2.0,145,55,94,17,32,48,32,6,2,14,2025-26
7049,2026-03-22,Away,BKN,SAC,L,2.0,122,46,88,14,33,25,30,7,4,7,2025-26
7050,2026-03-22,Home,BOS,MIN,L,2.0,92,34,95,9,33,53,17,9,2,11,2025-26
7051,2026-03-23,Away,OKC,PHI,W,2.0,123,48,90,18,41,48,33,6,10,15,2025-26
7052,2026-03-23,Away,HOU,CHI,L,2.0,124,49,92,11,41,41,27,8,7,17,2025-26
7053,2026-03-23,Away,GSW,DAL,W,2.0,137,51,101,17,47,49,39,16,4,24,2025-26
7054,2026-03-23,Home,MIA,SAS,L,2.0,111,38,95,16,52,38,29,11,8,12,2025-26
7055,2026-03-23,Away,MEM,ATL,L,2.0,107,35,83,14,43,34,20,9,4,23,2025-26
7056,2026-03-23,Away,BKN,POR,L,1.0,99,33,80,8,29,32,22,11,3,22,2025-26
7057,2026-03-23,Away,LAL,DET,L,2.0,110,38,79,8,29,39,27,6,6,13,2025-26
7058,2026-03-23,Home,CHI,HOU,W,4.0,132,45,90,19,38,45,30,8,4,16,2025-26
7059,2026-03-23,Home,UTA,TOR,L,2.0,127,39,83,13,36,39,25,9,6,18,2025-26
7060,2026-03-23,Home,PHI,OKC,L,2.0,103,41,94,17,46,44,29,10,3,18,2025-26
7061,2026-03-23,Home,POR,BKN,W,1.0,134,44,80,18,38,45,28,10,8,24,2025-26
7062,2026-03-23,Home,ORL,IND,L,2.0,126,48,94,12,34,36,29,5,1,11,2025-26
7063,2026-03-23,Home,LAC,MIL,W,2.0,129,47,81,17,38,34,30,13,6,12,2025-26
7064,2026-03-23,Away,MIL,LAC,L,2.0,96,37,84,16,41,38,29,6,2,23,2025-26
7065,2026-03-23,Away,TOR,UTA,W,1.0,143,54,88,20,37,35,49,12,10,17,2025-26
7066,2026-03-23,Away,SAS,MIA,W,2.0,136,48,101,15,43,62,33,7,9,15,2025-26
7067,2026-03-23,Home,ATL,MEM,W,2.0,146,49,92,25,54,44,37,12,6,11,2025-26
7068,2026-03-23,Away,IND,ORL,W,2.0,128,45,82,16,35,35,32,5,4,9,2025-26
7069,2026-03-23,Home,DET,LAL,W,3.0,113,40,88,11,26,37,31,6,4,11,2025-26
7070,2026-03-23,Home,DAL,GSW,L,2.0,131,51,87,16,36,26,37,13,3,23,2025-26
7071,2026-03-24,Away,DEN,PHX,W,2.0,125,45,88,13,32,50,35,2,2,10,2025-26
7072,2026-03-24,Home,CLE,ORL,W,3.0,136,49,81,12,30,33,24,7,4,8,2025-26
7073,2026-03-24,Away,ORL,CLE,L,1.0,131,41,84,14,39,39,27,6,2,10,2025-26
7074,2026-03-24,Home,NYK,NOP,W,2.0,121,44,85,13,33,41,29,5,4,11,2025-26
7075,2026-03-24,Home,CHA,SAC,W,3.0,134,48,94,26,55,57,32,7,5,15,2025-26
7076,2026-03-24,Away,NOP,NYK,L,3.0,116,45,88,15,34,34,33,5,3,7,2025-26
7077,2026-03-24,Away,SAC,CHA,L,2.0,90,37,91,9,28,35,27,4,3,12,2025-26
7078,2026-03-24,Home,PHX,DEN,L,2.0,123,39,89,17,47,41,24,6,5,3,2025-26
7079,2026-03-25,Home,LAC,TOR,W,2.0,119,42,82,16,35,49,24,7,12,11,2025-26
7080,2026-03-25,Home,CLE,MIA,L,1.0,103,35,81,12,37,40,26,4,1,14,2025-26
7081,2026-03-25,Home,PHI,CHI,W,2.0,157,57,103,22,47,45,34,9,10,8,2025-26
7082,2026-03-25,Home,DET,ATL,L,2.0,129,52,102,9,33,43,33,12,5,14,2025-26
7083,2026-03-25,Away,HOU,MIN,L,2.0,108,38,93,9,29,54,26,6,10,21,2025-26
7084,2026-03-25,Away,SAS,MEM,W,2.0,123,46,89,16,46,59,36,7,9,15,2025-26
7085,2026-03-25,Home,IND,LAL,L,2.0,130,48,86,16,39,34,35,7,2,18,2025-26
7086,2026-03-25,Home,UTA,WAS,L,2.0,110,45,96,7,29,40,34,11,8,15,2025-26
7087,2026-03-25,Away,OKC,BOS,L,2.0,109,38,80,12,37,35,17,7,3,7,2025-26
7088,2026-03-25,Home,MIN,HOU,W,3.0,110,45,108,13,37,49,27,11,12,17,2025-26
7089,2026-03-25,Away,CHI,PHI,L,2.0,137,48,98,15,47,48,30,3,3,14,2025-26
7090,2026-03-25,Away,BKN,GSW,L,2.0,106,39,81,12,33,27,24,17,2,17,2025-26
7091,2026-03-25,Away,MIL,POR,L,2.0,99,36,89,14,45,34,22,12,3,17,2025-26
7092,2026-03-25,Away,TOR,LAC,L,2.0,94,40,96,10,29,46,28,8,4,11,2025-26
7093,2026-03-25,Away,LAL,IND,W,2.0,137,50,89,9,23,39,30,15,4,14,2025-26
7094,2026-03-25,Away,WAS,UTA,W,3.0,133,52,94,13,32,56,27,12,4,19,2025-26
7095,2026-03-25,Home,DEN,DAL,W,1.0,142,50,89,19,38,45,36,1,1,9,2025-26
7096,2026-03-25,Home,BOS,OKC,W,3.0,119,38,81,18,41,43,25,5,4,13,2025-26
7097,2026-03-25,Home,POR,MIL,W,2.0,130,42,80,19,41,54,30,11,11,21,2025-26
7098,2026-03-25,Home,MEM,SAS,L,2.0,98,34,86,16,50,33,26,8,3,12,2025-26
7099,2026-03-25,Away,DAL,DEN,L,2.0,135,48,97,12,35,42,31,3,3,4,2025-26
7100,2026-03-25,Away,MIA,CLE,W,2.0,120,42,81,18,45,40,31,11,3,14,2025-26
7101,2026-03-25,Away,ATL,DET,W,2.0,130,50,105,18,52,50,31,8,1,20,2025-26
7102,2026-03-25,Home,GSW,BKN,W,2.0,109,36,68,9,27,43,21,11,3,26,2025-26
7103,2026-03-26,Away,SAC,ORL,L,2.0,117,45,88,14,33,35,30,7,3,11,2025-26
7104,2026-03-26,Home,CHA,NYK,W,2.0,114,41,78,16,41,43,28,5,4,18,2025-26
7105,2026-03-26,Home,DET,NOP,W,1.0,129,48,85,15,28,45,34,9,6,19,2025-26
7106,2026-03-26,Away,NOP,DET,L,2.0,108,44,95,9,25,42,26,12,7,15,2025-26
7107,2026-03-26,Home,ORL,SAC,W,2.0,121,40,74,13,27,36,22,2,2,12,2025-26
7108,2026-03-26,Away,NYK,CHA,L,2.0,103,42,82,11,29,24,26,8,2,10,2025-26
7109,2026-03-27,Home,GSW,WAS,W,2.0,131,44,85,19,44,43,32,5,3,12,2025-26
7110,2026-03-27,Home,IND,LAC,L,2.0,113,43,87,16,36,45,34,6,4,20,2025-26
7111,2026-03-27,Away,CHI,OKC,L,2.0,113,41,98,15,47,47,25,4,5,12,2025-26
7112,2026-03-27,Home,MEM,HOU,L,2.0,109,40,91,13,37,39,28,11,3,11,2025-26
7113,2026-03-27,Away,NOP,TOR,L,1.0,106,39,93,7,28,43,21,7,8,14,2025-26
7114,2026-03-27,Away,UTA,DEN,L,2.0,129,53,95,9,33,43,34,10,4,10,2025-26
7115,2026-03-27,Away,BKN,LAL,L,2.0,99,40,96,10,39,39,24,11,2,14,2025-26
7116,2026-03-27,Home,POR,DAL,L,2.0,93,31,79,8,30,48,16,8,7,25,2025-26
7117,2026-03-27,Home,OKC,CHI,W,2.0,131,47,101,14,45,58,29,9,9,10,2025-26
7118,2026-03-27,Away,MIA,CLE,L,2.0,128,40,91,15,46,45,25,5,4,13,2025-26
7119,2026-03-27,Home,CLE,MIA,W,2.0,149,52,97,19,41,46,38,9,1,10,2025-26
7120,2026-03-27,Away,HOU,MEM,W,2.0,119,44,93,12,33,57,30,9,7,14,2025-26
7121,2026-03-27,Home,DEN,UTA,W,2.0,135,45,95,19,48,50,34,5,4,15,2025-26
7122,2026-03-27,Away,ATL,BOS,L,2.0,102,34,87,15,42,35,23,6,4,4,2025-26
7123,2026-03-27,Home,TOR,NOP,W,2.0,119,48,93,10,28,46,36,8,8,14,2025-26
7124,2026-03-27,Away,WAS,GSW,L,2.0,126,50,95,18,42,38,29,5,3,11,2025-26
7125,2026-03-27,Away,DAL,POR,W,2.0,100,36,81,7,24,37,24,12,5,17,2025-26
7126,2026-03-27,Away,LAC,IND,W,2.0,114,41,96,13,34,46,20,12,4,12,2025-26
7127,2026-03-27,Home,BOS,ATL,W,2.0,109,38,81,14,35,52,26,0,4,16,2025-26
7128,2026-03-27,Home,LAL,BKN,W,2.0,116,38,70,11,25,48,18,9,9,15,2025-26
7129,2026-03-28,Away,PHI,CHA,W,3.0,118,40,82,16,34,41,19,7,5,9,2025-26
7130,2026-03-28,Home,MIL,SAS,L,3.0,95,38,87,14,46,37,22,9,5,19,2025-26
7131,2026-03-28,Home,CHA,PHI,L,2.0,114,36,96,17,55,53,18,4,1,9,2025-26
7132,2026-03-28,Away,DET,MIN,W,2.0,109,43,82,10,26,52,28,11,9,20,2025-26
7133,2026-03-28,Away,CHI,MEM,L,1.0,124,41,82,10,33,53,26,8,11,23,2025-26
7134,2026-03-28,Home,MEM,CHI,W,1.0,125,50,107,12,38,37,31,17,3,14,2025-26
7135,2026-03-28,Away,SAC,ATL,L,2.0,113,45,93,12,32,42,27,7,1,15,2025-26
7136,2026-03-28,Home,MIN,DET,L,3.0,87,27,85,9,43,38,18,8,4,15,2025-26
7137,2026-03-28,Away,UTA,PHX,L,1.0,109,43,92,10,23,42,30,8,4,14,2025-26
7138,2026-03-28,Home,PHX,UTA,W,4.0,134,52,104,17,53,60,29,8,6,13,2025-26
7139,2026-03-28,Home,ATL,SAC,W,1.0,123,45,89,16,41,40,34,10,3,13,2025-26
7140,2026-03-28,Away,SAS,MIL,W,3.0,127,49,89,14,35,41,35,13,2,11,2025-26
7141,2026-03-29,Away,GSW,DEN,L,2.0,93,35,83,14,42,41,29,9,2,15,2025-26
7142,2026-03-29,Away,MIA,IND,L,2.0,118,46,99,13,37,42,29,5,4,7,2025-26
7143,2026-03-29,Home,DEN,GSW,W,2.0,116,43,86,19,40,40,31,11,4,12,2025-26
7144,2026-03-29,Away,ORL,TOR,L,3.0,87,31,82,9,38,36,20,4,1,28,2025-26
7145,2026-03-29,Home,BKN,SAC,W,2.0,116,42,85,17,41,40,30,10,4,15,2025-26
7146,2026-03-29,Home,NOP,HOU,L,2.0,102,37,86,9,29,36,19,4,9,11,2025-26
7147,2026-03-29,Home,OKC,NYK,W,2.0,111,35,75,10,28,39,21,10,0,15,2025-26
7148,2026-03-29,Away,LAC,MIL,W,2.0,127,45,77,13,30,39,27,14,4,16,2025-26
7149,2026-03-29,Home,POR,WAS,W,2.0,123,44,86,12,36,49,24,8,10,14,2025-26
7150,2026-03-29,Home,CHA,BOS,L,1.0,99,36,83,12,43,37,19,2,1,12,2025-26
7151,2026-03-29,Away,WAS,POR,L,2.0,88,32,87,5,22,39,16,7,2,16,2025-26
7152,2026-03-29,Away,HOU,NOP,W,2.0,134,49,105,18,44,59,33,9,8,8,2025-26
7153,2026-03-29,Away,SAC,BKN,L,1.0,99,36,84,10,32,43,21,7,3,15,2025-26
7154,2026-03-29,Away,BOS,CHA,W,2.0,114,42,83,14,34,39,23,6,3,7,2025-26
7155,2026-03-29,Home,TOR,ORL,W,2.0,139,54,94,13,29,44,41,20,3,11,2025-26
7156,2026-03-29,Away,NYK,OKC,L,3.0,100,36,82,15,35,41,19,8,3,19,2025-26
7157,2026-03-29,Home,MIL,LAC,L,1.0,113,40,77,20,44,27,23,13,1,22,2025-26
7158,2026-03-29,Home,IND,MIA,W,2.0,135,53,92,18,39,42,36,3,5,12,2025-26
7159,2026-03-30,Home,UTA,CLE,L,2.0,113,42,88,15,29,40,32,9,3,15,2025-26
7160,2026-03-30,Home,OKC,DET,W,1.0,114,38,81,10,34,42,17,9,6,18,2025-26
7161,2026-03-30,Away,CLE,UTA,W,3.0,122,47,90,6,32,49,33,9,7,12,2025-26
7162,2026-03-30,Home,LAL,WAS,W,3.0,120,44,79,7,24,48,29,7,7,15,2025-26
7163,2026-03-30,Away,PHX,MEM,W,2.0,131,55,109,17,45,47,39,13,5,11,2025-26
7164,2026-03-30,Home,ATL,BOS,W,2.0,112,43,92,15,38,45,28,7,6,11,2025-26
7165,2026-03-30,Away,CHI,SAS,L,2.0,114,43,93,13,44,35,26,7,7,11,2025-26
7166,2026-03-30,Home,MIA,PHI,W,1.0,119,43,93,11,40,57,24,6,4,11,2025-26
7167,2026-03-30,Away,WAS,LAL,L,1.0,101,41,93,7,35,33,25,11,2,9,2025-26
7168,2026-03-30,Away,BOS,ATL,L,1.0,102,35,85,14,37,48,18,6,7,15,2025-26
7169,2026-03-30,Away,DET,OKC,L,2.0,110,41,97,16,43,46,30,12,8,16,2025-26
7170,2026-03-30,Home,MEM,PHX,L,2.0,105,38,75,11,30,33,26,5,5,23,2025-26
7171,2026-03-30,Home,SAS,CHI,W,2.0,129,49,96,14,34,55,31,8,4,12,2025-26
7172,2026-03-30,Away,MIN,DAL,W,2.0,124,51,96,14,31,51,33,8,6,11,2025-26
7173,2026-03-30,Away,PHI,MIA,L,2.0,109,40,96,12,38,42,26,3,5,10,2025-26
7174,2026-03-30,Home,DAL,MIN,L,3.0,94,31,89,7,29,53,21,6,3,15,2025-26
7175,2026-03-31,Away,DAL,MIL,L,1.0,99,34,96,10,36,50,18,12,4,14,2025-26
7176,2026-03-31,Away,NYK,HOU,L,2.0,94,36,85,10,34,41,22,5,2,11,2025-26
7177,2026-03-31,Home,LAL,CLE,W,1.0,127,45,83,13,31,37,26,9,4,12,2025-26
7178,2026-03-31,Home,BKN,CHA,L,2.0,86,28,73,7,35,30,14,7,5,16,2025-26
7179,2026-03-31,Away,TOR,DET,L,2.0,116,43,89,10,29,35,33,13,3,14,2025-26
7180,2026-03-31,Home,ORL,PHX,W,2.0,115,35,79,10,29,46,24,13,1,25,2025-26
7181,2026-03-31,Home,MIL,DAL,W,2.0,123,41,92,20,54,59,28,7,9,18,2025-26
7182,2026-03-31,Away,POR,LAC,W,2.0,114,41,91,15,45,48,22,8,4,17,2025-26
7183,2026-03-31,Away,CLE,LAL,L,1.0,113,43,87,13,39,35,26,5,2,14,2025-26
7184,2026-03-31,Home,LAC,POR,L,2.0,104,38,76,10,30,30,19,8,9,14,2025-26
7185,2026-03-31,Home,DET,TOR,W,1.0,127,44,73,13,23,34,33,7,5,21,2025-26
7186,2026-03-31,Away,PHX,ORL,L,1.0,111,35,88,14,46,41,24,9,4,20,2025-26
7187,2026-03-31,Away,CHA,BKN,W,2.0,117,41,87,12,39,47,28,7,4,13,2025-26
7188,2026-03-31,Home,HOU,NYK,W,2.0,111,42,78,15,35,38,35,6,6,10,2025-26
7189,2026-04-01,Away,BOS,MIA,W,2.0,147,56,96,21,44,48,34,5,8,9,2025-26
7190,2026-04-01,Away,DEN,UTA,W,3.0,130,44,91,16,39,53,30,9,4,14,2025-26
7191,2026-04-01,Home,ORL,ATL,L,1.0,101,35,88,6,32,37,29,7,5,19,2025-26
7192,2026-04-01,Home,MIA,BOS,L,2.0,129,44,95,24,47,37,27,5,4,9,2025-26
7193,2026-04-01,Away,SAC,TOR,W,3.0,123,42,92,12,33,48,24,7,3,14,2025-26
7194,2026-04-01,Home,WAS,PHI,L,2.0,131,50,96,16,40,32,32,4,3,12,2025-26
7195,2026-04-01,Away,IND,CHI,W,3.0,145,58,102,20,48,41,49,14,5,14,2025-26
7196,2026-04-01,Away,PHI,WAS,W,2.0,153,61,99,17,35,41,37,9,2,11,2025-26
7197,2026-04-01,Home,TOR,SAC,L,1.0,115,42,77,9,23,32,33,9,5,11,2025-26
7198,2026-04-01,Home,GSW,SAS,L,3.0,113,42,86,14,35,39,29,6,3,15,2025-26
7199,2026-04-01,Home,HOU,MIL,W,1.0,119,41,87,18,42,42,30,7,4,8,2025-26
7200,2026-04-01,Away,MIL,HOU,L,1.0,113,42,89,17,40,45,21,3,1,15,2025-26
7201,2026-04-01,Away,SAS,GSW,W,2.0,127,44,93,15,47,48,34,8,6,15,2025-26
7202,2026-04-01,Away,ATL,ORL,W,2.0,130,47,92,15,37,51,27,15,6,17,2025-26
7203,2026-04-01,Home,CHI,IND,L,2.0,126,47,97,13,39,46,22,6,4,20,2025-26
7204,2026-04-01,Away,NYK,MEM,W,1.0,130,48,87,13,32,49,36,7,6,19,2025-26
7205,2026-04-01,Home,MEM,NYK,L,2.0,119,39,76,16,36,20,27,10,4,14,2025-26
7206,2026-04-01,Home,UTA,DEN,L,2.0,117,44,95,12,37,44,32,7,4,12,2025-26
7207,2026-04-02,Home,LAC,SAS,L,2.0,99,40,93,5,27,38,20,8,3,10,2025-26
7208,2026-04-02,Away,PHX,CHA,L,2.0,107,42,91,16,39,31,22,4,5,12,2025-26
7209,2026-04-02,Away,SAS,LAC,W,1.0,118,47,88,12,31,48,30,7,2,16,2025-26
7210,2026-04-02,Away,CLE,GSW,W,2.0,118,42,82,16,36,46,28,7,1,15,2025-26
7211,2026-04-02,Home,GSW,CLE,L,1.0,111,41,94,12,44,46,25,11,5,12,2025-26
7212,2026-04-02,Away,MIN,DET,L,3.0,108,38,86,13,42,40,22,8,8,14,2025-26
7213,2026-04-02,Home,POR,NOP,W,2.0,118,42,92,20,51,45,27,11,7,16,2025-26
7214,2026-04-02,Home,CHA,PHX,W,2.0,127,48,93,18,49,47,27,7,4,13,2025-26
7215,2026-04-02,Home,DET,MIN,W,2.0,113,41,86,10,23,48,29,7,7,15,2025-26
7216,2026-04-02,Away,LAL,OKC,L,2.0,96,34,79,7,30,38,20,8,5,18,2025-26
7217,2026-04-02,Away,NOP,POR,L,4.0,106,38,84,9,23,44,25,9,5,19,2025-26
7218,2026-04-02,Home,OKC,LAL,W,3.0,139,55,102,19,42,50,32,12,5,10,2025-26
7219,2026-04-03,Home,MEM,TOR,L,2.0,96,34,85,11,42,38,14,6,3,20,2025-26
7220,2026-04-03,Home,PHI,MIN,W,2.0,115,41,82,9,26,53,27,7,12,16,2025-26
7221,2026-04-03,Home,NYK,CHI,W,2.0,136,48,91,15,39,54,30,11,3,9,2025-26
7222,2026-04-03,Away,BOS,MIL,W,2.0,133,50,89,17,37,48,33,7,4,9,2025-26
7223,2026-04-03,Away,IND,CHA,L,2.0,108,43,93,15,36,45,29,5,1,12,2025-26
7224,2026-04-03,Away,UTA,HOU,L,2.0,106,43,96,5,27,45,22,7,4,13,2025-26
7225,2026-04-03,Home,BKN,ATL,L,3.0,107,39,79,12,28,33,24,10,4,20,2025-26
7226,2026-04-03,Away,NOP,SAC,L,1.0,113,40,84,14,34,36,24,12,3,13,2025-26
7227,2026-04-03,Home,DAL,ORL,L,3.0,127,44,95,14,42,41,25,9,5,13,2025-26
7228,2026-04-03,Home,CHA,IND,W,1.0,129,46,96,24,49,48,31,8,7,10,2025-26
7229,2026-04-03,Away,ATL,BKN,W,2.0,141,51,90,20,39,41,36,11,9,13,2025-26
7230,2026-04-03,Home,HOU,UTA,W,2.0,140,51,92,15,32,46,30,8,5,11,2025-26
7231,2026-04-03,Away,TOR,MEM,W,2.0,128,44,84,9,24,51,31,10,6,16,2025-26
7232,2026-04-03,Home,MIL,BOS,L,2.0,101,35,83,21,47,30,24,5,4,13,2025-26
7233,2026-04-03,Away,CHI,NYK,L,2.0,96,35,81,11,35,36,24,4,2,16,2025-26
7234,2026-04-03,Away,ORL,DAL,W,2.0,138,47,84,14,26,43,35,10,1,17,2025-26
7235,2026-04-03,Home,SAC,NOP,W,2.0,117,46,90,10,33,46,29,7,6,15,2025-26
7236,2026-04-03,Away,MIN,PHI,L,1.0,103,38,101,14,43,43,21,8,4,12,2025-26
7237,2026-04-04,Away,SAS,DEN,L,2.0,134,47,101,15,45,50,29,5,6,11,2025-26
7238,2026-04-04,Home,MIA,WAS,W,3.0,152,54,93,17,39,49,42,6,11,15,2025-26
7239,2026-04-04,Away,WAS,MIA,L,3.0,136,50,106,17,40,44,28,12,5,9,2025-26
7240,2026-04-04,Home,PHI,DET,L,1.0,93,35,79,8,29,33,17,8,2,15,2025-26
7241,2026-04-04,Away,DET,PHI,W,2.0,116,43,87,11,28,45,33,12,4,12,2025-26
7242,2026-04-04,Home,DEN,SAS,W,3.0,136,49,101,19,46,44,34,5,6,6,2025-26
7243,2026-04-05,Home,MIN,CHA,L,2.0,108,38,83,14,38,39,24,8,4,18,2025-26
7244,2026-04-05,Home,NOP,ORL,L,2.0,108,35,84,10,31,47,18,7,8,15,2025-26
7245,2026-04-05,Home,MIL,MEM,W,2.0,131,50,83,16,32,44,30,11,5,20,2025-26
7246,2026-04-05,Home,BKN,WAS,W,2.0,121,43,88,15,40,35,29,11,9,11,2025-26
7247,2026-04-05,Home,OKC,UTA,W,3.0,146,54,92,24,45,46,40,8,8,16,2025-26
7248,2026-04-05,Away,UTA,OKC,L,2.0,111,43,100,14,39,43,29,11,3,16,2025-26
7249,2026-04-05,Away,LAC,SAC,W,3.0,138,49,92,20,41,37,30,15,1,15,2025-26
7250,2026-04-05,Away,HOU,GSW,W,2.0,117,44,80,13,29,38,30,4,7,14,2025-26
7251,2026-04-05,Away,TOR,BOS,L,2.0,101,40,84,8,20,31,31,6,4,15,2025-26
7252,2026-04-05,Away,PHX,CHI,W,3.0,120,45,89,13,32,41,22,10,6,16,2025-26
7253,2026-04-05,Home,GSW,HOU,L,3.0,116,42,84,14,40,31,34,7,3,10,2025-26
7254,2026-04-05,Home,SAC,LAC,L,2.0,109,45,85,9,32,42,25,9,8,20,2025-26
7255,2026-04-05,Away,IND,CLE,L,2.0,108,33,86,17,44,43,28,7,1,10,2025-26
7256,2026-04-05,Away,ORL,NOP,W,2.0,112,40,93,7,33,57,27,6,5,13,2025-26
7257,2026-04-05,Home,CHI,PHX,L,2.0,110,41,91,10,39,46,26,10,2,19,2025-26
7258,2026-04-05,Away,WAS,BKN,L,1.0,115,44,79,9,25,41,20,9,3,23,2025-26
7259,2026-04-05,Home,CLE,IND,W,3.0,117,43,92,16,47,46,26,8,6,10,2025-26
7260,2026-04-05,Away,LAL,DAL,L,3.0,128,47,91,8,27,49,36,6,1,12,2025-26
7261,2026-04-05,Home,BOS,TOR,W,2.0,115,47,88,8,28,44,25,10,3,18,2025-26
7262,2026-04-05,Away,MEM,MIL,L,2.0,115,38,92,17,46,38,25,13,1,14,2025-26
7263,2026-04-05,Away,CHA,MIN,W,2.0,122,45,92,19,45,46,31,8,2,15,2025-26
7264,2026-04-05,Home,DAL,LAL,W,2.0,134,46,88,14,32,38,27,11,5,7,2025-26
7265,2026-04-06,Home,MEM,CLE,L,1.0,126,45,94,29,59,31,32,7,4,13,2025-26
7266,2026-04-06,Away,NYK,ATL,W,3.0,108,42,84,11,33,47,29,9,7,17,2025-26
7267,2026-04-06,Away,POR,DEN,L,4.0,132,42,89,25,52,39,29,8,5,18,2025-26
7268,2026-04-06,Home,ORL,DET,W,1.0,123,41,81,11,26,35,28,16,9,15,2025-26
7269,2026-04-06,Away,PHI,SAS,L,2.0,102,34,88,10,31,48,17,7,5,12,2025-26
7270,2026-04-06,Away,CLE,MEM,W,1.0,142,52,89,12,32,48,36,12,5,13,2025-26
7271,2026-04-06,Home,SAS,PHI,W,2.0,115,44,89,11,32,47,31,8,5,11,2025-26
7272,2026-04-06,Home,ATL,NYK,L,3.0,105,38,95,16,42,48,23,7,4,15,2025-26
7273,2026-04-06,Home,DEN,POR,W,2.0,137,52,101,12,38,45,37,10,5,12,2025-26
7274,2026-04-06,Away,DET,ORL,L,2.0,107,42,85,10,30,35,32,10,7,21,2025-26
7275,2026-04-07,Away,MIL,BKN,L,2.0,90,35,81,15,45,44,25,6,7,20,2025-26
7276,2026-04-07,Away,CHA,BOS,L,2.0,102,38,88,16,49,40,24,5,3,13,2025-26
7277,2026-04-07,Away,MIN,IND,W,2.0,124,46,89,17,41,39,27,16,4,20,2025-26
7278,2026-04-07,Away,DAL,LAC,L,2.0,103,35,100,6,33,54,18,9,7,9,2025-26
7279,2026-04-07,Away,HOU,PHX,W,2.0,119,45,100,14,38,55,26,8,3,19,2025-26
7280,2026-04-07,Home,IND,MIN,L,2.0,104,35,73,9,26,34,24,11,1,23,2025-26
7281,2026-04-07,Away,UTA,NOP,L,2.0,137,53,104,10,32,41,38,12,1,16,2025-26
7282,2026-04-07,Home,TOR,MIA,W,2.0,121,49,99,12,28,56,34,9,5,12,2025-26
7283,2026-04-07,Home,LAC,DAL,W,2.0,116,41,92,14,37,56,23,6,9,15,2025-26
7284,2026-04-07,Home,LAL,OKC,L,2.0,87,32,73,9,26,38,26,7,3,17,2025-26
7285,2026-04-07,Away,OKC,LAL,W,2.0,123,45,89,21,41,46,29,15,2,12,2025-26
7286,2026-04-07,Home,PHX,HOU,L,2.0,105,32,75,7,31,34,15,10,7,19,2025-26
7287,2026-04-07,Away,SAC,GSW,L,2.0,105,41,87,11,31,41,22,9,6,15,2025-26
7288,2026-04-07,Home,GSW,SAC,W,2.0,110,37,82,17,38,39,27,10,5,17,2025-26
7289,2026-04-07,Home,BKN,MIL,W,2.0,96,33,75,9,26,32,18,11,4,14,2025-26
7290,2026-04-07,Home,WAS,CHI,L,2.0,98,37,86,11,38,46,22,8,7,22,2025-26
7291,2026-04-07,Home,BOS,CHA,W,2.0,113,43,87,17,42,45,22,6,2,14,2025-26
7292,2026-04-07,Home,NOP,UTA,W,2.0,156,61,106,14,34,48,32,15,5,17,2025-26
7293,2026-04-07,Away,MIA,TOR,L,3.0,95,33,91,12,44,44,26,3,3,15,2025-26
7294,2026-04-07,Away,CHI,WAS,W,2.0,129,46,94,15,45,52,35,14,7,13,2025-26
7295,2026-04-08,Away,MEM,DEN,L,2.0,119,42,92,19,50,38,24,5,1,6,2025-26
7296,2026-04-08,Away,POR,SAS,L,2.0,101,42,93,12,37,43,26,9,5,16,2025-26
7297,2026-04-08,Home,PHX,DAL,W,1.0,112,42,91,14,35,46,20,5,8,10,2025-26
7298,2026-04-08,Home,DET,MIL,W,2.0,137,48,84,14,30,46,38,9,10,12,2025-26
7299,2026-04-08,Away,ATL,CLE,L,2.0,116,47,98,12,34,43,23,8,6,13,2025-26
7300,2026-04-08,Away,MIL,DET,L,1.0,111,36,86,17,50,32,26,5,4,16,2025-26
7301,2026-04-08,Home,SAS,POR,W,2.0,112,43,88,11,29,45,28,13,6,17,2025-26
7302,2026-04-08,Home,CLE,ATL,W,2.0,122,41,88,12,33,47,22,6,6,11,2025-26
7303,2026-04-08,Home,DEN,MEM,W,2.0,136,53,90,14,36,52,31,6,5,12,2025-26
7304,2026-04-08,Away,MIN,ORL,L,1.0,120,45,90,18,44,33,22,10,7,16,2025-26
7305,2026-04-08,Home,LAC,OKC,L,1.0,110,40,86,14,32,36,27,9,3,13,2025-26
7306,2026-04-08,Home,ORL,MIN,W,2.0,132,51,95,12,29,48,33,5,5,17,2025-26
7307,2026-04-08,Away,DAL,PHX,L,1.0,107,37,89,13,36,43,27,4,5,12,2025-26
7308,2026-04-08,Away,OKC,LAC,W,1.0,128,48,83,13,34,44,30,9,7,13,2025-26
7309,2026-04-09,Home,HOU,PHI,W,2.0,113,42,93,11,32,53,21,12,1,15,2025-26
7310,2026-04-09,Away,BOS,NYK,L,2.0,106,38,84,16,43,42,23,4,1,11,2025-26
7311,2026-04-09,Home,WAS,CHI,L,2.0,108,38,96,10,38,52,24,12,8,19,2025-26
7312,2026-04-09,Home,BKN,IND,L,2.0,94,37,96,8,38,43,20,2,5,10,2025-26
7313,2026-04-09,Home,GSW,LAL,L,2.0,103,41,81,9,30,38,24,8,2,19,2025-26
7314,2026-04-09,Home,TOR,MIA,W,2.0,128,44,86,13,30,40,24,9,2,6,2025-26
7315,2026-04-09,Away,LAL,GSW,W,2.0,119,49,80,16,29,33,37,14,3,19,2025-26
7316,2026-04-09,Home,NYK,BOS,W,3.0,112,43,80,15,35,30,29,9,2,7,2025-26
7317,2026-04-09,Away,MIA,TOR,L,2.0,114,46,82,14,35,34,35,1,3,15,2025-26
7318,2026-04-09,Away,IND,BKN,W,2.0,123,51,98,8,31,66,43,4,5,12,2025-26
7319,2026-04-09,Away,CHI,WAS,W,2.0,119,43,93,9,30,51,26,12,4,16,2025-26
7320,2026-04-09,Away,PHI,HOU,L,3.0,102,38,85,11,32,47,21,10,6,16,2025-26
7321,2026-04-10,Home,POR,LAC,W,2.0,116,37,83,12,39,46,23,12,7,15,2025-26
7322,2026-04-10,Home,SAC,GSW,W,3.0,124,41,89,17,44,49,25,10,6,16,2025-26
7323,2026-04-10,Away,DET,CHA,W,2.0,118,45,89,9,27,49,29,13,8,15,2025-26
7324,2026-04-10,Away,MIN,HOU,W,2.0,136,51,89,15,30,25,27,7,7,8,2025-26
7325,2026-04-10,Away,CLE,ATL,L,2.0,102,39,86,7,27,40,25,8,6,19,2025-26
7326,2026-04-10,Home,DEN,OKC,W,2.0,127,47,93,21,43,49,28,10,7,17,2025-26
7327,2026-04-10,Away,DAL,SAS,L,2.0,120,45,98,15,40,35,26,7,6,7,2025-26
7328,2026-04-10,Home,HOU,MIN,L,1.0,132,53,87,4,19,39,29,4,8,13,2025-26
7329,2026-04-10,Away,GSW,SAC,L,1.0,118,39,81,14,36,36,30,12,4,16,2025-26
7330,2026-04-10,Away,MEM,UTA,L,2.0,101,41,109,11,52,47,27,10,2,20,2025-26
7331,2026-04-10,Home,WAS,MIA,L,1.0,117,46,92,14,31,27,26,11,2,14,2025-26
7332,2026-04-10,Home,BOS,NOP,W,1.0,144,52,96,29,59,44,35,9,5,14,2025-26
7333,2026-04-10,Away,OKC,DEN,L,2.0,107,42,99,14,44,46,25,11,1,13,2025-26
7334,2026-04-10,Away,BKN,MIL,L,1.0,108,38,84,18,45,37,28,7,2,11,2025-26
7335,2026-04-10,Away,ORL,CHI,W,2.0,127,49,94,13,37,47,33,12,6,15,2025-26
7336,2026-04-10,Away,TOR,NYK,L,1.0,95,36,73,10,25,32,24,7,0,18,2025-26
7337,2026-04-10,Home,LAL,PHX,W,1.0,101,35,69,8,20,35,27,17,3,11,2025-26
7338,2026-04-10,Away,LAC,POR,L,2.0,97,36,83,13,40,35,17,6,3,17,2025-26
7339,2026-04-10,Away,MIA,WAS,W,1.0,140,49,82,20,37,40,37,8,1,19,2025-26
7340,2026-04-10,Home,CHA,DET,L,3.0,100,34,88,13,47,41,16,10,8,16,2025-26
7341,2026-04-10,Away,PHI,IND,W,1.0,105,42,104,5,29,58,17,13,2,8,2025-26
7342,2026-04-10,Home,IND,PHI,L,1.0,94,33,88,14,50,52,25,6,8,21,2025-26
7343,2026-04-10,Home,UTA,MEM,W,3.0,147,62,110,15,35,64,43,16,5,16,2025-26
7344,2026-04-10,Home,CHI,ORL,L,1.0,103,38,87,10,39,42,25,10,5,20,2025-26
7345,2026-04-10,Home,SAS,DAL,W,2.0,139,50,92,13,32,48,30,4,6,11,2025-26
7346,2026-04-10,Home,MIL,BKN,W,2.0,125,45,81,24,48,44,36,5,7,17,2025-26
7347,2026-04-10,Home,NYK,TOR,W,1.0,112,41,75,8,31,37,24,10,0,12,2025-26
7348,2026-04-10,Away,PHX,LAL,L,2.0,73,26,77,7,40,47,17,8,1,23,2025-26
7349,2026-04-10,Home,ATL,CLE,W,2.0,124,45,93,16,44,46,27,12,4,13,2025-26
7350,2026-04-10,Away,NOP,BOS,L,3.0,118,44,96,9,32,44,22,6,3,13,2025-26
7351,2026-04-12,Away,MEM,HOU,L,2.0,101,39,95,13,49,37,23,8,6,13,2025-26
7352,2026-04-12,Home,TOR,BKN,W,2.0,136,51,80,12,27,43,36,9,8,10,2025-26
7353,2026-04-12,Away,ATL,MIA,L,2.0,117,44,93,17,44,46,31,3,2,17,2025-26
7354,2026-04-12,Away,BKN,TOR,L,2.0,101,35,86,9,34,38,21,9,0,16,2025-26
7355,2026-04-12,Home,BOS,ORL,W,2.0,113,36,87,19,50,46,24,10,6,17,2025-26
7356,2026-04-12,Away,CHA,NYK,W,2.0,110,39,85,19,52,46,27,7,7,18,2025-26
7357,2026-04-12,Away,CHI,DAL,L,2.0,128,52,106,10,38,42,30,12,3,13,2025-26
7358,2026-04-12,Home,CLE,WAS,W,2.0,130,48,89,18,43,53,31,8,4,20,2025-26
7359,2026-04-12,Home,DAL,CHI,W,2.0,149,52,100,22,49,57,35,10,5,18,2025-26
7360,2026-04-12,Away,DEN,SAS,W,2.0,128,50,100,11,30,58,30,4,5,12,2025-26
7361,2026-04-12,Away,DET,IND,W,2.0,133,50,89,15,33,48,35,12,6,18,2025-26
7362,2026-04-12,Away,GSW,LAC,L,2.0,110,36,86,11,39,47,24,3,3,10,2025-26
7363,2026-04-12,Home,HOU,MEM,W,2.0,132,48,105,14,49,64,23,10,8,11,2025-26
7364,2026-04-12,Home,IND,DET,L,2.0,121,41,90,23,54,31,31,15,6,16,2025-26
7365,2026-04-12,Away,UTA,LAL,L,2.0,107,41,94,7,34,42,25,13,4,16,2025-26
7366,2026-04-12,Home,LAC,GSW,W,2.0,115,42,89,14,39,44,27,3,4,10,2025-26
7367,2026-04-12,Home,MIA,ATL,W,2.0,143,58,103,15,37,45,34,11,3,7,2025-26
7368,2026-04-12,Away,MIL,PHI,L,2.0,106,39,90,13,47,45,26,8,2,19,2025-26
7369,2026-04-12,Home,MIN,NOP,W,2.0,132,45,89,10,37,47,32,5,13,11,2025-26
7370,2026-04-12,Away,NOP,MIN,L,2.0,126,45,107,5,21,52,20,9,6,9,2025-26
7371,2026-04-12,Home,NYK,CHA,L,2.0,96,39,90,13,40,39,25,10,3,11,2025-26
7372,2026-04-12,Home,OKC,PHX,L,2.0,103,41,95,18,46,36,32,9,7,10,2025-26
7373,2026-04-12,Away,ORL,BOS,L,2.0,108,36,91,12,43,50,22,6,5,19,2025-26
7374,2026-04-12,Home,PHI,MIL,W,2.0,126,47,91,16,41,45,28,13,2,14,2025-26
7375,2026-04-12,Away,PHX,OKC,W,2.0,135,56,101,20,41,54,28,5,8,13,2025-26
7376,2026-04-12,Home,POR,SAC,W,2.0,122,47,101,16,46,46,28,9,3,12,2025-26
7377,2026-04-12,Away,SAC,POR,L,2.0,110,40,83,7,21,47,24,7,8,17,2025-26
7378,2026-04-12,Home,SAS,DEN,L,2.0,118,45,99,15,47,45,27,5,5,9,2025-26
7379,2026-04-12,Home,LAL,UTA,W,2.0,131,51,93,15,34,49,37,12,6,17,2025-26
7380,2026-04-12,Away,WAS,CLE,L,2.0,117,42,90,18,41,30,29,10,2,13,2025-26